transaction_id,customer_id,store_id,transaction_date,total_amount,payment_type
TXN_000001,CUST_0122,STR_014,2025-03-02,538.38,Credit Card
TXN_000002,CUST_0113,STR_007,2025-04-09,442.8,Debit Card
TXN_000003,CUST_0169,STR_005,2025-08-27,790.36,Debit Card
TXN_000004,CUST_0488,STR_011,2025-07-23,524.05,Digital Wallet
TXN_000005,CUST_0290,STR_003,2025-11-05,1235.31,Credit Card
TXN_000006,CUST_0047,STR_009,2025-12-19,1547.04,Credit Card
TXN_000007,CUST_0028,STR_011,2025-08-22,188.75,Credit Card
TXN_000008,CUST_0323,STR_019,2025-08-09,590.06,Credit Card
TXN_000009,CUST_0079,STR_005,2025-06-12,1644.14,Debit Card
TXN_000010,CUST_0242,STR_015,2025-08-02,2844.66,Credit Card
TXN_000011,CUST_0238,STR_003,2025-05-08,466.1,Credit Card
TXN_000012,CUST_0337,STR_004,2025-07-24,955.08,Credit Card
TXN_000013,CUST_0164,STR_013,2025-10-26,642.85,Credit Card
TXN_000014,CUST_0059,STR_016,2025-03-14,978.98,Debit Card
TXN_000015,CUST_0296,STR_016,2025-11-20,286.73,Digital Wallet
TXN_000016,CUST_0375,STR_009,2025-04-04,101.11,Credit Card
TXN_000017,CUST_0436,STR_015,2025-06-29,533.72,Credit Card
TXN_000018,CUST_0361,STR_010,2025-11-29,1264.73,Credit Card
TXN_000019,CUST_0424,STR_013,2025-10-15,960.09,Cash
TXN_000020,CUST_0309,STR_016,2025-02-15,773.39,Credit Card
TXN_000021,CUST_0254,STR_005,2025-04-05,1684.1,Credit Card
TXN_000022,CUST_0495,STR_005,2025-05-14,170.86,Digital Wallet
TXN_000023,CUST_0343,STR_015,2025-05-26,297.46,Credit Card
TXN_000024,CUST_0143,STR_003,2025-09-29,920.22,Debit Card
TXN_000025,CUST_0192,STR_011,2025-12-03,210.24,Credit Card
TXN_000026,CUST_0314,STR_003,2025-12-06,7292.91,Digital Wallet
TXN_000027,CUST_0413,STR_019,2025-05-06,550.0,Credit Card
TXN_000028,CUST_0097,STR_009,2025-02-03,1544.0,Credit Card
TXN_000029,CUST_0234,STR_003,2025-12-04,3172.28,Credit Card
TXN_000030,CUST_0377,STR_011,2025-05-29,960.37,Debit Card
TXN_000031,CUST_0402,STR_014,2025-09-03,1122.94,Credit Card
TXN_000032,CUST_0104,STR_016,2025-03-09,1261.21,Digital Wallet
TXN_000033,CUST_0214,STR_017,2025-07-14,1050.33,Credit Card
TXN_000034,CUST_0127,STR_013,2025-06-02,1157.9,Credit Card
TXN_000035,CUST_0494,STR_008,2025-07-20,1585.95,Cash
TXN_000036,CUST_0439,STR_003,2025-04-17,75.81,Credit Card
TXN_000037,CUST_0053,STR_015,2025-08-14,862.22,Credit Card
TXN_000038,CUST_0327,STR_009,2025-12-08,150.0,Digital Wallet
TXN_000039,CUST_0161,STR_005,2025-01-26,738.02,Digital Wallet
TXN_000040,CUST_0208,STR_011,2025-08-19,529.62,Debit Card
TXN_000041,CUST_0275,STR_005,2025-10-08,632.48,Credit Card
TXN_000042,CUST_0497,STR_019,2025-07-11,2497.87,Credit Card
TXN_000043,CUST_0371,STR_003,2025-11-09,112.35,Credit Card
TXN_000044,CUST_0066,STR_009,2025-06-02,96.25,Debit Card
TXN_000045,CUST_0151,STR_013,2025-11-02,70.0,Digital Wallet
TXN_000046,CUST_0240,STR_011,2025-03-24,184.8,Credit Card
TXN_000047,CUST_0369,STR_017,2025-08-09,1550.13,Debit Card
TXN_000048,CUST_0494,STR_017,2025-10-16,347.1,Cash
TXN_000049,CUST_0175,STR_002,2025-07-09,1480.04,Debit Card
TXN_000050,CUST_0313,STR_005,2025-04-23,1847.17,Credit Card
TXN_000051,CUST_0079,STR_008,2025-05-05,1546.11,Debit Card
TXN_000052,CUST_0295,STR_010,2025-02-23,530.4,Credit Card
TXN_000053,CUST_0164,STR_004,2025-01-14,546.47,Debit Card
TXN_000054,CUST_0330,STR_014,2025-01-08,1528.95,Credit Card
TXN_000055,CUST_0401,STR_014,2025-08-16,559.06,Digital Wallet
TXN_000056,CUST_0272,STR_016,2025-01-08,1539.08,Digital Wallet
TXN_000057,CUST_0476,STR_004,2025-11-24,64.17,Cash
TXN_000058,CUST_0469,STR_001,2025-12-31,1757.51,Credit Card
TXN_000059,CUST_0103,STR_010,2025-12-15,713.96,Credit Card
TXN_000060,CUST_0043,STR_018,2025-05-11,362.7,Debit Card
TXN_000061,CUST_0104,STR_018,2025-02-23,1123.46,Digital Wallet
TXN_000062,CUST_0044,STR_016,2025-05-22,1622.14,Debit Card
TXN_000063,CUST_0326,STR_017,2025-08-09,441.64,Debit Card
TXN_000064,CUST_0169,STR_003,2025-09-25,553.02,Debit Card
TXN_000065,CUST_0272,STR_004,2025-12-31,701.76,Credit Card
TXN_000066,CUST_0438,STR_001,2025-11-14,1380.79,Credit Card
TXN_000067,CUST_0391,STR_015,2025-08-21,526.62,Digital Wallet
TXN_000068,CUST_0356,STR_005,2025-05-22,4312.61,Credit Card
TXN_000069,CUST_0450,STR_006,2025-07-19,725.4,Debit Card
TXN_000070,CUST_0262,STR_011,2025-08-09,1678.42,Credit Card
TXN_000071,CUST_0175,STR_011,2025-10-08,1632.66,Credit Card
TXN_000072,CUST_0329,STR_004,2025-04-03,2236.3,Debit Card
TXN_000073,CUST_0398,STR_016,2025-11-05,1171.39,Credit Card
TXN_000074,CUST_0206,STR_013,2025-01-28,106.73,Credit Card
TXN_000075,CUST_0413,STR_017,2025-09-19,6029.12,Debit Card
TXN_000076,CUST_0401,STR_002,2025-02-18,948.77,Debit Card
TXN_000077,CUST_0467,STR_006,2025-02-04,567.62,Credit Card
TXN_000078,CUST_0351,STR_008,2025-09-13,1692.98,Credit Card
TXN_000079,CUST_0020,STR_014,2025-03-29,604.08,Debit Card
TXN_000080,CUST_0113,STR_013,2025-11-30,422.1,Credit Card
TXN_000081,CUST_0293,STR_004,2025-06-15,805.83,Credit Card
TXN_000082,CUST_0194,STR_016,2025-10-01,486.11,Credit Card
TXN_000083,CUST_0055,STR_012,2025-05-16,466.1,Credit Card
TXN_000084,CUST_0115,STR_013,2025-04-30,1749.51,Credit Card
TXN_000085,CUST_0439,STR_014,2025-01-16,186.6,Debit Card
TXN_000086,CUST_0057,STR_016,2025-05-09,1218.33,Credit Card
TXN_000087,CUST_0305,STR_013,2025-02-01,651.33,Digital Wallet
TXN_000088,CUST_0453,STR_017,2025-09-11,170.86,Credit Card
TXN_000089,CUST_0385,STR_011,2025-04-24,632.48,Credit Card
TXN_000090,CUST_0194,STR_003,2025-09-19,1651.86,Credit Card
TXN_000091,CUST_0088,STR_008,2025-09-09,796.0,Credit Card
TXN_000092,CUST_0234,STR_013,2025-05-15,1175.39,Cash
TXN_000093,CUST_0474,STR_020,2025-05-21,1604.24,Credit Card
TXN_000094,CUST_0066,STR_006,2025-11-26,2353.9,Credit Card
TXN_000095,CUST_0321,STR_003,2025-04-18,710.96,Credit Card
TXN_000096,CUST_0018,STR_006,2025-08-29,3498.04,Digital Wallet
TXN_000097,CUST_0099,STR_008,2025-10-26,177.45,Credit Card
TXN_000098,CUST_0028,STR_020,2025-06-04,419.44,Credit Card
TXN_000099,CUST_0296,STR_006,2025-10-09,916.09,Credit Card
TXN_000100,CUST_0157,STR_002,2025-09-24,486.6,Debit Card
TXN_000101,CUST_0440,STR_009,2025-03-10,627.29,Credit Card
TXN_000102,CUST_0390,STR_013,2025-07-20,1330.37,Debit Card
TXN_000103,CUST_0472,STR_017,2025-01-27,503.05,Credit Card
TXN_000104,CUST_0339,STR_006,2025-04-14,896.4,Digital Wallet
TXN_000105,CUST_0452,STR_009,2025-01-25,2471.0,Digital Wallet
TXN_000106,CUST_0486,STR_004,2025-09-17,42839.37,Credit Card
TXN_000107,CUST_0442,STR_004,2025-11-30,1290.61,Debit Card
TXN_000108,CUST_0034,STR_017,2025-01-05,546.58,Debit Card
TXN_000109,CUST_0259,STR_010,2025-11-27,529.32,Debit Card
TXN_000110,CUST_0338,STR_002,2025-10-03,2436.08,Credit Card
TXN_000111,CUST_0373,STR_011,2025-08-20,255.0,Digital Wallet
TXN_000112,CUST_0495,STR_011,2025-05-12,60837.89,Credit Card
TXN_000113,CUST_0215,STR_013,2025-10-24,2294.76,Credit Card
TXN_000114,CUST_0164,STR_005,2025-03-12,987.08,Digital Wallet
TXN_000115,CUST_0369,STR_005,2025-09-28,1311.89,Digital Wallet
TXN_000116,CUST_0489,STR_001,2025-07-24,224.7,Cash
TXN_000117,CUST_0436,STR_001,2025-12-05,476.25,Credit Card
TXN_000118,CUST_0159,STR_020,2025-08-01,64805.44,Debit Card
TXN_000119,CUST_0412,STR_010,2025-12-06,2657.9,Credit Card
TXN_000120,CUST_0111,STR_012,2025-07-11,98.06,Digital Wallet
TXN_000121,CUST_0067,STR_002,2025-01-12,430.92,Credit Card
TXN_000122,CUST_0298,STR_001,2025-12-07,1309.75,Cash
TXN_000123,CUST_0275,STR_001,2025-03-08,752.27,Debit Card
TXN_000124,CUST_0227,STR_020,2025-03-15,524.05,Debit Card
TXN_000125,CUST_0391,STR_019,2025-12-19,106.73,Credit Card
TXN_000126,CUST_0463,STR_019,2025-02-05,276.94,Credit Card
TXN_000127,CUST_0182,STR_008,2025-05-23,1546.23,Credit Card
TXN_000128,CUST_0290,STR_006,2025-03-24,1028.39,Credit Card
TXN_000129,CUST_0288,STR_007,2025-08-10,1205.0,Debit Card
TXN_000130,CUST_0362,STR_017,2025-08-09,72.02,Debit Card
TXN_000131,CUST_0257,STR_015,2025-01-21,951.3,Debit Card
TXN_000132,CUST_0247,STR_014,2025-01-31,383.49,Credit Card
TXN_000133,CUST_0205,STR_004,2025-05-03,1709.89,Credit Card
TXN_000134,CUST_0082,STR_002,2025-02-13,1319.74,Credit Card
TXN_000135,CUST_0349,STR_003,2025-01-14,222.34,Credit Card
TXN_000136,CUST_0294,STR_015,2025-11-25,847.7,Debit Card
TXN_000137,CUST_0259,STR_003,2025-04-12,925.68,Credit Card
TXN_000138,CUST_0342,STR_019,2025-12-26,664.32,Credit Card
TXN_000139,CUST_0269,STR_012,2025-06-24,726.43,Debit Card
TXN_000140,CUST_0297,STR_007,2025-03-04,583.18,Debit Card
TXN_000141,CUST_0184,STR_020,2025-09-20,520.83,Digital Wallet
TXN_000142,CUST_0157,STR_013,2025-05-19,2075.03,Credit Card
TXN_000143,CUST_0379,STR_020,2025-09-08,282.99,Credit Card
TXN_000144,CUST_0485,STR_001,2025-03-30,1416.74,Debit Card
TXN_000145,CUST_0120,STR_008,2025-01-10,1011.45,Debit Card
TXN_000146,CUST_0395,STR_001,2025-12-20,745.5,Credit Card
TXN_000147,CUST_0253,STR_006,2025-05-09,210.24,Credit Card
TXN_000148,CUST_0135,STR_012,2025-08-10,666.43,Credit Card
TXN_000149,CUST_0319,STR_019,2025-08-22,2050.42,Debit Card
TXN_000150,CUST_0155,STR_005,2025-10-14,1900.13,Digital Wallet
TXN_000151,CUST_0446,STR_020,2025-09-24,657.06,Digital Wallet
TXN_000152,CUST_0331,STR_011,2025-05-02,2125.74,Credit Card
TXN_000153,CUST_0313,STR_001,2025-08-17,378.43,Credit Card
TXN_000154,CUST_0216,STR_010,2025-09-19,386.01,Debit Card
TXN_000155,CUST_0142,STR_017,2025-12-14,683.26,Credit Card
TXN_000156,CUST_0265,STR_002,2025-09-24,529.62,Cash
TXN_000157,CUST_0337,STR_011,2025-05-18,952.5,Digital Wallet
TXN_000158,CUST_0168,STR_013,2025-06-12,2151.48,Credit Card
TXN_000159,CUST_0277,STR_019,2025-12-22,150.0,Credit Card
TXN_000160,CUST_0449,STR_005,2025-07-04,495.47,Debit Card
TXN_000161,CUST_0402,STR_015,2025-11-19,22.0,Credit Card
TXN_000162,CUST_0221,STR_013,2025-07-02,1008.01,Credit Card
TXN_000163,CUST_0379,STR_001,2025-09-19,684.54,Cash
TXN_000164,CUST_0113,STR_004,2025-05-12,376.45,Credit Card
TXN_000165,CUST_0091,STR_012,2025-11-01,687.46,Credit Card
TXN_000166,CUST_0457,STR_008,2025-10-01,1378.99,Credit Card
TXN_000167,CUST_0448,STR_016,2025-05-10,358.42,Credit Card
TXN_000168,CUST_0401,STR_008,2025-09-13,285.41,Debit Card
TXN_000169,CUST_0443,STR_011,2025-03-24,1075.96,Debit Card
TXN_000170,CUST_0310,STR_017,2025-07-02,1507.77,Credit Card
TXN_000171,CUST_0209,STR_013,2025-08-07,23.16,Debit Card
TXN_000172,CUST_0198,STR_003,2025-08-11,476.25,Credit Card
TXN_000173,CUST_0057,STR_018,2025-09-16,2373.08,Digital Wallet
TXN_000174,CUST_0376,STR_006,2025-11-11,2527.51,Credit Card
TXN_000175,CUST_0073,STR_011,2025-05-19,2698.56,Credit Card
TXN_000176,CUST_0216,STR_011,2025-12-23,1146.92,Debit Card
TXN_000177,CUST_0207,STR_004,2025-11-17,1847.68,Credit Card
TXN_000178,CUST_0406,STR_007,2025-06-19,206.81,Digital Wallet
TXN_000179,CUST_0300,STR_001,2025-06-16,369.01,Debit Card
TXN_000180,CUST_0443,STR_014,2025-08-14,308.27,Credit Card
TXN_000181,CUST_0171,STR_002,2025-02-25,1869.12,Debit Card
TXN_000182,CUST_0490,STR_012,2025-08-28,1772.06,Digital Wallet
TXN_000183,CUST_0336,STR_010,2025-01-28,755.51,Credit Card
TXN_000184,CUST_0192,STR_011,2025-07-08,1533.65,Credit Card
TXN_000185,CUST_0061,STR_006,2025-11-07,1256.34,Digital Wallet
TXN_000186,CUST_0116,STR_012,2025-04-03,231.4,Credit Card
TXN_000187,CUST_0476,STR_016,2025-12-02,520.83,Credit Card
TXN_000188,CUST_0322,STR_008,2025-01-30,468.75,Cash
TXN_000189,CUST_0485,STR_020,2025-06-08,2481.12,Credit Card
TXN_000190,CUST_0464,STR_018,2025-10-05,1575.04,Credit Card
TXN_000191,CUST_0212,STR_016,2025-03-14,2564.51,Credit Card
TXN_000192,CUST_0275,STR_015,2025-10-16,1498.67,Credit Card
TXN_000193,CUST_0012,STR_011,2025-11-15,154.58,Credit Card
TXN_000194,CUST_0239,STR_020,2025-07-29,644.83,Cash
TXN_000195,CUST_0268,STR_004,2025-12-05,106.31,Debit Card
TXN_000196,CUST_0395,STR_006,2025-12-18,729.84,Credit Card
TXN_000197,CUST_0149,STR_006,2025-10-06,799.26,Credit Card
TXN_000198,CUST_0123,STR_020,2025-07-22,3319.27,Debit Card
TXN_000199,CUST_0323,STR_008,2025-12-17,461.8,Credit Card
TXN_000200,CUST_0023,STR_006,2025-03-10,221.44,Credit Card
TXN_000201,CUST_0119,STR_005,2025-02-26,642.65,Credit Card
TXN_000202,CUST_0010,STR_017,2025-10-13,632.48,Cash
TXN_000203,CUST_0090,STR_001,2025-04-21,890.81,Debit Card
TXN_000204,CUST_0156,STR_003,2025-10-04,11758.65,Credit Card
TXN_000205,CUST_0470,STR_001,2025-10-25,559.06,Credit Card
TXN_000206,CUST_0408,STR_017,2025-03-10,168.58,Credit Card
TXN_000207,CUST_0302,STR_003,2025-10-30,706.4,Credit Card
TXN_000208,CUST_0337,STR_017,2025-06-30,1423.28,Digital Wallet
TXN_000209,CUST_0157,STR_020,2025-05-20,7161.49,Debit Card
TXN_000210,CUST_0016,STR_012,2025-07-27,1033.44,Credit Card
TXN_000211,CUST_0498,STR_014,2025-12-03,267.54,Credit Card
TXN_000212,CUST_0102,STR_018,2025-11-13,308.27,Digital Wallet
TXN_000213,CUST_0318,STR_011,2025-08-13,848.88,Digital Wallet
TXN_000214,CUST_0136,STR_012,2025-10-29,133.5,Debit Card
TXN_000215,CUST_0408,STR_005,2025-12-13,3491.72,Credit Card
TXN_000216,CUST_0072,STR_003,2025-05-25,6446.12,Credit Card
TXN_000217,CUST_0432,STR_001,2025-07-05,524.05,Credit Card
TXN_000218,CUST_0411,STR_010,2025-04-08,1116.14,Cash
TXN_000219,CUST_0325,STR_002,2025-01-24,679.25,Credit Card
TXN_000220,CUST_0084,STR_010,2025-11-05,296.66,Credit Card
TXN_000221,CUST_0075,STR_017,2025-10-08,349.59,Debit Card
TXN_000222,CUST_0066,STR_004,2025-11-08,126.52,Credit Card
TXN_000223,CUST_0400,STR_007,2025-03-07,758.51,Cash
TXN_000224,CUST_0443,STR_008,2025-06-18,537.3,Debit Card
TXN_000225,CUST_0233,STR_006,2025-10-09,1073.19,Debit Card
TXN_000226,CUST_0090,STR_003,2025-02-01,467.62,Credit Card
TXN_000227,CUST_0037,STR_005,2025-11-28,1160.04,Credit Card
TXN_000228,CUST_0471,STR_018,2025-07-10,199.23,Credit Card
TXN_000229,CUST_0018,STR_012,2025-09-02,3009.38,Credit Card
TXN_000230,CUST_0479,STR_019,2025-05-10,1118.12,Credit Card
TXN_000231,CUST_0276,STR_018,2025-03-24,1207.07,Debit Card
TXN_000232,CUST_0355,STR_005,2025-01-25,793.07,Cash
TXN_000233,CUST_0063,STR_009,2025-07-19,468.42,Digital Wallet
TXN_000234,CUST_0129,STR_015,2025-04-10,2535.39,Credit Card
TXN_000235,CUST_0475,STR_014,2025-03-08,1763.52,Credit Card
TXN_000236,CUST_0354,STR_004,2025-04-28,148.33,Credit Card
TXN_000237,CUST_0331,STR_005,2025-10-23,179.85,Credit Card
TXN_000238,CUST_0351,STR_015,2025-10-27,274.41,Credit Card
TXN_000239,CUST_0264,STR_017,2025-06-18,604.08,Credit Card
TXN_000240,CUST_0210,STR_016,2025-05-29,6459.87,Digital Wallet
TXN_000241,CUST_0260,STR_015,2025-09-07,932.01,Debit Card
TXN_000242,CUST_0317,STR_005,2025-06-16,1041.52,Debit Card
TXN_000243,CUST_0393,STR_004,2025-06-05,17982.61,Digital Wallet
TXN_000244,CUST_0457,STR_003,2025-02-13,932.45,Debit Card
TXN_000245,CUST_0428,STR_008,2025-05-05,133.09,Credit Card
TXN_000246,CUST_0460,STR_013,2025-04-27,1508.41,Credit Card
TXN_000247,CUST_0044,STR_018,2025-10-07,5441.93,Credit Card
TXN_000248,CUST_0148,STR_014,2025-09-30,1135.14,Debit Card
TXN_000249,CUST_0359,STR_003,2025-10-30,1300.86,Credit Card
TXN_000250,CUST_0228,STR_015,2025-02-16,18203.51,Digital Wallet
TXN_000251,CUST_0225,STR_013,2025-01-10,1008.54,Debit Card
TXN_000252,CUST_0321,STR_005,2025-03-02,983.22,Cash
TXN_000253,CUST_0134,STR_005,2025-02-05,3142.12,Debit Card
TXN_000254,CUST_0436,STR_002,2025-03-25,924.47,Credit Card
TXN_000255,CUST_0137,STR_005,2025-12-17,205.33,Credit Card
TXN_000256,CUST_0230,STR_003,2025-05-01,804.17,Debit Card
TXN_000257,CUST_0087,STR_020,2025-09-21,524.28,Credit Card
TXN_000258,CUST_0182,STR_016,2025-03-05,3425.37,Credit Card
TXN_000259,CUST_0172,STR_012,2025-06-05,199.0,Credit Card
TXN_000260,CUST_0139,STR_015,2025-02-22,546.47,Credit Card
TXN_000261,CUST_0406,STR_008,2025-05-20,2082.54,Digital Wallet
TXN_000262,CUST_0155,STR_013,2025-06-10,837.63,Credit Card
TXN_000263,CUST_0347,STR_005,2025-07-29,1749.53,Credit Card
TXN_000264,CUST_0251,STR_005,2025-01-29,2143.28,Cash
TXN_000265,CUST_0021,STR_007,2025-12-24,638.42,Debit Card
TXN_000266,CUST_0106,STR_012,2025-02-06,613.87,Credit Card
TXN_000267,CUST_0142,STR_009,2025-10-07,2413.01,Credit Card
TXN_000268,CUST_0432,STR_017,2025-06-28,121.79,Credit Card
TXN_000269,CUST_0111,STR_009,2025-08-06,571.01,Credit Card
TXN_000270,CUST_0143,STR_013,2025-02-18,1994.79,Digital Wallet
TXN_000271,CUST_0300,STR_019,2025-07-24,1842.71,Credit Card
TXN_000272,CUST_0469,STR_005,2025-04-15,444.41,Credit Card
TXN_000273,CUST_0063,STR_007,2025-11-29,26731.08,Credit Card
TXN_000274,CUST_0232,STR_018,2025-11-11,274.25,Credit Card
TXN_000275,CUST_0217,STR_008,2025-08-12,19606.48,Credit Card
TXN_000276,CUST_0094,STR_020,2025-03-28,308.27,Credit Card
TXN_000277,CUST_0265,STR_008,2025-06-01,5139.16,Credit Card
TXN_000278,CUST_0180,STR_007,2025-06-11,521.79,Credit Card
TXN_000279,CUST_0127,STR_015,2025-06-14,842.63,Digital Wallet
TXN_000280,CUST_0122,STR_002,2025-02-09,23.16,Debit Card
TXN_000281,CUST_0473,STR_007,2025-03-08,434.94,Credit Card
TXN_000282,CUST_0011,STR_019,2025-02-06,1384.87,Credit Card
TXN_000283,CUST_0203,STR_011,2025-04-29,1925.09,Cash
TXN_000284,CUST_0114,STR_014,2025-05-23,1221.2,Debit Card
TXN_000285,CUST_0271,STR_016,2025-02-20,894.55,Credit Card
TXN_000286,CUST_0472,STR_019,2025-12-30,990.04,Credit Card
TXN_000287,CUST_0092,STR_010,2025-11-20,804.71,Credit Card
TXN_000288,CUST_0185,STR_003,2025-11-10,1200.02,Credit Card
TXN_000289,CUST_0274,STR_005,2025-02-10,397.15,Digital Wallet
TXN_000290,CUST_0317,STR_016,2025-08-26,661.28,Credit Card
TXN_000291,CUST_0493,STR_008,2025-12-28,297.46,Credit Card
TXN_000292,CUST_0208,STR_014,2025-03-25,42256.31,Credit Card
TXN_000293,CUST_0109,STR_013,2025-03-21,538.38,Credit Card
TXN_000294,CUST_0363,STR_009,2025-06-01,721.91,Digital Wallet
TXN_000295,CUST_0364,STR_002,2025-03-11,281.62,Digital Wallet
TXN_000296,CUST_0256,STR_003,2025-01-10,677.16,Cash
TXN_000297,CUST_0408,STR_017,2025-02-19,128.34,Credit Card
TXN_000298,CUST_0358,STR_014,2025-02-05,2265.29,Debit Card
TXN_000299,CUST_0088,STR_008,2025-05-11,274.03,Digital Wallet
TXN_000300,CUST_0461,STR_020,2025-06-27,586.75,Credit Card
TXN_000301,CUST_0289,STR_019,2025-10-12,781.81,Digital Wallet
TXN_000302,CUST_0067,STR_010,2025-10-18,27.29,Credit Card
TXN_000303,CUST_0197,STR_020,2025-04-28,1790.28,Digital Wallet
TXN_000304,CUST_0018,STR_012,2025-08-26,3246.19,Debit Card
TXN_000305,CUST_0313,STR_016,2025-01-19,206.81,Debit Card
TXN_000306,CUST_0338,STR_012,2025-11-20,154.0,Debit Card
TXN_000307,CUST_0069,STR_005,2025-08-20,855.51,Debit Card
TXN_000308,CUST_0087,STR_017,2025-06-09,150.0,Debit Card
TXN_000309,CUST_0014,STR_012,2025-06-23,1700.59,Credit Card
TXN_000310,CUST_0259,STR_013,2025-03-28,765.0,Credit Card
TXN_000311,CUST_0361,STR_005,2025-04-11,1367.27,Credit Card
TXN_000312,CUST_0068,STR_008,2025-01-22,292.86,Debit Card
TXN_000313,CUST_0357,STR_005,2025-11-05,276.94,Credit Card
TXN_000314,CUST_0223,STR_011,2025-09-03,1999.71,Debit Card
TXN_000315,CUST_0154,STR_006,2025-07-19,655.78,Cash
TXN_000316,CUST_0160,STR_001,2025-04-13,734.85,Debit Card
TXN_000317,CUST_0086,STR_020,2025-05-15,2865.19,Credit Card
TXN_000318,CUST_0003,STR_001,2025-09-14,611.36,Credit Card
TXN_000319,CUST_0295,STR_016,2025-05-30,267.54,Credit Card
TXN_000320,CUST_0386,STR_012,2025-11-05,882.71,Credit Card
TXN_000321,CUST_0050,STR_010,2025-11-28,1137.86,Credit Card
TXN_000322,CUST_0233,STR_014,2025-11-26,448.22,Credit Card
TXN_000323,CUST_0161,STR_003,2025-10-30,688.1,Credit Card
TXN_000324,CUST_0226,STR_014,2025-02-25,1412.61,Digital Wallet
TXN_000325,CUST_0234,STR_008,2025-07-12,354.39,Digital Wallet
TXN_000326,CUST_0475,STR_012,2025-08-18,519.58,Credit Card
TXN_000327,CUST_0054,STR_011,2025-11-26,1151.08,Credit Card
TXN_000328,CUST_0476,STR_013,2025-12-14,2118.48,Digital Wallet
TXN_000329,CUST_0335,STR_017,2025-11-19,54522.29,Credit Card
TXN_000330,CUST_0172,STR_010,2025-04-08,1250.74,Credit Card
TXN_000331,CUST_0436,STR_018,2025-05-15,913.14,Cash
TXN_000332,CUST_0388,STR_020,2025-06-08,388.43,Credit Card
TXN_000333,CUST_0137,STR_001,2025-08-16,120.19,Digital Wallet
TXN_000334,CUST_0385,STR_020,2025-03-10,2300.08,Credit Card
TXN_000335,CUST_0481,STR_002,2025-10-12,1333.23,Digital Wallet
TXN_000336,CUST_0077,STR_012,2025-11-15,1412.56,Credit Card
TXN_000337,CUST_0413,STR_014,2025-04-06,1131.55,Digital Wallet
TXN_000338,CUST_0392,STR_019,2025-10-24,3152.04,Debit Card
TXN_000339,CUST_0284,STR_019,2025-08-17,1549.36,Credit Card
TXN_000340,CUST_0265,STR_007,2025-11-15,510.18,Debit Card
TXN_000341,CUST_0046,STR_012,2025-11-23,546.47,Digital Wallet
TXN_000342,CUST_0051,STR_019,2025-10-24,693.79,Debit Card
TXN_000343,CUST_0372,STR_019,2025-05-03,322.32,Credit Card
TXN_000344,CUST_0082,STR_016,2025-08-18,10822.36,Debit Card
TXN_000345,CUST_0060,STR_014,2025-09-04,1093.37,Debit Card
TXN_000346,CUST_0135,STR_018,2025-03-16,369.01,Credit Card
TXN_000347,CUST_0018,STR_020,2025-06-16,638.71,Debit Card
TXN_000348,CUST_0028,STR_014,2025-05-04,112.35,Credit Card
TXN_000349,CUST_0139,STR_014,2025-10-23,199.0,Cash
TXN_000350,CUST_0379,STR_006,2025-08-09,3009.12,Debit Card
TXN_000351,CUST_0040,STR_006,2025-03-16,399.46,Credit Card
TXN_000352,CUST_0127,STR_007,2025-07-21,1692.98,Debit Card
TXN_000353,CUST_0053,STR_010,2025-11-24,3791.46,Digital Wallet
TXN_000354,CUST_0191,STR_013,2025-04-14,520.83,Debit Card
TXN_000355,CUST_0088,STR_001,2025-12-30,1647.07,Cash
TXN_000356,CUST_0136,STR_007,2025-01-02,1152.19,Digital Wallet
TXN_000357,CUST_0041,STR_017,2025-07-16,943.14,Debit Card
TXN_000358,CUST_0198,STR_008,2025-04-22,2042.42,Digital Wallet
TXN_000359,CUST_0125,STR_002,2025-10-07,3232.17,Credit Card
TXN_000360,CUST_0070,STR_012,2025-06-21,180.29,Credit Card
TXN_000361,CUST_0354,STR_008,2025-04-05,1609.42,Debit Card
TXN_000362,CUST_0399,STR_012,2025-12-27,987.77,Credit Card
TXN_000363,CUST_0284,STR_004,2025-01-03,140.91,Credit Card
TXN_000364,CUST_0045,STR_008,2025-01-12,1074.05,Digital Wallet
TXN_000365,CUST_0084,STR_015,2025-02-21,1227.74,Digital Wallet
TXN_000366,CUST_0496,STR_016,2025-07-21,593.7,Credit Card
TXN_000367,CUST_0132,STR_017,2025-02-13,337.61,Credit Card
TXN_000368,CUST_0367,STR_007,2025-12-28,3190.58,Debit Card
TXN_000369,CUST_0066,STR_014,2025-04-22,818.8,Digital Wallet
TXN_000370,CUST_0104,STR_013,2025-09-05,2280.39,Digital Wallet
TXN_000371,CUST_0134,STR_020,2025-06-21,581.86,Credit Card
TXN_000372,CUST_0228,STR_010,2025-06-27,1627.71,Credit Card
TXN_000373,CUST_0371,STR_009,2025-02-12,106.31,Debit Card
TXN_000374,CUST_0305,STR_017,2025-09-10,133.5,Debit Card
TXN_000375,CUST_0070,STR_010,2025-06-05,2016.98,Credit Card
TXN_000376,CUST_0372,STR_001,2025-12-23,524.05,Credit Card
TXN_000377,CUST_0266,STR_014,2025-03-01,685.81,Credit Card
TXN_000378,CUST_0217,STR_017,2025-01-21,210.24,Credit Card
TXN_000379,CUST_0446,STR_010,2025-09-08,423.32,Debit Card
TXN_000380,CUST_0067,STR_009,2025-01-15,631.0,Credit Card
TXN_000381,CUST_0042,STR_007,2025-06-16,2541.77,Credit Card
TXN_000382,CUST_0310,STR_019,2025-07-04,1216.91,Debit Card
TXN_000383,CUST_0424,STR_004,2025-10-08,1361.34,Credit Card
TXN_000384,CUST_0210,STR_010,2025-03-22,472.52,Credit Card
TXN_000385,CUST_0492,STR_001,2025-09-04,1356.03,Credit Card
TXN_000386,CUST_0060,STR_005,2025-03-25,838.78,Debit Card
TXN_000387,CUST_0371,STR_005,2025-07-05,396.04,Credit Card
TXN_000388,CUST_0464,STR_015,2025-10-05,766.89,Digital Wallet
TXN_000389,CUST_0392,STR_009,2025-12-21,1331.18,Debit Card
TXN_000390,CUST_0017,STR_016,2025-08-20,174.53,Debit Card
TXN_000391,CUST_0381,STR_003,2025-06-04,524.05,Credit Card
TXN_000392,CUST_0159,STR_006,2025-02-23,2113.7,Debit Card
TXN_000393,CUST_0467,STR_011,2025-09-22,628.17,Debit Card
TXN_000394,CUST_0377,STR_011,2025-07-17,1035.04,Credit Card
TXN_000395,CUST_0006,STR_003,2025-01-13,578.95,Digital Wallet
TXN_000396,CUST_0237,STR_019,2025-08-11,1533.53,Cash
TXN_000397,CUST_0237,STR_009,2025-08-21,632.48,Credit Card
TXN_000398,CUST_0234,STR_004,2025-05-10,2121.62,Credit Card
TXN_000399,CUST_0463,STR_013,2025-08-16,233.11,Credit Card
TXN_000400,CUST_0325,STR_002,2025-01-11,169.64,Debit Card
TXN_000401,CUST_0016,STR_008,2025-02-25,437.5,Debit Card
TXN_000402,CUST_0061,STR_019,2025-10-03,100.99,Cash
TXN_000403,CUST_0045,STR_007,2025-08-26,296.27,Debit Card
TXN_000404,CUST_0492,STR_018,2025-11-25,192.51,Credit Card
TXN_000405,CUST_0452,STR_008,2025-02-15,2051.41,Credit Card
TXN_000406,CUST_0107,STR_001,2025-04-03,1569.46,Credit Card
TXN_000407,CUST_0259,STR_012,2025-12-22,213.46,Credit Card
TXN_000408,CUST_0045,STR_020,2025-06-18,675.22,Cash
TXN_000409,CUST_0072,STR_016,2025-04-22,2566.86,Debit Card
TXN_000410,CUST_0353,STR_008,2025-11-13,473.02,Debit Card
TXN_000411,CUST_0079,STR_009,2025-07-17,595.15,Credit Card
TXN_000412,CUST_0154,STR_005,2025-09-28,12853.26,Debit Card
TXN_000413,CUST_0155,STR_016,2025-04-02,119.05,Digital Wallet
TXN_000414,CUST_0406,STR_019,2025-03-11,1489.76,Digital Wallet
TXN_000415,CUST_0042,STR_007,2025-02-20,196.19,Credit Card
TXN_000416,CUST_0323,STR_001,2025-09-03,628.17,Debit Card
TXN_000417,CUST_0315,STR_015,2025-01-24,1263.97,Credit Card
TXN_000418,CUST_0081,STR_007,2025-05-05,209.72,Credit Card
TXN_000419,CUST_0138,STR_003,2025-12-03,2057.61,Credit Card
TXN_000420,CUST_0298,STR_016,2025-11-30,594.93,Credit Card
TXN_000421,CUST_0237,STR_018,2025-01-03,14550.9,Credit Card
TXN_000422,CUST_0427,STR_004,2025-05-14,995.71,Credit Card
TXN_000423,CUST_0055,STR_004,2025-09-18,1064.51,Debit Card
TXN_000424,CUST_0407,STR_002,2025-03-04,243.58,Debit Card
TXN_000425,CUST_0478,STR_002,2025-02-02,1322.56,Debit Card
TXN_000426,CUST_0193,STR_011,2025-05-20,1817.76,Debit Card
TXN_000427,CUST_0239,STR_003,2025-08-12,703.43,Debit Card
TXN_000428,CUST_0014,STR_017,2025-01-08,1881.73,Credit Card
TXN_000429,CUST_0445,STR_005,2025-04-05,420.48,Digital Wallet
TXN_000430,CUST_0272,STR_008,2025-09-28,1114.33,Credit Card
TXN_000431,CUST_0444,STR_013,2025-10-17,60.1,Debit Card
TXN_000432,CUST_0217,STR_017,2025-03-13,1609.42,Credit Card
TXN_000433,CUST_0220,STR_015,2025-11-10,269.98,Credit Card
TXN_000434,CUST_0079,STR_011,2025-09-12,955.08,Credit Card
TXN_000435,CUST_0468,STR_009,2025-01-15,1232.81,Debit Card
TXN_000436,CUST_0259,STR_006,2025-06-05,177.45,Debit Card
TXN_000437,CUST_0166,STR_003,2025-06-01,665.26,Debit Card
TXN_000438,CUST_0154,STR_018,2025-12-18,519.58,Credit Card
TXN_000439,CUST_0233,STR_017,2025-08-17,1692.98,Credit Card
TXN_000440,CUST_0474,STR_014,2025-09-14,1098.55,Digital Wallet
TXN_000441,CUST_0461,STR_013,2025-11-27,471.85,Debit Card
TXN_000442,CUST_0153,STR_013,2025-01-26,270.12,Digital Wallet
TXN_000443,CUST_0460,STR_002,2025-02-11,600.67,Credit Card
TXN_000444,CUST_0345,STR_020,2025-08-08,59.5,Digital Wallet
TXN_000445,CUST_0466,STR_017,2025-10-30,337.05,Credit Card
TXN_000446,CUST_0450,STR_013,2025-09-03,669.16,Credit Card
TXN_000447,CUST_0094,STR_013,2025-01-07,857.1,Credit Card
TXN_000448,CUST_0074,STR_009,2025-06-29,1946.54,Credit Card
TXN_000449,CUST_0389,STR_012,2025-10-31,599.53,Credit Card
TXN_000450,CUST_0480,STR_003,2025-02-27,1192.18,Credit Card
TXN_000451,CUST_0341,STR_014,2025-07-26,3254.71,Credit Card
TXN_000452,CUST_0436,STR_001,2025-02-14,1659.8,Cash
TXN_000453,CUST_0003,STR_007,2025-06-06,286.73,Debit Card
TXN_000454,CUST_0013,STR_011,2025-05-12,511.46,Credit Card
TXN_000455,CUST_0047,STR_008,2025-05-21,4846.71,Debit Card
TXN_000456,CUST_0056,STR_016,2025-06-04,261.58,Credit Card
TXN_000457,CUST_0243,STR_012,2025-01-05,1385.2,Cash
TXN_000458,CUST_0397,STR_005,2025-01-11,1333.99,Cash
TXN_000459,CUST_0374,STR_018,2025-12-19,888.82,Credit Card
TXN_000460,CUST_0359,STR_007,2025-12-08,620.43,Debit Card
TXN_000461,CUST_0401,STR_007,2025-12-10,962.06,Credit Card
TXN_000462,CUST_0489,STR_014,2025-02-21,2636.08,Credit Card
TXN_000463,CUST_0338,STR_005,2025-04-15,369.29,Digital Wallet
TXN_000464,CUST_0489,STR_009,2025-05-18,496.64,Debit Card
TXN_000465,CUST_0134,STR_001,2025-10-12,2000.6,Credit Card
TXN_000466,CUST_0403,STR_014,2025-09-09,1070.94,Debit Card
TXN_000467,CUST_0293,STR_017,2025-03-10,441.64,Credit Card
TXN_000468,CUST_0060,STR_014,2025-11-10,53121.61,Debit Card
TXN_000469,CUST_0205,STR_011,2025-10-23,3189.55,Debit Card
TXN_000470,CUST_0263,STR_012,2025-10-15,292.86,Digital Wallet
TXN_000471,CUST_0282,STR_018,2025-07-12,75.81,Credit Card
TXN_000472,CUST_0371,STR_009,2025-12-24,60.1,Credit Card
TXN_000473,CUST_0372,STR_013,2025-07-05,70.0,Debit Card
TXN_000474,CUST_0382,STR_018,2025-12-24,224.11,Digital Wallet
TXN_000475,CUST_0273,STR_016,2025-02-06,1469.48,Credit Card
TXN_000476,CUST_0161,STR_012,2025-01-26,420.4,Debit Card
TXN_000477,CUST_0147,STR_018,2025-08-05,538.38,Credit Card
TXN_000478,CUST_0388,STR_018,2025-05-28,66.5,Credit Card
TXN_000479,CUST_0096,STR_008,2025-05-13,690.11,Credit Card
TXN_000480,CUST_0103,STR_019,2025-12-21,608.43,Debit Card
TXN_000481,CUST_0252,STR_016,2025-08-11,75.81,Digital Wallet
TXN_000482,CUST_0471,STR_012,2025-07-01,537.3,Credit Card
TXN_000483,CUST_0360,STR_014,2025-03-02,2544.68,Credit Card
TXN_000484,CUST_0414,STR_009,2025-12-17,1094.4,Digital Wallet
TXN_000485,CUST_0217,STR_001,2025-12-29,529.53,Cash
TXN_000486,CUST_0090,STR_017,2025-04-24,1037.85,Digital Wallet
TXN_000487,CUST_0172,STR_006,2025-07-30,1766.96,Credit Card
TXN_000488,CUST_0400,STR_004,2025-03-29,148.33,Credit Card
TXN_000489,CUST_0244,STR_013,2025-08-07,457.62,Credit Card
TXN_000490,CUST_0433,STR_003,2025-03-04,615.69,Digital Wallet
TXN_000491,CUST_0131,STR_016,2025-03-21,996.13,Digital Wallet
TXN_000492,CUST_0489,STR_005,2025-05-08,1528.95,Debit Card
TXN_000493,CUST_0141,STR_016,2025-09-29,753.64,Credit Card
TXN_000494,CUST_0388,STR_003,2025-06-13,210.24,Debit Card
TXN_000495,CUST_0254,STR_002,2025-04-23,23.16,Digital Wallet
TXN_000496,CUST_0422,STR_002,2025-06-19,1440.3,Debit Card
TXN_000497,CUST_0398,STR_018,2025-10-23,7495.43,Digital Wallet
TXN_000498,CUST_0336,STR_005,2025-06-24,210.24,Credit Card
TXN_000499,CUST_0387,STR_009,2025-02-09,7195.16,Credit Card
TXN_000500,CUST_0284,STR_007,2025-01-18,1177.04,Debit Card
TXN_000501,CUST_0407,STR_005,2025-03-28,1118.12,Credit Card
TXN_000502,CUST_0282,STR_013,2025-09-03,1508.13,Credit Card
TXN_000503,CUST_0480,STR_014,2025-05-04,734.52,Debit Card
TXN_000504,CUST_0470,STR_006,2025-10-27,292.86,Credit Card
TXN_000505,CUST_0158,STR_011,2025-11-16,617.88,Debit Card
TXN_000506,CUST_0367,STR_009,2025-12-20,888.82,Credit Card
TXN_000507,CUST_0486,STR_014,2025-11-05,472.52,Credit Card
TXN_000508,CUST_0250,STR_006,2025-10-04,842.63,Credit Card
TXN_000509,CUST_0316,STR_019,2025-12-08,695.8,Debit Card
TXN_000510,CUST_0093,STR_001,2025-05-22,524.05,Digital Wallet
TXN_000511,CUST_0374,STR_013,2025-04-10,1119.01,Debit Card
TXN_000512,CUST_0059,STR_006,2025-04-20,177.45,Credit Card
TXN_000513,CUST_0372,STR_010,2025-10-08,103.22,Credit Card
TXN_000514,CUST_0304,STR_011,2025-04-19,773.25,Digital Wallet
TXN_000515,CUST_0201,STR_019,2025-01-09,1371.63,Digital Wallet
TXN_000516,CUST_0138,STR_015,2025-10-12,99.17,Digital Wallet
TXN_000517,CUST_0183,STR_014,2025-09-26,846.49,Credit Card
TXN_000518,CUST_0250,STR_008,2025-05-27,2097.12,Digital Wallet
TXN_000519,CUST_0144,STR_002,2025-04-23,1692.98,Credit Card
TXN_000520,CUST_0218,STR_004,2025-01-17,103.22,Credit Card
TXN_000521,CUST_0054,STR_013,2025-09-30,1380.21,Cash
TXN_000522,CUST_0128,STR_007,2025-09-21,1322.77,Cash
TXN_000523,CUST_0235,STR_017,2025-06-19,872.25,Credit Card
TXN_000524,CUST_0158,STR_006,2025-05-10,1618.14,Cash
TXN_000525,CUST_0484,STR_008,2025-12-14,483.38,Credit Card
TXN_000526,CUST_0475,STR_017,2025-07-12,2836.06,Debit Card
TXN_000527,CUST_0461,STR_014,2025-07-13,495.02,Credit Card
TXN_000528,CUST_0123,STR_001,2025-07-14,385.05,Debit Card
TXN_000529,CUST_0021,STR_007,2025-11-18,399.8,Credit Card
TXN_000530,CUST_0083,STR_013,2025-02-21,3182.18,Digital Wallet
TXN_000531,CUST_0499,STR_007,2025-12-06,1548.61,Credit Card
TXN_000532,CUST_0148,STR_004,2025-03-08,1671.03,Credit Card
TXN_000533,CUST_0319,STR_013,2025-02-14,1461.4,Digital Wallet
TXN_000534,CUST_0311,STR_007,2025-02-08,1529.49,Debit Card
TXN_000535,CUST_0493,STR_020,2025-05-14,520.83,Debit Card
TXN_000536,CUST_0327,STR_010,2025-08-04,325.34,Cash
TXN_000537,CUST_0402,STR_015,2025-05-12,1627.48,Credit Card
TXN_000538,CUST_0440,STR_008,2025-07-07,99.17,Credit Card
TXN_000539,CUST_0489,STR_018,2025-06-29,2288.83,Digital Wallet
TXN_000540,CUST_0016,STR_015,2025-12-27,1006.11,Credit Card
TXN_000541,CUST_0306,STR_018,2025-10-26,1974.0,Cash
TXN_000542,CUST_0265,STR_011,2025-03-09,1243.03,Credit Card
TXN_000543,CUST_0453,STR_019,2025-12-23,990.07,Credit Card
TXN_000544,CUST_0333,STR_020,2025-05-31,581.46,Credit Card
TXN_000545,CUST_0280,STR_013,2025-11-03,817.22,Credit Card
TXN_000546,CUST_0070,STR_013,2025-01-10,306.03,Digital Wallet
TXN_000547,CUST_0134,STR_012,2025-12-24,1653.12,Digital Wallet
TXN_000548,CUST_0403,STR_003,2025-08-11,1184.62,Digital Wallet
TXN_000549,CUST_0163,STR_002,2025-10-13,1212.75,Digital Wallet
TXN_000550,CUST_0451,STR_015,2025-07-30,1421.66,Cash
TXN_000551,CUST_0334,STR_011,2025-02-24,2859.04,Debit Card
TXN_000552,CUST_0125,STR_020,2025-11-27,887.49,Debit Card
TXN_000553,CUST_0192,STR_008,2025-04-07,716.24,Debit Card
TXN_000554,CUST_0204,STR_002,2025-02-13,466.1,Debit Card
TXN_000555,CUST_0125,STR_013,2025-03-03,333.03,Credit Card
TXN_000556,CUST_0305,STR_008,2025-07-24,1176.61,Credit Card
TXN_000557,CUST_0048,STR_008,2025-11-23,951.63,Credit Card
TXN_000558,CUST_0454,STR_018,2025-02-02,364.58,Credit Card
TXN_000559,CUST_0276,STR_010,2025-08-13,3452.19,Credit Card
TXN_000560,CUST_0208,STR_018,2025-10-30,442.4,Digital Wallet
TXN_000561,CUST_0068,STR_013,2025-10-02,1601.0,Debit Card
TXN_000562,CUST_0364,STR_004,2025-01-04,495.02,Credit Card
TXN_000563,CUST_0338,STR_006,2025-11-27,1157.11,Digital Wallet
TXN_000564,CUST_0276,STR_018,2025-09-13,1026.72,Credit Card
TXN_000565,CUST_0350,STR_011,2025-12-03,974.88,Credit Card
TXN_000566,CUST_0050,STR_004,2025-12-18,511.46,Debit Card
TXN_000567,CUST_0491,STR_017,2025-07-23,643.03,Credit Card
TXN_000568,CUST_0277,STR_012,2025-10-02,3124.55,Debit Card
TXN_000569,CUST_0186,STR_007,2025-12-23,908.01,Credit Card
TXN_000570,CUST_0441,STR_011,2025-08-16,1243.25,Credit Card
TXN_000571,CUST_0041,STR_013,2025-09-09,701.11,Credit Card
TXN_000572,CUST_0293,STR_006,2025-12-31,2018.75,Credit Card
TXN_000573,CUST_0082,STR_020,2025-12-18,199.0,Credit Card
TXN_000574,CUST_0289,STR_004,2025-05-03,199.73,Debit Card
TXN_000575,CUST_0294,STR_006,2025-11-28,643.03,Digital Wallet
TXN_000576,CUST_0197,STR_002,2025-08-17,1131.96,Debit Card
TXN_000577,CUST_0378,STR_001,2025-08-18,383.9,Credit Card
TXN_000578,CUST_0030,STR_005,2025-02-15,1750.0,Credit Card
TXN_000579,CUST_0498,STR_001,2025-12-30,1300.96,Credit Card
TXN_000580,CUST_0387,STR_011,2025-08-13,144.31,Credit Card
TXN_000581,CUST_0129,STR_012,2025-04-08,996.89,Debit Card
TXN_000582,CUST_0061,STR_015,2025-10-18,3524.44,Credit Card
TXN_000583,CUST_0352,STR_008,2025-08-10,19004.38,Debit Card
TXN_000584,CUST_0344,STR_008,2025-06-04,740.73,Digital Wallet
TXN_000585,CUST_0106,STR_017,2025-02-15,121.79,Credit Card
TXN_000586,CUST_0469,STR_017,2025-04-07,212.62,Credit Card
TXN_000587,CUST_0089,STR_011,2025-04-03,953.35,Credit Card
TXN_000588,CUST_0198,STR_018,2025-07-11,188.22,Debit Card
TXN_000589,CUST_0188,STR_002,2025-12-19,135.0,Digital Wallet
TXN_000590,CUST_0099,STR_012,2025-12-18,2090.97,Credit Card
TXN_000591,CUST_0303,STR_007,2025-05-31,2004.71,Digital Wallet
TXN_000592,CUST_0390,STR_018,2025-01-18,578.95,Debit Card
TXN_000593,CUST_0286,STR_011,2025-08-08,1028.49,Cash
TXN_000594,CUST_0164,STR_004,2025-08-10,333.13,Debit Card
TXN_000595,CUST_0057,STR_002,2025-08-06,3924.99,Credit Card
TXN_000596,CUST_0317,STR_001,2025-11-06,785.54,Credit Card
TXN_000597,CUST_0178,STR_013,2025-05-14,652.25,Digital Wallet
TXN_000598,CUST_0382,STR_005,2025-02-12,1811.66,Credit Card
TXN_000599,CUST_0284,STR_010,2025-08-23,661.28,Credit Card
TXN_000600,CUST_0355,STR_007,2025-01-12,133.12,Credit Card
TXN_000601,CUST_0235,STR_013,2025-05-02,561.64,Digital Wallet
TXN_000602,CUST_0246,STR_007,2025-03-26,1227.7,Credit Card
TXN_000603,CUST_0094,STR_011,2025-07-21,212.09,Credit Card
TXN_000604,CUST_0368,STR_008,2025-01-16,372.32,Digital Wallet
TXN_000605,CUST_0107,STR_003,2025-01-09,2489.3,Debit Card
TXN_000606,CUST_0154,STR_017,2025-04-14,63.65,Digital Wallet
TXN_000607,CUST_0358,STR_017,2025-01-25,521.06,Debit Card
TXN_000608,CUST_0167,STR_007,2025-10-17,425.27,Credit Card
TXN_000609,CUST_0389,STR_008,2025-07-07,903.33,Debit Card
TXN_000610,CUST_0172,STR_015,2025-01-19,924.81,Debit Card
TXN_000611,CUST_0357,STR_007,2025-02-21,68.23,Digital Wallet
TXN_000612,CUST_0007,STR_017,2025-04-16,566.36,Debit Card
TXN_000613,CUST_0169,STR_013,2025-06-02,60859.5,Credit Card
TXN_000614,CUST_0049,STR_019,2025-06-23,207.04,Digital Wallet
TXN_000615,CUST_0161,STR_011,2025-06-29,308.27,Digital Wallet
TXN_000616,CUST_0366,STR_011,2025-06-07,1405.57,Digital Wallet
TXN_000617,CUST_0374,STR_004,2025-04-29,811.67,Cash
TXN_000618,CUST_0351,STR_018,2025-01-30,1575.73,Cash
TXN_000619,CUST_0155,STR_019,2025-08-15,1205.17,Debit Card
TXN_000620,CUST_0164,STR_002,2025-06-15,98.21,Debit Card
TXN_000621,CUST_0254,STR_019,2025-11-05,266.99,Digital Wallet
TXN_000622,CUST_0052,STR_004,2025-01-21,70.0,Credit Card
TXN_000623,CUST_0486,STR_007,2025-03-16,3479.19,Digital Wallet
TXN_000624,CUST_0022,STR_001,2025-07-21,286.73,Credit Card
TXN_000625,CUST_0441,STR_010,2025-12-07,602.63,Digital Wallet
TXN_000626,CUST_0173,STR_002,2025-12-07,1345.9,Credit Card
TXN_000627,CUST_0098,STR_008,2025-02-22,576.46,Credit Card
TXN_000628,CUST_0353,STR_014,2025-10-14,178.57,Debit Card
TXN_000629,CUST_0114,STR_006,2025-10-19,724.84,Credit Card
TXN_000630,CUST_0416,STR_005,2025-05-06,618.71,Credit Card
TXN_000631,CUST_0260,STR_003,2025-01-27,2528.54,Credit Card
TXN_000632,CUST_0232,STR_004,2025-08-12,474.91,Cash
TXN_000633,CUST_0319,STR_019,2025-03-17,1166.25,Credit Card
TXN_000634,CUST_0259,STR_019,2025-01-03,706.28,Credit Card
TXN_000635,CUST_0269,STR_014,2025-11-21,821.32,Debit Card
TXN_000636,CUST_0387,STR_015,2025-11-11,888.82,Digital Wallet
TXN_000637,CUST_0320,STR_004,2025-09-10,1060.02,Debit Card
TXN_000638,CUST_0476,STR_020,2025-09-07,2675.94,Credit Card
TXN_000639,CUST_0194,STR_010,2025-01-01,517.87,Credit Card
TXN_000640,CUST_0072,STR_011,2025-07-22,570.37,Debit Card
TXN_000641,CUST_0244,STR_002,2025-03-01,1954.41,Debit Card
TXN_000642,CUST_0013,STR_007,2025-04-21,687.46,Digital Wallet
TXN_000643,CUST_0494,STR_014,2025-01-19,694.21,Digital Wallet
TXN_000644,CUST_0249,STR_005,2025-05-25,837.24,Debit Card
TXN_000645,CUST_0221,STR_005,2025-07-15,3021.4,Debit Card
TXN_000646,CUST_0299,STR_019,2025-02-18,753.91,Credit Card
TXN_000647,CUST_0457,STR_008,2025-01-12,282.99,Debit Card
TXN_000648,CUST_0182,STR_002,2025-05-18,524.06,Credit Card
TXN_000649,CUST_0306,STR_004,2025-11-23,724.24,Credit Card
TXN_000650,CUST_0242,STR_013,2025-08-03,134.99,Credit Card
TXN_000651,CUST_0362,STR_018,2025-07-19,2404.78,Debit Card
TXN_000652,CUST_0223,STR_008,2025-02-17,127.3,Debit Card
TXN_000653,CUST_0178,STR_007,2025-10-31,632.48,Credit Card
TXN_000654,CUST_0209,STR_004,2025-06-23,1749.9,Credit Card
TXN_000655,CUST_0044,STR_002,2025-01-23,157.68,Credit Card
TXN_000656,CUST_0471,STR_005,2025-01-12,1261.21,Debit Card
TXN_000657,CUST_0330,STR_020,2025-12-18,1501.45,Credit Card
TXN_000658,CUST_0461,STR_005,2025-10-14,1383.19,Digital Wallet
TXN_000659,CUST_0011,STR_004,2025-11-19,1264.96,Credit Card
TXN_000660,CUST_0291,STR_014,2025-12-16,612.96,Cash
TXN_000661,CUST_0215,STR_007,2025-09-28,1059.06,Cash
TXN_000662,CUST_0447,STR_008,2025-05-24,422.1,Credit Card
TXN_000663,CUST_0135,STR_011,2025-10-16,306.03,Credit Card
TXN_000664,CUST_0087,STR_004,2025-09-01,166.16,Cash
TXN_000665,CUST_0476,STR_010,2025-11-17,1159.71,Credit Card
TXN_000666,CUST_0466,STR_012,2025-05-12,4154.49,Digital Wallet
TXN_000667,CUST_0178,STR_015,2025-08-13,2908.25,Digital Wallet
TXN_000668,CUST_0124,STR_013,2025-01-17,46.32,Digital Wallet
TXN_000669,CUST_0193,STR_015,2025-02-26,1426.89,Credit Card
TXN_000670,CUST_0286,STR_018,2025-01-08,789.28,Credit Card
TXN_000671,CUST_0441,STR_009,2025-08-06,1330.5,Debit Card
TXN_000672,CUST_0283,STR_005,2025-12-29,799.6,Credit Card
TXN_000673,CUST_0057,STR_004,2025-11-07,412.36,Debit Card
TXN_000674,CUST_0399,STR_017,2025-11-04,1500.81,Debit Card
TXN_000675,CUST_0363,STR_016,2025-01-07,2027.57,Credit Card
TXN_000676,CUST_0417,STR_016,2025-04-15,186.13,Digital Wallet
TXN_000677,CUST_0113,STR_002,2025-09-30,533.72,Credit Card
TXN_000678,CUST_0189,STR_013,2025-02-27,716.69,Debit Card
TXN_000679,CUST_0259,STR_001,2025-09-14,106.31,Credit Card
TXN_000680,CUST_0146,STR_004,2025-05-19,206.24,Credit Card
TXN_000681,CUST_0045,STR_013,2025-09-21,1896.08,Credit Card
TXN_000682,CUST_0210,STR_005,2025-07-25,63.07,Debit Card
TXN_000683,CUST_0472,STR_009,2025-12-29,47.74,Credit Card
TXN_000684,CUST_0406,STR_010,2025-01-01,1401.11,Debit Card
TXN_000685,CUST_0353,STR_020,2025-04-30,550.5,Debit Card
TXN_000686,CUST_0214,STR_004,2025-05-01,707.55,Credit Card
TXN_000687,CUST_0037,STR_017,2025-12-29,632.48,Credit Card
TXN_000688,CUST_0046,STR_018,2025-07-20,940.7,Credit Card
TXN_000689,CUST_0120,STR_001,2025-12-09,1325.52,Debit Card
TXN_000690,CUST_0453,STR_005,2025-09-09,719.83,Debit Card
TXN_000691,CUST_0069,STR_002,2025-12-10,583.18,Digital Wallet
TXN_000692,CUST_0437,STR_020,2025-03-06,1856.85,Debit Card
TXN_000693,CUST_0323,STR_013,2025-09-12,3338.89,Debit Card
TXN_000694,CUST_0031,STR_019,2025-01-19,1287.1,Credit Card
TXN_000695,CUST_0458,STR_019,2025-07-01,805.03,Credit Card
TXN_000696,CUST_0362,STR_001,2025-08-23,1226.13,Credit Card
TXN_000697,CUST_0225,STR_006,2025-05-21,115.51,Credit Card
TXN_000698,CUST_0484,STR_020,2025-02-27,450.65,Debit Card
TXN_000699,CUST_0033,STR_001,2025-06-29,505.73,Credit Card
TXN_000700,CUST_0095,STR_012,2025-01-27,1417.56,Debit Card
TXN_000701,CUST_0014,STR_009,2025-05-03,134.99,Credit Card
TXN_000702,CUST_0293,STR_011,2025-08-20,725.78,Digital Wallet
TXN_000703,CUST_0158,STR_017,2025-10-01,1379.76,Digital Wallet
TXN_000704,CUST_0165,STR_012,2025-12-08,369.59,Debit Card
TXN_000705,CUST_0296,STR_003,2025-07-17,638.85,Digital Wallet
TXN_000706,CUST_0045,STR_003,2025-07-18,375.77,Debit Card
TXN_000707,CUST_0481,STR_019,2025-11-02,144.04,Digital Wallet
TXN_000708,CUST_0057,STR_014,2025-10-23,5379.64,Debit Card
TXN_000709,CUST_0003,STR_010,2025-09-19,842.63,Credit Card
TXN_000710,CUST_0451,STR_019,2025-08-21,811.67,Cash
TXN_000711,CUST_0491,STR_019,2025-11-26,1722.27,Credit Card
TXN_000712,CUST_0003,STR_009,2025-09-10,899.12,Debit Card
TXN_000713,CUST_0412,STR_015,2025-08-01,1920.44,Credit Card
TXN_000714,CUST_0301,STR_003,2025-05-07,573.92,Credit Card
TXN_000715,CUST_0419,STR_019,2025-04-04,531.11,Debit Card
TXN_000716,CUST_0280,STR_004,2025-09-01,19.69,Debit Card
TXN_000717,CUST_0349,STR_004,2025-05-28,281.83,Credit Card
TXN_000718,CUST_0455,STR_010,2025-10-10,3370.52,Credit Card
TXN_000719,CUST_0109,STR_005,2025-10-07,2399.52,Debit Card
TXN_000720,CUST_0187,STR_010,2025-04-08,1049.0,Cash
TXN_000721,CUST_0443,STR_013,2025-12-19,3470.6,Credit Card
TXN_000722,CUST_0156,STR_006,2025-09-01,2080.09,Credit Card
TXN_000723,CUST_0291,STR_020,2025-07-21,888.82,Digital Wallet
TXN_000724,CUST_0037,STR_010,2025-08-08,2519.87,Credit Card
TXN_000725,CUST_0372,STR_010,2025-12-26,9828.18,Digital Wallet
TXN_000726,CUST_0334,STR_014,2025-03-04,15487.6,Credit Card
TXN_000727,CUST_0081,STR_008,2025-09-11,481.03,Debit Card
TXN_000728,CUST_0387,STR_001,2025-11-30,1256.34,Digital Wallet
TXN_000729,CUST_0204,STR_017,2025-04-22,1395.1,Cash
TXN_000730,CUST_0149,STR_017,2025-09-20,150.0,Digital Wallet
TXN_000731,CUST_0438,STR_019,2025-02-23,1204.35,Credit Card
TXN_000732,CUST_0442,STR_014,2025-03-29,1093.36,Digital Wallet
TXN_000733,CUST_0336,STR_006,2025-08-06,1576.17,Credit Card
TXN_000734,CUST_0325,STR_011,2025-12-12,1195.24,Debit Card
TXN_000735,CUST_0173,STR_001,2025-10-06,202.26,Credit Card
TXN_000736,CUST_0383,STR_017,2025-03-16,457.62,Debit Card
TXN_000737,CUST_0261,STR_016,2025-03-14,1989.92,Credit Card
TXN_000738,CUST_0088,STR_006,2025-01-20,1286.06,Credit Card
TXN_000739,CUST_0140,STR_011,2025-03-03,846.49,Credit Card
TXN_000740,CUST_0016,STR_013,2025-12-08,854.39,Credit Card
TXN_000741,CUST_0265,STR_010,2025-10-18,195.06,Digital Wallet
TXN_000742,CUST_0345,STR_004,2025-07-17,551.14,Credit Card
TXN_000743,CUST_0479,STR_010,2025-04-06,1416.74,Credit Card
TXN_000744,CUST_0393,STR_005,2025-06-14,359.7,Digital Wallet
TXN_000745,CUST_0222,STR_014,2025-07-18,475.2,Digital Wallet
TXN_000746,CUST_0357,STR_006,2025-07-27,95.5,Credit Card
TXN_000747,CUST_0221,STR_011,2025-03-23,1180.43,Debit Card
TXN_000748,CUST_0139,STR_017,2025-03-27,772.1,Credit Card
TXN_000749,CUST_0120,STR_015,2025-01-23,2792.17,Credit Card
TXN_000750,CUST_0077,STR_004,2025-10-16,1840.03,Debit Card
TXN_000751,CUST_0020,STR_005,2025-06-21,1152.85,Digital Wallet
TXN_000752,CUST_0276,STR_013,2025-01-14,565.98,Debit Card
TXN_000753,CUST_0470,STR_007,2025-11-01,721.91,Credit Card
TXN_000754,CUST_0490,STR_010,2025-09-13,375.77,Credit Card
TXN_000755,CUST_0488,STR_005,2025-01-25,1417.82,Debit Card
TXN_000756,CUST_0337,STR_007,2025-03-08,1636.81,Credit Card
TXN_000757,CUST_0341,STR_007,2025-06-11,1639.46,Debit Card
TXN_000758,CUST_0242,STR_005,2025-03-18,5946.46,Cash
TXN_000759,CUST_0216,STR_012,2025-10-30,1841.56,Credit Card
TXN_000760,CUST_0386,STR_003,2025-11-13,586.75,Debit Card
TXN_000761,CUST_0037,STR_008,2025-07-20,337.61,Credit Card
TXN_000762,CUST_0432,STR_002,2025-01-08,267.54,Credit Card
TXN_000763,CUST_0366,STR_020,2025-05-28,693.14,Credit Card
TXN_000764,CUST_0472,STR_015,2025-05-13,632.48,Debit Card
TXN_000765,CUST_0453,STR_003,2025-08-19,4693.87,Credit Card
TXN_000766,CUST_0475,STR_007,2025-02-12,655.78,Debit Card
TXN_000767,CUST_0011,STR_002,2025-02-16,3744.58,Credit Card
TXN_000768,CUST_0127,STR_010,2025-02-02,1915.65,Debit Card
TXN_000769,CUST_0488,STR_013,2025-06-14,540.58,Credit Card
TXN_000770,CUST_0216,STR_006,2025-04-01,600.86,Debit Card
TXN_000771,CUST_0070,STR_006,2025-11-24,1938.88,Credit Card
TXN_000772,CUST_0308,STR_013,2025-10-31,391.92,Credit Card
TXN_000773,CUST_0290,STR_006,2025-06-04,1939.26,Debit Card
TXN_000774,CUST_0267,STR_011,2025-05-17,997.25,Credit Card
TXN_000775,CUST_0030,STR_017,2025-04-23,2461.02,Credit Card
TXN_000776,CUST_0118,STR_008,2025-08-06,276.94,Debit Card
TXN_000777,CUST_0345,STR_004,2025-07-10,5134.68,Cash
TXN_000778,CUST_0287,STR_008,2025-03-15,871.97,Cash
TXN_000779,CUST_0291,STR_015,2025-07-12,179.85,Credit Card
TXN_000780,CUST_0158,STR_011,2025-06-06,1036.25,Digital Wallet
TXN_000781,CUST_0068,STR_019,2025-03-12,569.34,Credit Card
TXN_000782,CUST_0151,STR_011,2025-07-29,2206.01,Credit Card
TXN_000783,CUST_0202,STR_016,2025-04-13,1476.08,Credit Card
TXN_000784,CUST_0092,STR_019,2025-08-15,1466.27,Digital Wallet
TXN_000785,CUST_0137,STR_018,2025-10-28,1678.77,Credit Card
TXN_000786,CUST_0126,STR_012,2025-12-04,319.4,Debit Card
TXN_000787,CUST_0480,STR_002,2025-06-04,1380.47,Debit Card
TXN_000788,CUST_0463,STR_010,2025-05-08,47.74,Credit Card
TXN_000789,CUST_0119,STR_001,2025-06-09,23.16,Credit Card
TXN_000790,CUST_0044,STR_013,2025-12-04,3646.06,Debit Card
TXN_000791,CUST_0051,STR_005,2025-02-10,372.13,Debit Card
TXN_000792,CUST_0154,STR_005,2025-06-05,849.19,Credit Card
TXN_000793,CUST_0410,STR_017,2025-02-17,965.24,Credit Card
TXN_000794,CUST_0242,STR_004,2025-10-30,1446.95,Credit Card
TXN_000795,CUST_0283,STR_003,2025-07-10,781.62,Credit Card
TXN_000796,CUST_0375,STR_013,2025-05-04,6887.28,Debit Card
TXN_000797,CUST_0008,STR_018,2025-11-30,3856.28,Credit Card
TXN_000798,CUST_0169,STR_013,2025-07-05,655.78,Debit Card
TXN_000799,CUST_0250,STR_016,2025-12-17,1726.84,Cash
TXN_000800,CUST_0074,STR_010,2025-04-27,1150.38,Credit Card
TXN_000801,CUST_0489,STR_002,2025-12-05,2593.59,Debit Card
TXN_000802,CUST_0491,STR_012,2025-08-06,470.27,Credit Card
TXN_000803,CUST_0083,STR_007,2025-06-12,524.28,Credit Card
TXN_000804,CUST_0057,STR_017,2025-10-06,525.67,Credit Card
TXN_000805,CUST_0128,STR_012,2025-11-03,77.41,Credit Card
TXN_000806,CUST_0452,STR_002,2025-03-14,186.07,Credit Card
TXN_000807,CUST_0318,STR_002,2025-06-04,48.13,Credit Card
TXN_000808,CUST_0028,STR_010,2025-12-17,2070.33,Credit Card
TXN_000809,CUST_0396,STR_020,2025-02-27,266.52,Credit Card
TXN_000810,CUST_0265,STR_011,2025-03-22,57154.9,Credit Card
TXN_000811,CUST_0105,STR_018,2025-05-10,1598.22,Credit Card
TXN_000812,CUST_0154,STR_013,2025-08-27,2215.54,Credit Card
TXN_000813,CUST_0404,STR_014,2025-10-25,486.52,Digital Wallet
TXN_000814,CUST_0443,STR_008,2025-03-19,945.04,Credit Card
TXN_000815,CUST_0195,STR_001,2025-04-26,199.0,Digital Wallet
TXN_000816,CUST_0296,STR_005,2025-12-19,1300.4,Digital Wallet
TXN_000817,CUST_0476,STR_012,2025-09-04,286.73,Credit Card
TXN_000818,CUST_0128,STR_014,2025-08-07,590.31,Credit Card
TXN_000819,CUST_0255,STR_002,2025-10-15,2330.36,Debit Card
TXN_000820,CUST_0024,STR_005,2025-11-05,262.03,Debit Card
TXN_000821,CUST_0179,STR_018,2025-03-04,196.4,Credit Card
TXN_000822,CUST_0297,STR_017,2025-10-26,1821.17,Credit Card
TXN_000823,CUST_0155,STR_011,2025-07-10,1547.68,Credit Card
TXN_000824,CUST_0494,STR_017,2025-06-07,306.03,Credit Card
TXN_000825,CUST_0447,STR_018,2025-06-10,106.31,Credit Card
TXN_000826,CUST_0223,STR_016,2025-11-10,2423.41,Credit Card
TXN_000827,CUST_0037,STR_008,2025-10-14,676.67,Credit Card
TXN_000828,CUST_0230,STR_011,2025-02-04,2101.35,Credit Card
TXN_000829,CUST_0163,STR_005,2025-09-20,742.53,Debit Card
TXN_000830,CUST_0314,STR_020,2025-03-11,2158.27,Debit Card
TXN_000831,CUST_0216,STR_002,2025-09-23,787.12,Credit Card
TXN_000832,CUST_0178,STR_001,2025-05-03,1621.55,Credit Card
TXN_000833,CUST_0260,STR_019,2025-01-20,737.38,Cash
TXN_000834,CUST_0125,STR_003,2025-10-02,2360.19,Digital Wallet
TXN_000835,CUST_0437,STR_006,2025-01-16,727.64,Credit Card
TXN_000836,CUST_0425,STR_019,2025-06-29,140.0,Debit Card
TXN_000837,CUST_0383,STR_013,2025-05-02,3844.38,Credit Card
TXN_000838,CUST_0470,STR_019,2025-03-07,492.79,Cash
TXN_000839,CUST_0158,STR_014,2025-05-10,2374.13,Debit Card
TXN_000840,CUST_0490,STR_002,2025-09-29,1459.91,Credit Card
TXN_000841,CUST_0118,STR_005,2025-06-04,26231.76,Digital Wallet
TXN_000842,CUST_0108,STR_012,2025-04-26,375.77,Credit Card
TXN_000843,CUST_0484,STR_016,2025-09-03,95.68,Credit Card
TXN_000844,CUST_0113,STR_018,2025-10-20,780.3,Credit Card
TXN_000845,CUST_0088,STR_001,2025-05-20,837.75,Digital Wallet
TXN_000846,CUST_0319,STR_002,2025-05-28,12234.56,Credit Card
TXN_000847,CUST_0200,STR_008,2025-02-12,570.0,Digital Wallet
TXN_000848,CUST_0156,STR_014,2025-07-26,523.16,Credit Card
TXN_000849,CUST_0376,STR_008,2025-04-11,1412.56,Credit Card
TXN_000850,CUST_0037,STR_006,2025-08-09,529.53,Debit Card
TXN_000851,CUST_0355,STR_001,2025-02-17,106.73,Credit Card
TXN_000852,CUST_0348,STR_007,2025-09-22,3720.61,Credit Card
TXN_000853,CUST_0398,STR_008,2025-07-18,199.0,Debit Card
TXN_000854,CUST_0048,STR_014,2025-10-01,719.52,Credit Card
TXN_000855,CUST_0110,STR_006,2025-02-16,2123.03,Credit Card
TXN_000856,CUST_0156,STR_006,2025-05-27,857.11,Debit Card
TXN_000857,CUST_0287,STR_018,2025-11-10,985.25,Debit Card
TXN_000858,CUST_0117,STR_001,2025-07-01,1179.28,Credit Card
TXN_000859,CUST_0174,STR_005,2025-04-11,619.15,Digital Wallet
TXN_000860,CUST_0156,STR_014,2025-11-21,178.57,Debit Card
TXN_000861,CUST_0040,STR_014,2025-01-30,1610.28,Credit Card
TXN_000862,CUST_0421,STR_002,2025-03-01,1452.86,Credit Card
TXN_000863,CUST_0206,STR_009,2025-03-22,199.0,Credit Card
TXN_000864,CUST_0401,STR_010,2025-04-23,1533.53,Cash
TXN_000865,CUST_0109,STR_013,2025-01-17,221.44,Debit Card
TXN_000866,CUST_0487,STR_016,2025-05-29,492.79,Credit Card
TXN_000867,CUST_0148,STR_006,2025-09-21,126.08,Credit Card
TXN_000868,CUST_0417,STR_001,2025-01-05,735.7,Debit Card
TXN_000869,CUST_0301,STR_001,2025-06-26,430.03,Credit Card
TXN_000870,CUST_0291,STR_019,2025-02-17,6966.14,Cash
TXN_000871,CUST_0337,STR_013,2025-07-19,1187.88,Credit Card
TXN_000872,CUST_0056,STR_008,2025-08-11,2724.21,Digital Wallet
TXN_000873,CUST_0329,STR_010,2025-01-15,616.87,Digital Wallet
TXN_000874,CUST_0010,STR_014,2025-10-05,1475.47,Credit Card
TXN_000875,CUST_0099,STR_007,2025-11-01,399.97,Credit Card
TXN_000876,CUST_0191,STR_016,2025-02-19,1006.91,Debit Card
TXN_000877,CUST_0457,STR_012,2025-09-29,177.45,Debit Card
TXN_000878,CUST_0304,STR_001,2025-01-04,1037.63,Debit Card
TXN_000879,CUST_0064,STR_005,2025-01-04,559.06,Debit Card
TXN_000880,CUST_0372,STR_011,2025-01-19,795.3,Credit Card
TXN_000881,CUST_0369,STR_014,2025-02-25,650.01,Credit Card
TXN_000882,CUST_0145,STR_001,2025-09-17,565.98,Credit Card
TXN_000883,CUST_0325,STR_002,2025-10-23,281.62,Debit Card
TXN_000884,CUST_0170,STR_006,2025-05-16,842.63,Credit Card
TXN_000885,CUST_0093,STR_020,2025-05-30,1301.33,Credit Card
TXN_000886,CUST_0176,STR_007,2025-05-12,3402.44,Credit Card
TXN_000887,CUST_0292,STR_009,2025-04-06,885.76,Digital Wallet
TXN_000888,CUST_0420,STR_014,2025-10-03,3474.08,Debit Card
TXN_000889,CUST_0025,STR_020,2025-07-23,477.54,Debit Card
TXN_000890,CUST_0257,STR_017,2025-08-18,1867.21,Digital Wallet
TXN_000891,CUST_0385,STR_020,2025-05-12,192.51,Debit Card
TXN_000892,CUST_0401,STR_010,2025-11-02,1973.33,Credit Card
TXN_000893,CUST_0343,STR_007,2025-12-08,1327.59,Debit Card
TXN_000894,CUST_0486,STR_001,2025-12-28,127.3,Debit Card
TXN_000895,CUST_0335,STR_013,2025-02-12,1128.28,Digital Wallet
TXN_000896,CUST_0496,STR_014,2025-08-23,1261.12,Debit Card
TXN_000897,CUST_0340,STR_020,2025-10-01,282.99,Credit Card
TXN_000898,CUST_0457,STR_012,2025-07-17,397.22,Credit Card
TXN_000899,CUST_0341,STR_010,2025-01-29,362.97,Digital Wallet
TXN_000900,CUST_0421,STR_013,2025-03-02,2423.31,Debit Card
TXN_000901,CUST_0288,STR_011,2025-10-05,388.43,Debit Card
TXN_000902,CUST_0297,STR_013,2025-11-21,1458.06,Credit Card
TXN_000903,CUST_0124,STR_011,2025-07-29,112.35,Credit Card
TXN_000904,CUST_0330,STR_012,2025-05-02,1729.38,Credit Card
TXN_000905,CUST_0371,STR_009,2025-01-16,1475.47,Credit Card
TXN_000906,CUST_0446,STR_002,2025-12-13,1412.33,Digital Wallet
TXN_000907,CUST_0433,STR_013,2025-03-03,1098.22,Credit Card
TXN_000908,CUST_0350,STR_007,2025-11-06,3189.22,Credit Card
TXN_000909,CUST_0016,STR_014,2025-06-04,106.31,Credit Card
TXN_000910,CUST_0484,STR_009,2025-08-09,801.91,Debit Card
TXN_000911,CUST_0297,STR_002,2025-08-13,1839.3,Credit Card
TXN_000912,CUST_0142,STR_003,2025-03-22,356.98,Credit Card
TXN_000913,CUST_0255,STR_002,2025-05-26,199.0,Credit Card
TXN_000914,CUST_0079,STR_011,2025-03-23,442.53,Credit Card
TXN_000915,CUST_0313,STR_018,2025-05-28,2534.66,Credit Card
TXN_000916,CUST_0257,STR_008,2025-02-02,356.74,Credit Card
TXN_000917,CUST_0029,STR_012,2025-05-10,2062.64,Digital Wallet
TXN_000918,CUST_0386,STR_016,2025-08-04,655.78,Credit Card
TXN_000919,CUST_0108,STR_004,2025-10-06,437.31,Debit Card
TXN_000920,CUST_0201,STR_006,2025-09-25,268.84,Credit Card
TXN_000921,CUST_0468,STR_019,2025-08-11,1950.94,Credit Card
TXN_000922,CUST_0373,STR_013,2025-03-23,520.83,Debit Card
TXN_000923,CUST_0106,STR_002,2025-03-23,44.0,Credit Card
TXN_000924,CUST_0424,STR_010,2025-10-02,243.58,Credit Card
TXN_000925,CUST_0093,STR_005,2025-05-02,196.4,Debit Card
TXN_000926,CUST_0435,STR_013,2025-01-24,281.62,Credit Card
TXN_000927,CUST_0143,STR_020,2025-03-29,170.86,Credit Card
TXN_000928,CUST_0183,STR_005,2025-12-22,840.48,Credit Card
TXN_000929,CUST_0266,STR_009,2025-10-16,2957.7,Credit Card
TXN_000930,CUST_0392,STR_013,2025-03-29,854.39,Credit Card
TXN_000931,CUST_0199,STR_001,2025-05-11,1696.53,Debit Card
TXN_000932,CUST_0274,STR_007,2025-09-12,690.11,Credit Card
TXN_000933,CUST_0397,STR_011,2025-03-01,739.77,Credit Card
TXN_000934,CUST_0256,STR_014,2025-05-24,495.94,Digital Wallet
TXN_000935,CUST_0141,STR_012,2025-01-09,1617.4,Credit Card
TXN_000936,CUST_0442,STR_019,2025-07-19,84.26,Credit Card
TXN_000937,CUST_0417,STR_020,2025-04-22,1744.5,Credit Card
TXN_000938,CUST_0398,STR_009,2025-10-17,2932.72,Digital Wallet
TXN_000939,CUST_0156,STR_019,2025-08-21,272.39,Credit Card
TXN_000940,CUST_0233,STR_015,2025-04-12,1412.56,Debit Card
TXN_000941,CUST_0127,STR_013,2025-09-24,20.84,Credit Card
TXN_000942,CUST_0292,STR_020,2025-04-27,1223.31,Credit Card
TXN_000943,CUST_0236,STR_008,2025-02-04,561.81,Credit Card
TXN_000944,CUST_0031,STR_015,2025-05-20,2856.95,Credit Card
TXN_000945,CUST_0339,STR_006,2025-01-22,586.81,Debit Card
TXN_000946,CUST_0240,STR_001,2025-10-29,2323.51,Credit Card
TXN_000947,CUST_0278,STR_019,2025-07-23,308.27,Credit Card
TXN_000948,CUST_0130,STR_002,2025-12-02,199.3,Digital Wallet
TXN_000949,CUST_0237,STR_005,2025-02-07,650.69,Credit Card
TXN_000950,CUST_0084,STR_010,2025-08-22,592.97,Credit Card
TXN_000951,CUST_0317,STR_016,2025-04-04,782.54,Credit Card
TXN_000952,CUST_0160,STR_014,2025-09-22,1175.59,Credit Card
TXN_000953,CUST_0259,STR_018,2025-12-14,661.28,Debit Card
TXN_000954,CUST_0012,STR_004,2025-03-31,3457.34,Debit Card
TXN_000955,CUST_0234,STR_012,2025-06-14,498.74,Credit Card
TXN_000956,CUST_0174,STR_011,2025-05-09,2905.72,Credit Card
TXN_000957,CUST_0162,STR_002,2025-07-06,2636.13,Debit Card
TXN_000958,CUST_0026,STR_019,2025-06-25,50384.18,Credit Card
TXN_000959,CUST_0214,STR_018,2025-01-16,586.75,Cash
TXN_000960,CUST_0004,STR_013,2025-04-14,642.74,Credit Card
TXN_000961,CUST_0076,STR_017,2025-02-27,2294.85,Digital Wallet
TXN_000962,CUST_0065,STR_007,2025-09-24,1165.2,Debit Card
TXN_000963,CUST_0088,STR_018,2025-04-09,885.06,Credit Card
TXN_000964,CUST_0064,STR_016,2025-04-12,1492.9,Digital Wallet
TXN_000965,CUST_0390,STR_016,2025-11-28,104.39,Debit Card
TXN_000966,CUST_0486,STR_017,2025-03-04,663.56,Credit Card
TXN_000967,CUST_0126,STR_010,2025-09-26,529.53,Credit Card
TXN_000968,CUST_0167,STR_014,2025-12-31,996.13,Debit Card
TXN_000969,CUST_0149,STR_003,2025-09-15,179.85,Credit Card
TXN_000970,CUST_0378,STR_010,2025-03-17,444.41,Credit Card
TXN_000971,CUST_0468,STR_018,2025-07-10,551.82,Credit Card
TXN_000972,CUST_0055,STR_019,2025-06-28,27356.92,Credit Card
TXN_000973,CUST_0347,STR_004,2025-10-20,1299.44,Credit Card
TXN_000974,CUST_0278,STR_010,2025-02-25,1344.01,Digital Wallet
TXN_000975,CUST_0017,STR_019,2025-09-30,297.25,Credit Card
TXN_000976,CUST_0136,STR_006,2025-12-05,1524.38,Credit Card
TXN_000977,CUST_0046,STR_007,2025-10-06,101.24,Credit Card
TXN_000978,CUST_0445,STR_016,2025-03-16,2556.8,Credit Card
TXN_000979,CUST_0106,STR_020,2025-02-19,597.21,Digital Wallet
TXN_000980,CUST_0302,STR_005,2025-01-01,751.54,Digital Wallet
TXN_000981,CUST_0070,STR_019,2025-10-30,276.94,Credit Card
TXN_000982,CUST_0087,STR_005,2025-05-11,1059.06,Debit Card
TXN_000983,CUST_0377,STR_006,2025-09-21,1814.42,Credit Card
TXN_000984,CUST_0322,STR_005,2025-04-07,362.7,Credit Card
TXN_000985,CUST_0070,STR_011,2025-12-18,231.4,Credit Card
TXN_000986,CUST_0316,STR_019,2025-10-17,313.12,Credit Card
TXN_000987,CUST_0243,STR_020,2025-03-02,529.53,Credit Card
TXN_000988,CUST_0109,STR_019,2025-10-25,1052.54,Credit Card
TXN_000989,CUST_0132,STR_016,2025-01-10,838.98,Digital Wallet
TXN_000990,CUST_0264,STR_020,2025-09-17,2904.2,Digital Wallet
TXN_000991,CUST_0424,STR_019,2025-06-15,281.62,Cash
TXN_000992,CUST_0351,STR_008,2025-10-25,1966.25,Debit Card
TXN_000993,CUST_0335,STR_001,2025-03-03,561.81,Credit Card
TXN_000994,CUST_0362,STR_002,2025-10-28,913.46,Debit Card
TXN_000995,CUST_0111,STR_002,2025-03-26,1454.48,Credit Card
TXN_000996,CUST_0029,STR_015,2025-06-07,1611.99,Debit Card
TXN_000997,CUST_0369,STR_013,2025-03-10,1041.66,Credit Card
TXN_000998,CUST_0228,STR_010,2025-01-04,565.98,Credit Card
TXN_000999,CUST_0190,STR_015,2025-04-04,2982.43,Credit Card
TXN_001000,CUST_0298,STR_008,2025-12-07,800.5,Credit Card
TXN_001001,CUST_0379,STR_013,2025-05-22,1247.4,Credit Card
TXN_001002,CUST_0177,STR_007,2025-09-15,1555.75,Credit Card
TXN_001003,CUST_0206,STR_008,2025-09-15,1285.03,Credit Card
TXN_001004,CUST_0124,STR_007,2025-05-04,1226.56,Credit Card
TXN_001005,CUST_0253,STR_002,2025-01-26,1952.7,Credit Card
TXN_001006,CUST_0130,STR_002,2025-08-19,1709.05,Debit Card
TXN_001007,CUST_0348,STR_006,2025-11-10,150.0,Credit Card
TXN_001008,CUST_0341,STR_019,2025-09-29,1263.46,Credit Card
TXN_001009,CUST_0331,STR_010,2025-11-20,875.0,Debit Card
TXN_001010,CUST_0030,STR_003,2025-10-22,63.26,Debit Card
TXN_001011,CUST_0059,STR_002,2025-08-27,470.35,Credit Card
TXN_001012,CUST_0031,STR_010,2025-08-06,1757.52,Credit Card
TXN_001013,CUST_0499,STR_018,2025-03-27,486.94,Credit Card
TXN_001014,CUST_0304,STR_009,2025-06-09,1173.5,Credit Card
TXN_001015,CUST_0198,STR_018,2025-09-09,75.81,Credit Card
TXN_001016,CUST_0498,STR_003,2025-06-03,1957.57,Digital Wallet
TXN_001017,CUST_0354,STR_017,2025-08-09,476.25,Debit Card
TXN_001018,CUST_0340,STR_005,2025-12-01,2806.95,Credit Card
TXN_001019,CUST_0409,STR_018,2025-08-25,2488.55,Credit Card
TXN_001020,CUST_0096,STR_008,2025-07-02,1245.98,Digital Wallet
TXN_001021,CUST_0184,STR_010,2025-03-15,1450.65,Credit Card
TXN_001022,CUST_0385,STR_008,2025-07-27,1834.75,Digital Wallet
TXN_001023,CUST_0433,STR_019,2025-01-16,2920.02,Debit Card
TXN_001024,CUST_0090,STR_016,2025-03-24,1481.48,Credit Card
TXN_001025,CUST_0115,STR_010,2025-02-16,1007.33,Credit Card
TXN_001026,CUST_0205,STR_011,2025-11-12,261.58,Credit Card
TXN_001027,CUST_0466,STR_008,2025-01-25,72.02,Credit Card
TXN_001028,CUST_0262,STR_019,2025-11-14,708.37,Debit Card
TXN_001029,CUST_0072,STR_003,2025-09-20,470.35,Credit Card
TXN_001030,CUST_0167,STR_007,2025-11-12,718.56,Credit Card
TXN_001031,CUST_0289,STR_001,2025-09-17,529.62,Credit Card
TXN_001032,CUST_0469,STR_012,2025-07-30,1689.96,Debit Card
TXN_001033,CUST_0099,STR_001,2025-08-27,1311.56,Debit Card
TXN_001034,CUST_0345,STR_003,2025-09-17,281.62,Debit Card
TXN_001035,CUST_0113,STR_005,2025-11-03,966.66,Digital Wallet
TXN_001036,CUST_0473,STR_009,2025-11-28,1808.67,Credit Card
TXN_001037,CUST_0285,STR_015,2025-08-18,2021.99,Credit Card
TXN_001038,CUST_0346,STR_012,2025-04-09,470.27,Credit Card
TXN_001039,CUST_0309,STR_017,2025-03-24,382.67,Debit Card
TXN_001040,CUST_0053,STR_019,2025-07-02,281.62,Credit Card
TXN_001041,CUST_0373,STR_008,2025-08-14,98.21,Credit Card
TXN_001042,CUST_0041,STR_015,2025-01-08,1229.9,Digital Wallet
TXN_001043,CUST_0298,STR_002,2025-04-07,1039.16,Credit Card
TXN_001044,CUST_0020,STR_013,2025-07-20,601.2,Digital Wallet
TXN_001045,CUST_0066,STR_018,2025-09-11,544.89,Credit Card
TXN_001046,CUST_0335,STR_005,2025-04-01,842.63,Cash
TXN_001047,CUST_0244,STR_005,2025-05-12,115.7,Credit Card
TXN_001048,CUST_0228,STR_009,2025-10-20,104.39,Credit Card
TXN_001049,CUST_0209,STR_006,2025-03-13,470.84,Credit Card
TXN_001050,CUST_0422,STR_002,2025-06-02,683.24,Credit Card
TXN_001051,CUST_0331,STR_017,2025-10-23,152.87,Credit Card
TXN_001052,CUST_0353,STR_005,2025-10-09,1749.05,Debit Card
TXN_001053,CUST_0460,STR_012,2025-11-05,573.46,Credit Card
TXN_001054,CUST_0430,STR_014,2025-08-07,558.43,Cash
TXN_001055,CUST_0424,STR_002,2025-06-02,2616.74,Credit Card
TXN_001056,CUST_0425,STR_016,2025-11-14,956.39,Credit Card
TXN_001057,CUST_0262,STR_007,2025-08-31,687.46,Digital Wallet
TXN_001058,CUST_0431,STR_007,2025-07-03,1389.55,Debit Card
TXN_001059,CUST_0091,STR_011,2025-02-25,128.24,Credit Card
TXN_001060,CUST_0327,STR_018,2025-06-15,920.78,Cash
TXN_001061,CUST_0140,STR_003,2025-03-16,294.86,Credit Card
TXN_001062,CUST_0433,STR_017,2025-05-16,1751.21,Credit Card
TXN_001063,CUST_0138,STR_018,2025-04-02,2535.44,Credit Card
TXN_001064,CUST_0353,STR_016,2025-03-16,1930.85,Cash
TXN_001065,CUST_0259,STR_019,2025-01-16,121.79,Debit Card
TXN_001066,CUST_0087,STR_016,2025-06-26,206.81,Credit Card
TXN_001067,CUST_0236,STR_018,2025-01-20,1633.24,Credit Card
TXN_001068,CUST_0109,STR_020,2025-10-13,1076.89,Credit Card
TXN_001069,CUST_0199,STR_003,2025-05-06,2649.28,Debit Card
TXN_001070,CUST_0131,STR_017,2025-06-08,1601.44,Credit Card
TXN_001071,CUST_0294,STR_005,2025-01-02,628.22,Credit Card
TXN_001072,CUST_0215,STR_013,2025-11-12,755.5,Digital Wallet
TXN_001073,CUST_0317,STR_016,2025-11-22,704.72,Debit Card
TXN_001074,CUST_0093,STR_002,2025-08-28,2064.16,Credit Card
TXN_001075,CUST_0173,STR_017,2025-01-29,444.41,Credit Card
TXN_001076,CUST_0125,STR_003,2025-07-09,1963.9,Digital Wallet
TXN_001077,CUST_0474,STR_016,2025-01-22,870.82,Digital Wallet
TXN_001078,CUST_0105,STR_001,2025-01-02,1506.62,Credit Card
TXN_001079,CUST_0204,STR_009,2025-05-07,532.8,Credit Card
TXN_001080,CUST_0116,STR_011,2025-12-29,2407.0,Credit Card
TXN_001081,CUST_0140,STR_012,2025-02-09,827.11,Credit Card
TXN_001082,CUST_0308,STR_010,2025-02-16,1286.06,Credit Card
TXN_001083,CUST_0273,STR_011,2025-10-10,498.74,Credit Card
TXN_001084,CUST_0152,STR_019,2025-04-11,109.61,Debit Card
TXN_001085,CUST_0412,STR_008,2025-08-23,630.61,Debit Card
TXN_001086,CUST_0154,STR_013,2025-11-24,128.88,Credit Card
TXN_001087,CUST_0201,STR_016,2025-01-15,7148.16,Credit Card
TXN_001088,CUST_0075,STR_003,2025-06-25,177.45,Credit Card
TXN_001089,CUST_0286,STR_004,2025-05-22,206.74,Credit Card
TXN_001090,CUST_0370,STR_012,2025-01-25,797.99,Debit Card
TXN_001091,CUST_0140,STR_008,2025-07-10,1308.68,Credit Card
TXN_001092,CUST_0221,STR_016,2025-04-26,26166.57,Digital Wallet
TXN_001093,CUST_0340,STR_001,2025-12-26,1864.09,Credit Card
TXN_001094,CUST_0296,STR_008,2025-12-29,1605.37,Debit Card
TXN_001095,CUST_0360,STR_004,2025-09-13,616.54,Cash
TXN_001096,CUST_0197,STR_006,2025-09-12,561.81,Debit Card
TXN_001097,CUST_0116,STR_012,2025-10-24,363.72,Digital Wallet
TXN_001098,CUST_0272,STR_010,2025-08-02,496.64,Credit Card
TXN_001099,CUST_0357,STR_014,2025-07-23,483.62,Credit Card
TXN_001100,CUST_0019,STR_019,2025-06-22,196.47,Credit Card
TXN_001101,CUST_0326,STR_019,2025-10-31,1629.17,Credit Card
TXN_001102,CUST_0437,STR_007,2025-12-28,196.4,Digital Wallet
TXN_001103,CUST_0038,STR_007,2025-05-09,659.4,Credit Card
TXN_001104,CUST_0029,STR_013,2025-05-14,2229.9,Digital Wallet
TXN_001105,CUST_0072,STR_014,2025-07-19,1899.63,Debit Card
TXN_001106,CUST_0188,STR_019,2025-07-11,1341.14,Debit Card
TXN_001107,CUST_0287,STR_010,2025-12-22,6901.35,Credit Card
TXN_001108,CUST_0225,STR_018,2025-06-13,239.38,Credit Card
TXN_001109,CUST_0397,STR_014,2025-07-23,4036.59,Debit Card
TXN_001110,CUST_0201,STR_016,2025-08-13,974.62,Credit Card
TXN_001111,CUST_0191,STR_008,2025-12-19,210.24,Credit Card
TXN_001112,CUST_0445,STR_011,2025-09-23,190.49,Debit Card
TXN_001113,CUST_0477,STR_011,2025-04-01,4465.2,Debit Card
TXN_001114,CUST_0347,STR_004,2025-08-14,3127.45,Debit Card
TXN_001115,CUST_0285,STR_011,2025-05-10,2045.84,Digital Wallet
TXN_001116,CUST_0406,STR_006,2025-11-19,2169.03,Credit Card
TXN_001117,CUST_0151,STR_018,2025-04-25,1798.54,Credit Card
TXN_001118,CUST_0444,STR_001,2025-04-04,444.41,Digital Wallet
TXN_001119,CUST_0258,STR_016,2025-08-10,6845.4,Debit Card
TXN_001120,CUST_0111,STR_018,2025-07-11,901.39,Credit Card
TXN_001121,CUST_0278,STR_018,2025-04-22,1966.73,Credit Card
TXN_001122,CUST_0496,STR_004,2025-06-28,48.13,Credit Card
TXN_001123,CUST_0353,STR_019,2025-03-09,196.4,Debit Card
TXN_001124,CUST_0034,STR_012,2025-04-05,524.23,Credit Card
TXN_001125,CUST_0072,STR_004,2025-08-21,1039.16,Credit Card
TXN_001126,CUST_0455,STR_002,2025-09-13,587.79,Debit Card
TXN_001127,CUST_0160,STR_001,2025-09-03,1542.49,Credit Card
TXN_001128,CUST_0396,STR_009,2025-02-06,296.66,Debit Card
TXN_001129,CUST_0066,STR_007,2025-04-27,1075.36,Cash
TXN_001130,CUST_0493,STR_009,2025-10-09,724.32,Credit Card
TXN_001131,CUST_0161,STR_012,2025-09-29,28.73,Cash
TXN_001132,CUST_0278,STR_013,2025-02-16,2279.91,Credit Card
TXN_001133,CUST_0405,STR_005,2025-06-11,1359.45,Credit Card
TXN_001134,CUST_0154,STR_006,2025-05-08,932.2,Credit Card
TXN_001135,CUST_0491,STR_018,2025-07-11,3171.69,Debit Card
TXN_001136,CUST_0225,STR_007,2025-06-27,1585.62,Credit Card
TXN_001137,CUST_0053,STR_016,2025-01-21,708.37,Credit Card
TXN_001138,CUST_0016,STR_007,2025-11-14,1103.64,Credit Card
TXN_001139,CUST_0295,STR_014,2025-02-27,2561.42,Digital Wallet
TXN_001140,CUST_0447,STR_019,2025-05-05,561.81,Credit Card
TXN_001141,CUST_0369,STR_010,2025-11-02,2827.1,Digital Wallet
TXN_001142,CUST_0432,STR_007,2025-07-25,224.11,Debit Card
TXN_001143,CUST_0306,STR_004,2025-01-16,1745.5,Credit Card
TXN_001144,CUST_0188,STR_017,2025-03-08,3937.44,Digital Wallet
TXN_001145,CUST_0455,STR_001,2025-11-07,1821.16,Digital Wallet
TXN_001146,CUST_0367,STR_008,2025-04-27,706.28,Cash
TXN_001147,CUST_0398,STR_001,2025-10-04,777.54,Credit Card
TXN_001148,CUST_0405,STR_011,2025-08-30,1936.9,Credit Card
TXN_001149,CUST_0165,STR_003,2025-03-23,708.54,Debit Card
TXN_001150,CUST_0037,STR_001,2025-10-06,290.73,Digital Wallet
TXN_001151,CUST_0288,STR_018,2025-07-31,1956.29,Credit Card
TXN_001152,CUST_0404,STR_018,2025-02-24,3555.88,Credit Card
TXN_001153,CUST_0409,STR_007,2025-10-05,9107.62,Credit Card
TXN_001154,CUST_0303,STR_010,2025-07-07,375.77,Credit Card
TXN_001155,CUST_0474,STR_004,2025-12-29,1919.94,Debit Card
TXN_001156,CUST_0437,STR_020,2025-09-12,154.0,Debit Card
TXN_001157,CUST_0372,STR_017,2025-02-23,430.1,Digital Wallet
TXN_001158,CUST_0149,STR_007,2025-01-23,3118.8,Digital Wallet
TXN_001159,CUST_0411,STR_011,2025-09-22,248.5,Debit Card
TXN_001160,CUST_0058,STR_001,2025-06-05,127.3,Credit Card
TXN_001161,CUST_0391,STR_015,2025-10-02,804.71,Credit Card
TXN_001162,CUST_0239,STR_011,2025-10-22,524.06,Debit Card
TXN_001163,CUST_0074,STR_010,2025-12-25,2039.86,Debit Card
TXN_001164,CUST_0003,STR_002,2025-10-20,1529.9,Credit Card
TXN_001165,CUST_0065,STR_012,2025-01-17,212.24,Debit Card
TXN_001166,CUST_0031,STR_006,2025-08-21,1031.24,Debit Card
TXN_001167,CUST_0347,STR_007,2025-12-01,391.74,Debit Card
TXN_001168,CUST_0175,STR_020,2025-01-19,1043.9,Debit Card
TXN_001169,CUST_0233,STR_015,2025-08-05,412.36,Debit Card
TXN_001170,CUST_0422,STR_001,2025-09-24,63.65,Credit Card
TXN_001171,CUST_0205,STR_007,2025-09-06,2194.68,Credit Card
TXN_001172,CUST_0209,STR_009,2025-02-13,532.35,Credit Card
TXN_001173,CUST_0416,STR_006,2025-02-14,1540.1,Credit Card
TXN_001174,CUST_0050,STR_008,2025-01-01,604.08,Cash
TXN_001175,CUST_0262,STR_017,2025-01-02,962.06,Debit Card
TXN_001176,CUST_0178,STR_015,2025-03-20,161.87,Credit Card
TXN_001177,CUST_0155,STR_015,2025-11-04,269.98,Credit Card
TXN_001178,CUST_0185,STR_007,2025-12-07,177.45,Digital Wallet
TXN_001179,CUST_0288,STR_017,2025-09-23,519.58,Debit Card
TXN_001180,CUST_0395,STR_015,2025-12-13,1799.88,Credit Card
TXN_001181,CUST_0147,STR_004,2025-12-05,936.44,Digital Wallet
TXN_001182,CUST_0221,STR_016,2025-07-22,178.57,Credit Card
TXN_001183,CUST_0332,STR_005,2025-06-04,388.43,Credit Card
TXN_001184,CUST_0381,STR_007,2025-01-14,64.17,Credit Card
TXN_001185,CUST_0046,STR_013,2025-12-14,1648.78,Digital Wallet
TXN_001186,CUST_0390,STR_013,2025-11-13,2053.62,Digital Wallet
TXN_001187,CUST_0021,STR_017,2025-07-30,1485.06,Credit Card
TXN_001188,CUST_0141,STR_001,2025-09-14,486.11,Credit Card
TXN_001189,CUST_0214,STR_012,2025-11-18,893.48,Credit Card
TXN_001190,CUST_0014,STR_001,2025-03-26,1130.86,Credit Card
TXN_001191,CUST_0223,STR_011,2025-10-13,238.21,Digital Wallet
TXN_001192,CUST_0276,STR_019,2025-06-02,306.03,Digital Wallet
TXN_001193,CUST_0043,STR_015,2025-01-04,1601.0,Cash
TXN_001194,CUST_0269,STR_013,2025-10-01,1308.68,Credit Card
TXN_001195,CUST_0021,STR_009,2025-04-19,3992.1,Credit Card
TXN_001196,CUST_0270,STR_001,2025-01-22,1175.76,Credit Card
TXN_001197,CUST_0293,STR_002,2025-11-07,1718.95,Credit Card
TXN_001198,CUST_0460,STR_012,2025-05-08,559.06,Debit Card
TXN_001199,CUST_0353,STR_006,2025-01-23,524.05,Credit Card
TXN_001200,CUST_0002,STR_017,2025-10-12,2598.41,Debit Card
TXN_001201,CUST_0314,STR_010,2025-09-07,1097.42,Credit Card
TXN_001202,CUST_0188,STR_014,2025-09-15,979.46,Credit Card
TXN_001203,CUST_0191,STR_017,2025-09-07,452.44,Debit Card
TXN_001204,CUST_0075,STR_014,2025-05-02,1852.86,Credit Card
TXN_001205,CUST_0037,STR_006,2025-08-06,649.72,Credit Card
TXN_001206,CUST_0230,STR_012,2025-05-14,493.6,Credit Card
TXN_001207,CUST_0285,STR_010,2025-09-04,3730.92,Credit Card
TXN_001208,CUST_0454,STR_009,2025-07-08,24.42,Credit Card
TXN_001209,CUST_0016,STR_016,2025-05-09,952.5,Credit Card
TXN_001210,CUST_0407,STR_020,2025-01-27,2197.16,Credit Card
TXN_001211,CUST_0458,STR_013,2025-03-22,812.33,Debit Card
TXN_001212,CUST_0101,STR_012,2025-07-24,3309.53,Cash
TXN_001213,CUST_0479,STR_014,2025-03-12,476.25,Digital Wallet
TXN_001214,CUST_0450,STR_009,2025-04-16,524.23,Credit Card
TXN_001215,CUST_0117,STR_004,2025-12-09,235.66,Credit Card
TXN_001216,CUST_0127,STR_010,2025-12-17,1004.61,Credit Card
TXN_001217,CUST_0010,STR_012,2025-03-10,1020.36,Credit Card
TXN_001218,CUST_0286,STR_017,2025-08-24,5376.08,Credit Card
TXN_001219,CUST_0045,STR_005,2025-12-29,412.36,Debit Card
TXN_001220,CUST_0215,STR_001,2025-10-28,1812.24,Credit Card
TXN_001221,CUST_0493,STR_016,2025-09-14,106.73,Digital Wallet
TXN_001222,CUST_0169,STR_002,2025-01-19,2342.47,Credit Card
TXN_001223,CUST_0452,STR_015,2025-03-03,785.02,Credit Card
TXN_001224,CUST_0189,STR_004,2025-07-01,670.08,Credit Card
TXN_001225,CUST_0276,STR_016,2025-05-03,709.8,Credit Card
TXN_001226,CUST_0475,STR_014,2025-09-26,976.52,Credit Card
TXN_001227,CUST_0306,STR_006,2025-03-11,388.43,Debit Card
TXN_001228,CUST_0185,STR_017,2025-02-14,872.25,Credit Card
TXN_001229,CUST_0069,STR_003,2025-01-25,2038.67,Credit Card
TXN_001230,CUST_0314,STR_011,2025-07-31,724.73,Digital Wallet
TXN_001231,CUST_0215,STR_002,2025-06-21,3702.46,Credit Card
TXN_001232,CUST_0209,STR_015,2025-01-20,2004.37,Credit Card
TXN_001233,CUST_0451,STR_001,2025-04-10,699.3,Debit Card
TXN_001234,CUST_0171,STR_019,2025-12-12,586.75,Cash
TXN_001235,CUST_0169,STR_009,2025-04-21,3270.5,Credit Card
TXN_001236,CUST_0111,STR_005,2025-07-28,1794.81,Credit Card
TXN_001237,CUST_0145,STR_009,2025-07-08,862.52,Credit Card
TXN_001238,CUST_0087,STR_008,2025-07-27,60.1,Debit Card
TXN_001239,CUST_0403,STR_007,2025-04-29,962.72,Credit Card
TXN_001240,CUST_0294,STR_016,2025-02-27,1433.25,Debit Card
TXN_001241,CUST_0279,STR_018,2025-07-25,362.7,Credit Card
TXN_001242,CUST_0455,STR_008,2025-11-15,516.11,Credit Card
TXN_001243,CUST_0213,STR_013,2025-05-24,1102.08,Cash
TXN_001244,CUST_0382,STR_004,2025-03-06,722.53,Digital Wallet
TXN_001245,CUST_0064,STR_017,2025-01-24,132.77,Debit Card
TXN_001246,CUST_0301,STR_007,2025-06-24,19605.66,Credit Card
TXN_001247,CUST_0473,STR_019,2025-12-18,1881.4,Debit Card
TXN_001248,CUST_0136,STR_003,2025-02-01,2973.69,Cash
TXN_001249,CUST_0143,STR_011,2025-11-07,559.06,Credit Card
TXN_001250,CUST_0393,STR_018,2025-07-01,843.21,Credit Card
TXN_001251,CUST_0177,STR_010,2025-05-30,4003.09,Credit Card
TXN_001252,CUST_0409,STR_014,2025-03-29,561.81,Digital Wallet
TXN_001253,CUST_0308,STR_004,2025-07-13,926.09,Digital Wallet
TXN_001254,CUST_0028,STR_010,2025-10-28,205.33,Credit Card
TXN_001255,CUST_0164,STR_003,2025-06-29,538.38,Debit Card
TXN_001256,CUST_0476,STR_008,2025-08-06,106.31,Digital Wallet
TXN_001257,CUST_0143,STR_018,2025-12-06,524.28,Credit Card
TXN_001258,CUST_0001,STR_008,2025-11-23,308.27,Credit Card
TXN_001259,CUST_0188,STR_018,2025-05-13,1341.83,Credit Card
TXN_001260,CUST_0316,STR_005,2025-06-10,448.89,Credit Card
TXN_001261,CUST_0452,STR_001,2025-11-06,620.68,Credit Card
TXN_001262,CUST_0453,STR_020,2025-04-03,64.17,Digital Wallet
TXN_001263,CUST_0141,STR_001,2025-06-23,1510.38,Digital Wallet
TXN_001264,CUST_0086,STR_010,2025-07-12,773.05,Credit Card
TXN_001265,CUST_0136,STR_014,2025-09-19,764.95,Credit Card
TXN_001266,CUST_0431,STR_011,2025-04-09,524.23,Digital Wallet
TXN_001267,CUST_0333,STR_003,2025-07-29,2241.46,Credit Card
TXN_001268,CUST_0422,STR_007,2025-01-02,274.25,Debit Card
TXN_001269,CUST_0032,STR_005,2025-01-12,514.28,Debit Card
TXN_001270,CUST_0099,STR_019,2025-07-13,3386.77,Debit Card
TXN_001271,CUST_0316,STR_007,2025-06-18,538.38,Debit Card
TXN_001272,CUST_0422,STR_003,2025-12-30,680.03,Debit Card
TXN_001273,CUST_0058,STR_017,2025-06-11,1041.66,Debit Card
TXN_001274,CUST_0178,STR_020,2025-08-03,1130.9,Cash
TXN_001275,CUST_0135,STR_020,2025-01-03,616.54,Debit Card
TXN_001276,CUST_0290,STR_009,2025-03-28,466.1,Debit Card
TXN_001277,CUST_0237,STR_018,2025-12-20,1235.87,Credit Card
TXN_001278,CUST_0391,STR_006,2025-11-15,660.93,Credit Card
TXN_001279,CUST_0038,STR_014,2025-09-01,1882.84,Credit Card
TXN_001280,CUST_0280,STR_014,2025-08-31,3332.63,Digital Wallet
TXN_001281,CUST_0040,STR_010,2025-05-12,6399.38,Credit Card
TXN_001282,CUST_0328,STR_019,2025-08-24,4148.28,Credit Card
TXN_001283,CUST_0282,STR_006,2025-12-13,1547.51,Debit Card
TXN_001284,CUST_0494,STR_010,2025-10-28,1249.68,Debit Card
TXN_001285,CUST_0336,STR_019,2025-02-25,1943.76,Debit Card
TXN_001286,CUST_0356,STR_007,2025-12-23,1500.49,Debit Card
TXN_001287,CUST_0297,STR_013,2025-08-07,698.28,Digital Wallet
TXN_001288,CUST_0234,STR_018,2025-12-29,662.56,Credit Card
TXN_001289,CUST_0109,STR_002,2025-04-09,225.46,Debit Card
TXN_001290,CUST_0117,STR_020,2025-10-21,1088.69,Credit Card
TXN_001291,CUST_0123,STR_009,2025-08-23,1086.33,Credit Card
TXN_001292,CUST_0397,STR_010,2025-06-25,1626.76,Digital Wallet
TXN_001293,CUST_0421,STR_003,2025-11-15,693.18,Credit Card
TXN_001294,CUST_0442,STR_019,2025-12-15,1157.9,Credit Card
TXN_001295,CUST_0248,STR_011,2025-09-30,565.98,Credit Card
TXN_001296,CUST_0445,STR_009,2025-02-21,2633.97,Digital Wallet
TXN_001297,CUST_0431,STR_008,2025-03-20,461.8,Debit Card
TXN_001298,CUST_0265,STR_011,2025-10-03,1777.64,Debit Card
TXN_001299,CUST_0113,STR_018,2025-01-29,1147.75,Debit Card
TXN_001300,CUST_0378,STR_002,2025-03-06,412.36,Debit Card
TXN_001301,CUST_0326,STR_007,2025-03-06,2299.67,Digital Wallet
TXN_001302,CUST_0372,STR_020,2025-09-21,479.21,Credit Card
TXN_001303,CUST_0133,STR_008,2025-04-08,1575.47,Debit Card
TXN_001304,CUST_0224,STR_017,2025-10-17,900.2,Credit Card
TXN_001305,CUST_0228,STR_009,2025-10-12,86.19,Credit Card
TXN_001306,CUST_0488,STR_016,2025-04-19,243.58,Debit Card
TXN_001307,CUST_0127,STR_008,2025-11-17,206.74,Debit Card
TXN_001308,CUST_0294,STR_001,2025-01-05,1476.03,Debit Card
TXN_001309,CUST_0170,STR_014,2025-06-18,2263.94,Credit Card
TXN_001310,CUST_0385,STR_009,2025-09-19,3185.98,Credit Card
TXN_001311,CUST_0056,STR_009,2025-07-28,448.22,Credit Card
TXN_001312,CUST_0351,STR_020,2025-08-12,176.78,Credit Card
TXN_001313,CUST_0070,STR_001,2025-08-09,1570.46,Credit Card
TXN_001314,CUST_0268,STR_009,2025-10-07,285.0,Debit Card
TXN_001315,CUST_0024,STR_019,2025-08-13,287.26,Credit Card
TXN_001316,CUST_0322,STR_003,2025-02-14,653.09,Credit Card
TXN_001317,CUST_0371,STR_014,2025-11-12,813.74,Debit Card
TXN_001318,CUST_0402,STR_004,2025-08-24,127.3,Credit Card
TXN_001319,CUST_0429,STR_012,2025-03-27,1325.2,Digital Wallet
TXN_001320,CUST_0075,STR_015,2025-01-30,792.62,Credit Card
TXN_001321,CUST_0357,STR_018,2025-09-13,846.49,Debit Card
TXN_001322,CUST_0303,STR_010,2025-12-19,308.27,Debit Card
TXN_001323,CUST_0455,STR_010,2025-01-18,413.52,Credit Card
TXN_001324,CUST_0435,STR_005,2025-09-21,561.81,Debit Card
TXN_001325,CUST_0471,STR_011,2025-09-05,296.66,Credit Card
TXN_001326,CUST_0337,STR_014,2025-09-07,920.05,Debit Card
TXN_001327,CUST_0017,STR_006,2025-09-25,680.65,Digital Wallet
TXN_001328,CUST_0402,STR_014,2025-01-28,98.21,Credit Card
TXN_001329,CUST_0028,STR_017,2025-01-19,98.21,Digital Wallet
TXN_001330,CUST_0345,STR_012,2025-01-13,1194.05,Digital Wallet
TXN_001331,CUST_0134,STR_014,2025-01-27,472.52,Debit Card
TXN_001332,CUST_0111,STR_002,2025-10-10,1938.11,Credit Card
TXN_001333,CUST_0056,STR_004,2025-10-10,1826.49,Credit Card
TXN_001334,CUST_0175,STR_016,2025-12-14,1243.25,Credit Card
TXN_001335,CUST_0290,STR_014,2025-09-30,495.02,Digital Wallet
TXN_001336,CUST_0136,STR_004,2025-03-23,1432.39,Credit Card
TXN_001337,CUST_0280,STR_007,2025-11-03,1535.48,Digital Wallet
TXN_001338,CUST_0060,STR_019,2025-10-28,363.72,Debit Card
TXN_001339,CUST_0409,STR_008,2025-04-08,1775.34,Digital Wallet
TXN_001340,CUST_0412,STR_002,2025-09-19,1732.1,Credit Card
TXN_001341,CUST_0151,STR_011,2025-01-08,2099.3,Debit Card
TXN_001342,CUST_0357,STR_015,2025-06-17,251.87,Credit Card
TXN_001343,CUST_0060,STR_017,2025-10-31,59.7,Credit Card
TXN_001344,CUST_0404,STR_002,2025-07-24,2825.12,Credit Card
TXN_001345,CUST_0414,STR_003,2025-05-28,470.35,Digital Wallet
TXN_001346,CUST_0290,STR_004,2025-03-20,875.47,Credit Card
TXN_001347,CUST_0022,STR_004,2025-10-24,1303.4,Credit Card
TXN_001348,CUST_0005,STR_004,2025-01-09,888.28,Credit Card
TXN_001349,CUST_0146,STR_006,2025-06-30,4311.96,Credit Card
TXN_001350,CUST_0254,STR_016,2025-12-25,1275.0,Credit Card
TXN_001351,CUST_0421,STR_020,2025-10-18,313.17,Credit Card
TXN_001352,CUST_0176,STR_010,2025-12-09,142.5,Credit Card
TXN_001353,CUST_0369,STR_012,2025-11-09,412.36,Debit Card
TXN_001354,CUST_0159,STR_016,2025-05-30,243.85,Credit Card
TXN_001355,CUST_0339,STR_019,2025-07-07,224.11,Debit Card
TXN_001356,CUST_0022,STR_011,2025-03-09,1341.51,Digital Wallet
TXN_001357,CUST_0140,STR_008,2025-05-15,495.02,Debit Card
TXN_001358,CUST_0084,STR_016,2025-09-12,1515.78,Credit Card
TXN_001359,CUST_0003,STR_007,2025-10-29,2474.86,Digital Wallet
TXN_001360,CUST_0488,STR_017,2025-05-18,224.11,Credit Card
TXN_001361,CUST_0467,STR_006,2025-12-12,1344.38,Credit Card
TXN_001362,CUST_0031,STR_011,2025-09-19,620.22,Debit Card
TXN_001363,CUST_0328,STR_019,2025-03-13,918.09,Cash
TXN_001364,CUST_0497,STR_008,2025-12-14,2391.88,Credit Card
TXN_001365,CUST_0225,STR_017,2025-03-16,352.73,Credit Card
TXN_001366,CUST_0261,STR_001,2025-04-29,872.25,Digital Wallet
TXN_001367,CUST_0290,STR_011,2025-03-29,298.33,Debit Card
TXN_001368,CUST_0250,STR_004,2025-11-14,1374.92,Digital Wallet
TXN_001369,CUST_0351,STR_014,2025-05-28,476.25,Digital Wallet
TXN_001370,CUST_0256,STR_016,2025-02-23,546.47,Debit Card
TXN_001371,CUST_0246,STR_001,2025-06-02,1164.06,Credit Card
TXN_001372,CUST_0049,STR_011,2025-09-04,632.48,Credit Card
TXN_001373,CUST_0098,STR_003,2025-07-17,604.08,Credit Card
TXN_001374,CUST_0373,STR_013,2025-05-22,197.3,Digital Wallet
TXN_001375,CUST_0044,STR_013,2025-05-16,3066.46,Debit Card
TXN_001376,CUST_0323,STR_014,2025-11-20,765.55,Credit Card
TXN_001377,CUST_0326,STR_007,2025-11-26,741.41,Credit Card
TXN_001378,CUST_0310,STR_014,2025-03-26,221.44,Debit Card
TXN_001379,CUST_0240,STR_010,2025-04-28,900.74,Debit Card
TXN_001380,CUST_0392,STR_016,2025-09-15,837.07,Debit Card
TXN_001381,CUST_0075,STR_006,2025-03-31,846.49,Debit Card
TXN_001382,CUST_0286,STR_011,2025-04-15,1031.46,Credit Card
TXN_001383,CUST_0020,STR_001,2025-02-23,1745.79,Credit Card
TXN_001384,CUST_0204,STR_008,2025-07-19,63.65,Digital Wallet
TXN_001385,CUST_0062,STR_015,2025-02-24,440.42,Credit Card
TXN_001386,CUST_0467,STR_007,2025-02-09,934.2,Cash
TXN_001387,CUST_0052,STR_001,2025-07-13,63.26,Cash
TXN_001388,CUST_0327,STR_008,2025-12-26,210.24,Debit Card
TXN_001389,CUST_0028,STR_004,2025-02-14,1667.17,Debit Card
TXN_001390,CUST_0327,STR_007,2025-04-02,2858.75,Debit Card
TXN_001391,CUST_0137,STR_015,2025-11-28,466.1,Credit Card
TXN_001392,CUST_0395,STR_009,2025-06-03,496.64,Credit Card
TXN_001393,CUST_0437,STR_017,2025-03-14,472.52,Credit Card
TXN_001394,CUST_0046,STR_006,2025-11-03,1577.42,Credit Card
TXN_001395,CUST_0416,STR_004,2025-08-17,1433.9,Debit Card
TXN_001396,CUST_0056,STR_004,2025-06-02,2518.19,Credit Card
TXN_001397,CUST_0065,STR_020,2025-12-20,98.06,Cash
TXN_001398,CUST_0136,STR_009,2025-12-23,1054.24,Cash
TXN_001399,CUST_0385,STR_013,2025-05-04,473.91,Credit Card
TXN_001400,CUST_0454,STR_020,2025-07-26,11655.84,Credit Card
TXN_001401,CUST_0110,STR_007,2025-01-16,313.12,Credit Card
TXN_001402,CUST_0290,STR_010,2025-06-15,1118.12,Debit Card
TXN_001403,CUST_0069,STR_008,2025-10-23,17719.52,Debit Card
TXN_001404,CUST_0106,STR_020,2025-01-20,576.46,Credit Card
TXN_001405,CUST_0242,STR_015,2025-01-29,441.64,Credit Card
TXN_001406,CUST_0035,STR_011,2025-07-24,319.4,Debit Card
TXN_001407,CUST_0102,STR_010,2025-03-27,432.93,Credit Card
TXN_001408,CUST_0046,STR_014,2025-12-30,408.88,Credit Card
TXN_001409,CUST_0258,STR_020,2025-07-15,2137.66,Credit Card
TXN_001410,CUST_0452,STR_019,2025-06-17,1367.27,Debit Card
TXN_001411,CUST_0478,STR_007,2025-05-31,2926.69,Debit Card
TXN_001412,CUST_0010,STR_019,2025-06-21,150.0,Debit Card
TXN_001413,CUST_0488,STR_015,2025-12-24,561.81,Credit Card
TXN_001414,CUST_0447,STR_013,2025-08-01,800.5,Credit Card
TXN_001415,CUST_0207,STR_010,2025-07-02,98.06,Debit Card
TXN_001416,CUST_0061,STR_013,2025-10-22,798.84,Digital Wallet
TXN_001417,CUST_0114,STR_014,2025-03-28,1740.9,Digital Wallet
TXN_001418,CUST_0422,STR_015,2025-09-17,22680.96,Credit Card
TXN_001419,CUST_0267,STR_011,2025-11-06,4005.6,Credit Card
TXN_001420,CUST_0353,STR_011,2025-05-10,419.44,Credit Card
TXN_001421,CUST_0308,STR_009,2025-08-13,981.6,Credit Card
TXN_001422,CUST_0293,STR_001,2025-04-15,529.53,Credit Card
TXN_001423,CUST_0280,STR_019,2025-02-20,212.09,Credit Card
TXN_001424,CUST_0204,STR_017,2025-09-18,160.71,Digital Wallet
TXN_001425,CUST_0191,STR_004,2025-08-02,524.28,Credit Card
TXN_001426,CUST_0486,STR_009,2025-05-07,28.73,Digital Wallet
TXN_001427,CUST_0286,STR_005,2025-04-13,295.91,Credit Card
TXN_001428,CUST_0209,STR_006,2025-10-06,2963.75,Credit Card
TXN_001429,CUST_0307,STR_012,2025-03-03,175.73,Debit Card
TXN_001430,CUST_0056,STR_020,2025-12-04,1722.32,Credit Card
TXN_001431,CUST_0476,STR_003,2025-11-16,476.25,Digital Wallet
TXN_001432,CUST_0347,STR_006,2025-02-22,888.82,Credit Card
TXN_001433,CUST_0374,STR_002,2025-04-12,1276.69,Credit Card
TXN_001434,CUST_0070,STR_020,2025-10-18,2872.54,Credit Card
TXN_001435,CUST_0280,STR_011,2025-11-10,586.75,Credit Card
TXN_001436,CUST_0061,STR_005,2025-03-16,1649.44,Cash
TXN_001437,CUST_0090,STR_014,2025-03-18,3054.93,Credit Card
TXN_001438,CUST_0358,STR_010,2025-06-05,100.99,Debit Card
TXN_001439,CUST_0219,STR_005,2025-02-28,854.39,Debit Card
TXN_001440,CUST_0192,STR_004,2025-08-23,281.62,Digital Wallet
TXN_001441,CUST_0038,STR_013,2025-03-02,1173.5,Credit Card
TXN_001442,CUST_0075,STR_020,2025-01-28,957.3,Digital Wallet
TXN_001443,CUST_0269,STR_009,2025-03-15,243.58,Debit Card
TXN_001444,CUST_0188,STR_009,2025-02-03,758.37,Credit Card
TXN_001445,CUST_0079,STR_008,2025-10-06,764.47,Debit Card
TXN_001446,CUST_0371,STR_005,2025-06-11,481.03,Digital Wallet
TXN_001447,CUST_0307,STR_014,2025-05-22,585.83,Debit Card
TXN_001448,CUST_0361,STR_007,2025-04-18,1805.19,Credit Card
TXN_001449,CUST_0413,STR_009,2025-03-27,1639.41,Credit Card
TXN_001450,CUST_0084,STR_018,2025-08-08,13242.06,Debit Card
TXN_001451,CUST_0461,STR_019,2025-09-08,616.54,Credit Card
TXN_001452,CUST_0310,STR_016,2025-10-29,524.28,Credit Card
TXN_001453,CUST_0453,STR_010,2025-11-19,422.1,Digital Wallet
TXN_001454,CUST_0003,STR_008,2025-07-22,308.27,Digital Wallet
TXN_001455,CUST_0296,STR_009,2025-07-29,666.23,Cash
TXN_001456,CUST_0494,STR_015,2025-12-07,1233.92,Debit Card
TXN_001457,CUST_0413,STR_019,2025-06-14,737.61,Credit Card
TXN_001458,CUST_0423,STR_016,2025-07-05,75.81,Credit Card
TXN_001459,CUST_0350,STR_013,2025-07-02,63.65,Digital Wallet
TXN_001460,CUST_0122,STR_002,2025-06-30,285.0,Credit Card
TXN_001461,CUST_0457,STR_016,2025-03-21,2514.07,Digital Wallet
TXN_001462,CUST_0044,STR_017,2025-02-10,3364.32,Debit Card
TXN_001463,CUST_0084,STR_002,2025-12-14,743.91,Credit Card
TXN_001464,CUST_0399,STR_005,2025-12-18,1059.24,Credit Card
TXN_001465,CUST_0134,STR_016,2025-10-03,2870.74,Digital Wallet
TXN_001466,CUST_0465,STR_010,2025-12-13,962.19,Credit Card
TXN_001467,CUST_0109,STR_016,2025-12-20,726.23,Credit Card
TXN_001468,CUST_0454,STR_005,2025-09-20,1760.73,Debit Card
TXN_001469,CUST_0415,STR_003,2025-03-20,917.28,Credit Card
TXN_001470,CUST_0476,STR_004,2025-07-09,932.15,Debit Card
TXN_001471,CUST_0192,STR_015,2025-09-30,2487.39,Credit Card
TXN_001472,CUST_0256,STR_015,2025-01-28,613.87,Credit Card
TXN_001473,CUST_0464,STR_006,2025-01-20,1422.75,Credit Card
TXN_001474,CUST_0277,STR_007,2025-01-31,1569.06,Credit Card
TXN_001475,CUST_0201,STR_015,2025-04-26,967.46,Digital Wallet
TXN_001476,CUST_0259,STR_019,2025-07-09,15998.61,Credit Card
TXN_001477,CUST_0177,STR_019,2025-08-01,842.63,Credit Card
TXN_001478,CUST_0130,STR_005,2025-04-30,485.21,Credit Card
TXN_001479,CUST_0293,STR_013,2025-08-28,586.75,Digital Wallet
TXN_001480,CUST_0305,STR_003,2025-11-09,17.24,Debit Card
TXN_001481,CUST_0284,STR_018,2025-03-11,2526.46,Debit Card
TXN_001482,CUST_0416,STR_010,2025-01-07,1112.9,Debit Card
TXN_001483,CUST_0109,STR_014,2025-02-08,1146.46,Credit Card
TXN_001484,CUST_0405,STR_013,2025-03-17,434.75,Credit Card
TXN_001485,CUST_0231,STR_011,2025-05-02,297.46,Digital Wallet
TXN_001486,CUST_0263,STR_015,2025-04-23,415.41,Digital Wallet
TXN_001487,CUST_0078,STR_007,2025-06-01,1794.52,Digital Wallet
TXN_001488,CUST_0466,STR_011,2025-10-08,106.31,Credit Card
TXN_001489,CUST_0171,STR_010,2025-03-14,2391.54,Credit Card
TXN_001490,CUST_0329,STR_011,2025-10-02,545.58,Credit Card
TXN_001491,CUST_0410,STR_011,2025-03-05,2486.92,Digital Wallet
TXN_001492,CUST_0220,STR_011,2025-07-19,224.11,Debit Card
TXN_001493,CUST_0050,STR_002,2025-06-21,596.76,Debit Card
TXN_001494,CUST_0459,STR_001,2025-07-04,581.1,Digital Wallet
TXN_001495,CUST_0119,STR_011,2025-10-24,1521.88,Credit Card
TXN_001496,CUST_0135,STR_001,2025-03-13,1764.57,Debit Card
TXN_001497,CUST_0103,STR_006,2025-07-13,199.0,Credit Card
TXN_001498,CUST_0454,STR_014,2025-01-13,628.22,Digital Wallet
TXN_001499,CUST_0492,STR_003,2025-06-28,862.26,Credit Card
TXN_001500,CUST_0458,STR_016,2025-04-27,1061.48,Credit Card
TXN_001501,CUST_0440,STR_008,2025-05-17,1416.74,Digital Wallet
TXN_001502,CUST_0252,STR_016,2025-02-02,478.8,Debit Card
TXN_001503,CUST_0450,STR_002,2025-02-07,352.73,Digital Wallet
TXN_001504,CUST_0263,STR_002,2025-11-28,1059.0,Credit Card
TXN_001505,CUST_0369,STR_005,2025-08-03,992.08,Digital Wallet
TXN_001506,CUST_0032,STR_017,2025-04-28,412.36,Debit Card
TXN_001507,CUST_0154,STR_008,2025-02-13,758.37,Credit Card
TXN_001508,CUST_0250,STR_003,2025-11-21,929.77,Credit Card
TXN_001509,CUST_0113,STR_016,2025-02-06,391.74,Digital Wallet
TXN_001510,CUST_0204,STR_009,2025-01-13,495.02,Credit Card
TXN_001511,CUST_0424,STR_012,2025-01-21,150.0,Credit Card
TXN_001512,CUST_0149,STR_018,2025-11-18,1053.23,Debit Card
TXN_001513,CUST_0324,STR_019,2025-01-22,36900.85,Digital Wallet
TXN_001514,CUST_0092,STR_011,2025-09-14,557.63,Credit Card
TXN_001515,CUST_0453,STR_012,2025-07-27,1374.92,Debit Card
TXN_001516,CUST_0019,STR_004,2025-10-24,224.11,Debit Card
TXN_001517,CUST_0345,STR_006,2025-08-14,205.33,Digital Wallet
TXN_001518,CUST_0150,STR_014,2025-04-03,2474.88,Credit Card
TXN_001519,CUST_0427,STR_014,2025-05-21,708.37,Credit Card
TXN_001520,CUST_0264,STR_014,2025-03-10,1287.51,Credit Card
TXN_001521,CUST_0217,STR_014,2025-07-16,476.25,Debit Card
TXN_001522,CUST_0283,STR_009,2025-01-06,586.75,Digital Wallet
TXN_001523,CUST_0297,STR_020,2025-07-09,352.73,Cash
TXN_001524,CUST_0411,STR_016,2025-10-23,1572.76,Credit Card
TXN_001525,CUST_0303,STR_014,2025-12-27,88.39,Digital Wallet
TXN_001526,CUST_0314,STR_020,2025-01-18,150.0,Credit Card
TXN_001527,CUST_0074,STR_009,2025-09-11,1324.42,Debit Card
TXN_001528,CUST_0052,STR_020,2025-06-22,1150.08,Digital Wallet
TXN_001529,CUST_0047,STR_010,2025-08-16,2157.82,Credit Card
TXN_001530,CUST_0137,STR_009,2025-05-05,112.35,Digital Wallet
TXN_001531,CUST_0060,STR_012,2025-12-03,4654.94,Credit Card
TXN_001532,CUST_0119,STR_007,2025-07-07,256.48,Credit Card
TXN_001533,CUST_0268,STR_005,2025-01-08,841.62,Debit Card
TXN_001534,CUST_0112,STR_011,2025-09-28,1107.27,Credit Card
TXN_001535,CUST_0149,STR_018,2025-05-18,1503.43,Debit Card
TXN_001536,CUST_0455,STR_019,2025-12-02,398.0,Credit Card
TXN_001537,CUST_0303,STR_011,2025-10-11,398.28,Debit Card
TXN_001538,CUST_0209,STR_012,2025-01-03,626.16,Credit Card
TXN_001539,CUST_0431,STR_013,2025-06-08,1443.82,Credit Card
TXN_001540,CUST_0342,STR_014,2025-09-01,196.4,Debit Card
TXN_001541,CUST_0494,STR_010,2025-12-04,510.18,Credit Card
TXN_001542,CUST_0374,STR_007,2025-05-19,168.58,Credit Card
TXN_001543,CUST_0276,STR_012,2025-04-07,53624.55,Credit Card
TXN_001544,CUST_0202,STR_012,2025-05-15,447.02,Credit Card
TXN_001545,CUST_0214,STR_005,2025-02-24,1337.83,Debit Card
TXN_001546,CUST_0469,STR_003,2025-04-26,721.91,Credit Card
TXN_001547,CUST_0227,STR_018,2025-06-12,362.7,Credit Card
TXN_001548,CUST_0195,STR_013,2025-03-03,1328.94,Debit Card
TXN_001549,CUST_0450,STR_004,2025-03-14,115.7,Digital Wallet
TXN_001550,CUST_0051,STR_019,2025-09-29,538.64,Credit Card
TXN_001551,CUST_0052,STR_015,2025-10-29,2383.42,Digital Wallet
TXN_001552,CUST_0163,STR_014,2025-01-24,576.46,Digital Wallet
TXN_001553,CUST_0214,STR_007,2025-08-09,559.06,Credit Card
TXN_001554,CUST_0298,STR_005,2025-01-17,4554.72,Cash
TXN_001555,CUST_0032,STR_012,2025-01-18,281.74,Credit Card
TXN_001556,CUST_0046,STR_003,2025-08-28,1048.1,Credit Card
TXN_001557,CUST_0478,STR_019,2025-04-08,422.43,Cash
TXN_001558,CUST_0094,STR_011,2025-05-16,654.34,Credit Card
TXN_001559,CUST_0195,STR_010,2025-02-19,204.79,Digital Wallet
TXN_001560,CUST_0449,STR_009,2025-05-14,1008.85,Credit Card
TXN_001561,CUST_0492,STR_005,2025-08-06,63.65,Digital Wallet
TXN_001562,CUST_0079,STR_004,2025-02-16,684.54,Credit Card
TXN_001563,CUST_0500,STR_009,2025-12-12,842.63,Digital Wallet
TXN_001564,CUST_0129,STR_007,2025-06-30,419.44,Credit Card
TXN_001565,CUST_0204,STR_016,2025-07-07,2284.97,Credit Card
TXN_001566,CUST_0208,STR_012,2025-11-09,524.05,Digital Wallet
TXN_001567,CUST_0077,STR_016,2025-10-21,626.05,Credit Card
TXN_001568,CUST_0118,STR_009,2025-07-25,1384.96,Digital Wallet
TXN_001569,CUST_0027,STR_014,2025-09-27,445.9,Credit Card
TXN_001570,CUST_0097,STR_012,2025-04-07,1749.53,Digital Wallet
TXN_001571,CUST_0108,STR_014,2025-03-08,1892.09,Debit Card
TXN_001572,CUST_0290,STR_010,2025-11-25,2343.03,Debit Card
TXN_001573,CUST_0019,STR_012,2025-11-09,6.95,Credit Card
TXN_001574,CUST_0203,STR_005,2025-06-03,578.73,Cash
TXN_001575,CUST_0313,STR_010,2025-09-27,378.47,Credit Card
TXN_001576,CUST_0177,STR_016,2025-01-24,354.39,Debit Card
TXN_001577,CUST_0359,STR_007,2025-10-02,1092.94,Debit Card
TXN_001578,CUST_0026,STR_004,2025-04-26,558.35,Credit Card
TXN_001579,CUST_0239,STR_015,2025-11-12,1386.02,Credit Card
TXN_001580,CUST_0148,STR_002,2025-12-14,1081.16,Digital Wallet
TXN_001581,CUST_0224,STR_005,2025-04-23,907.14,Debit Card
TXN_001582,CUST_0101,STR_001,2025-11-26,1220.71,Debit Card
TXN_001583,CUST_0342,STR_017,2025-12-22,101.11,Credit Card
TXN_001584,CUST_0435,STR_004,2025-07-13,1983.89,Credit Card
TXN_001585,CUST_0232,STR_008,2025-03-26,466.1,Credit Card
TXN_001586,CUST_0385,STR_020,2025-08-13,1197.01,Credit Card
TXN_001587,CUST_0488,STR_006,2025-10-21,991.4,Credit Card
TXN_001588,CUST_0464,STR_011,2025-10-28,495.02,Credit Card
TXN_001589,CUST_0111,STR_012,2025-12-06,28.73,Credit Card
TXN_001590,CUST_0228,STR_007,2025-03-23,804.71,Debit Card
TXN_001591,CUST_0098,STR_011,2025-04-10,7749.36,Credit Card
TXN_001592,CUST_0152,STR_012,2025-01-21,1450.44,Cash
TXN_001593,CUST_0215,STR_020,2025-05-27,730.42,Debit Card
TXN_001594,CUST_0468,STR_010,2025-06-26,1844.79,Credit Card
TXN_001595,CUST_0376,STR_011,2025-03-28,179.85,Debit Card
TXN_001596,CUST_0172,STR_004,2025-11-17,1006.11,Digital Wallet
TXN_001597,CUST_0047,STR_009,2025-04-30,2270.77,Credit Card
TXN_001598,CUST_0004,STR_020,2025-06-07,2333.76,Credit Card
TXN_001599,CUST_0474,STR_001,2025-08-10,864.69,Credit Card
TXN_001600,CUST_0269,STR_016,2025-03-10,704.74,Credit Card
TXN_001601,CUST_0385,STR_001,2025-11-15,1099.64,Debit Card
TXN_001602,CUST_0100,STR_014,2025-02-03,1786.87,Digital Wallet
TXN_001603,CUST_0070,STR_013,2025-04-24,6318.47,Digital Wallet
TXN_001604,CUST_0260,STR_004,2025-03-22,2738.66,Credit Card
TXN_001605,CUST_0446,STR_009,2025-01-14,650.31,Credit Card
TXN_001606,CUST_0447,STR_011,2025-05-15,804.71,Credit Card
TXN_001607,CUST_0270,STR_001,2025-07-11,710.5,Credit Card
TXN_001608,CUST_0431,STR_014,2025-02-25,552.48,Debit Card
TXN_001609,CUST_0275,STR_008,2025-08-13,541.02,Credit Card
TXN_001610,CUST_0489,STR_006,2025-01-06,596.76,Debit Card
TXN_001611,CUST_0052,STR_006,2025-03-24,1388.09,Credit Card
TXN_001612,CUST_0356,STR_016,2025-04-10,6226.76,Credit Card
TXN_001613,CUST_0378,STR_014,2025-11-21,672.95,Credit Card
TXN_001614,CUST_0054,STR_010,2025-10-30,10024.47,Credit Card
TXN_001615,CUST_0129,STR_014,2025-04-09,6557.8,Credit Card
TXN_001616,CUST_0385,STR_006,2025-04-02,822.43,Cash
TXN_001617,CUST_0178,STR_020,2025-05-05,408.88,Credit Card
TXN_001618,CUST_0406,STR_007,2025-06-15,281.62,Credit Card
TXN_001619,CUST_0069,STR_017,2025-08-03,2535.65,Credit Card
TXN_001620,CUST_0061,STR_007,2025-10-20,1189.42,Credit Card
TXN_001621,CUST_0041,STR_015,2025-01-28,210.24,Digital Wallet
TXN_001622,CUST_0268,STR_007,2025-11-12,1129.89,Credit Card
TXN_001623,CUST_0020,STR_006,2025-07-07,417.56,Credit Card
TXN_001624,CUST_0464,STR_018,2025-08-12,2414.13,Debit Card
TXN_001625,CUST_0422,STR_003,2025-09-08,1540.23,Credit Card
TXN_001626,CUST_0193,STR_018,2025-06-25,823.41,Digital Wallet
TXN_001627,CUST_0491,STR_020,2025-10-11,422.1,Debit Card
TXN_001628,CUST_0480,STR_018,2025-04-15,546.47,Credit Card
TXN_001629,CUST_0084,STR_006,2025-08-12,164.18,Credit Card
TXN_001630,CUST_0010,STR_010,2025-01-17,2590.22,Credit Card
TXN_001631,CUST_0361,STR_020,2025-09-30,1098.04,Digital Wallet
TXN_001632,CUST_0146,STR_015,2025-11-25,1376.6,Cash
TXN_001633,CUST_0274,STR_008,2025-08-15,1534.51,Credit Card
TXN_001634,CUST_0202,STR_007,2025-06-13,632.48,Credit Card
TXN_001635,CUST_0183,STR_013,2025-11-13,2797.23,Credit Card
TXN_001636,CUST_0196,STR_017,2025-07-21,616.54,Cash
TXN_001637,CUST_0460,STR_008,2025-06-12,1728.0,Debit Card
TXN_001638,CUST_0017,STR_006,2025-06-01,561.81,Credit Card
TXN_001639,CUST_0461,STR_008,2025-05-18,2294.45,Credit Card
TXN_001640,CUST_0267,STR_019,2025-03-26,362.7,Debit Card
TXN_001641,CUST_0310,STR_012,2025-12-20,2077.61,Credit Card
TXN_001642,CUST_0179,STR_014,2025-06-28,1775.4,Digital Wallet
TXN_001643,CUST_0067,STR_012,2025-12-11,1821.02,Credit Card
TXN_001644,CUST_0331,STR_018,2025-04-21,515.01,Debit Card
TXN_001645,CUST_0297,STR_020,2025-07-28,569.23,Credit Card
TXN_001646,CUST_0326,STR_012,2025-06-20,754.18,Credit Card
TXN_001647,CUST_0179,STR_003,2025-11-16,1459.17,Credit Card
TXN_001648,CUST_0386,STR_018,2025-09-14,888.82,Credit Card
TXN_001649,CUST_0046,STR_014,2025-08-01,303.67,Credit Card
TXN_001650,CUST_0269,STR_004,2025-09-24,2175.84,Credit Card
TXN_001651,CUST_0118,STR_015,2025-07-14,420.77,Debit Card
TXN_001652,CUST_0474,STR_009,2025-09-05,539.55,Debit Card
TXN_001653,CUST_0329,STR_008,2025-02-12,1853.39,Credit Card
TXN_001654,CUST_0152,STR_011,2025-08-30,2174.12,Debit Card
TXN_001655,CUST_0366,STR_001,2025-05-17,205.33,Credit Card
TXN_001656,CUST_0188,STR_013,2025-01-08,1425.29,Digital Wallet
TXN_001657,CUST_0232,STR_001,2025-04-18,302.98,Debit Card
TXN_001658,CUST_0385,STR_001,2025-06-02,713.96,Digital Wallet
TXN_001659,CUST_0424,STR_007,2025-11-13,805.52,Digital Wallet
TXN_001660,CUST_0020,STR_005,2025-01-10,1857.21,Digital Wallet
TXN_001661,CUST_0397,STR_003,2025-07-22,3482.14,Credit Card
TXN_001662,CUST_0101,STR_012,2025-01-01,470.35,Debit Card
TXN_001663,CUST_0431,STR_012,2025-02-25,341.71,Credit Card
TXN_001664,CUST_0214,STR_002,2025-05-03,2020.05,Credit Card
TXN_001665,CUST_0206,STR_016,2025-05-20,2078.32,Credit Card
TXN_001666,CUST_0304,STR_006,2025-05-27,1454.84,Credit Card
TXN_001667,CUST_0329,STR_001,2025-12-11,1222.88,Credit Card
TXN_001668,CUST_0273,STR_004,2025-08-21,4509.77,Credit Card
TXN_001669,CUST_0328,STR_020,2025-11-01,1804.12,Credit Card
TXN_001670,CUST_0184,STR_009,2025-10-20,1092.94,Credit Card
TXN_001671,CUST_0480,STR_009,2025-01-03,2750.78,Digital Wallet
TXN_001672,CUST_0059,STR_016,2025-08-25,248.5,Credit Card
TXN_001673,CUST_0267,STR_018,2025-02-07,481.03,Digital Wallet
TXN_001674,CUST_0361,STR_001,2025-07-31,2070.84,Debit Card
TXN_001675,CUST_0113,STR_007,2025-07-30,1353.86,Digital Wallet
TXN_001676,CUST_0272,STR_001,2025-12-09,555.15,Cash
TXN_001677,CUST_0345,STR_019,2025-11-28,1911.88,Debit Card
TXN_001678,CUST_0394,STR_004,2025-05-14,555.39,Credit Card
TXN_001679,CUST_0129,STR_014,2025-04-12,835.63,Debit Card
TXN_001680,CUST_0467,STR_008,2025-11-28,1938.17,Cash
TXN_001681,CUST_0376,STR_018,2025-01-22,185.93,Credit Card
TXN_001682,CUST_0044,STR_011,2025-10-04,1566.78,Cash
TXN_001683,CUST_0079,STR_017,2025-08-28,2062.32,Credit Card
TXN_001684,CUST_0426,STR_016,2025-01-13,510.18,Debit Card
TXN_001685,CUST_0007,STR_016,2025-10-21,148.33,Debit Card
TXN_001686,CUST_0178,STR_019,2025-11-26,540.58,Debit Card
TXN_001687,CUST_0161,STR_006,2025-08-17,444.69,Credit Card
TXN_001688,CUST_0075,STR_005,2025-07-01,121.79,Credit Card
TXN_001689,CUST_0207,STR_002,2025-01-29,362.7,Credit Card
TXN_001690,CUST_0047,STR_013,2025-08-03,460.72,Digital Wallet
TXN_001691,CUST_0164,STR_020,2025-04-05,1831.99,Debit Card
TXN_001692,CUST_0023,STR_018,2025-04-01,1516.73,Credit Card
TXN_001693,CUST_0072,STR_009,2025-11-30,2658.37,Credit Card
TXN_001694,CUST_0143,STR_007,2025-03-28,300.0,Debit Card
TXN_001695,CUST_0086,STR_010,2025-06-13,637.53,Credit Card
TXN_001696,CUST_0042,STR_002,2025-03-19,1844.82,Credit Card
TXN_001697,CUST_0223,STR_004,2025-03-23,388.43,Credit Card
TXN_001698,CUST_0140,STR_014,2025-12-16,538.38,Debit Card
TXN_001699,CUST_0272,STR_002,2025-07-19,655.78,Digital Wallet
TXN_001700,CUST_0464,STR_007,2025-02-25,1277.18,Credit Card
TXN_001701,CUST_0307,STR_014,2025-09-16,783.84,Credit Card
TXN_001702,CUST_0354,STR_002,2025-09-13,524.05,Credit Card
TXN_001703,CUST_0412,STR_007,2025-04-13,708.37,Debit Card
TXN_001704,CUST_0146,STR_017,2025-06-13,3029.6,Credit Card
TXN_001705,CUST_0435,STR_017,2025-08-07,470.35,Credit Card
TXN_001706,CUST_0053,STR_005,2025-08-18,2710.89,Credit Card
TXN_001707,CUST_0470,STR_017,2025-02-09,391.92,Digital Wallet
TXN_001708,CUST_0045,STR_012,2025-08-15,687.46,Credit Card
TXN_001709,CUST_0161,STR_011,2025-07-02,124.98,Credit Card
TXN_001710,CUST_0208,STR_006,2025-02-16,735.34,Debit Card
TXN_001711,CUST_0350,STR_018,2025-07-06,1472.8,Credit Card
TXN_001712,CUST_0351,STR_016,2025-03-22,223.88,Debit Card
TXN_001713,CUST_0064,STR_005,2025-07-22,2555.32,Debit Card
TXN_001714,CUST_0326,STR_010,2025-10-01,1288.24,Credit Card
TXN_001715,CUST_0470,STR_002,2025-03-01,1227.74,Credit Card
TXN_001716,CUST_0450,STR_001,2025-04-14,2037.44,Credit Card
TXN_001717,CUST_0051,STR_013,2025-08-18,565.98,Digital Wallet
TXN_001718,CUST_0290,STR_002,2025-10-15,21272.86,Credit Card
TXN_001719,CUST_0342,STR_006,2025-07-10,1571.79,Debit Card
TXN_001720,CUST_0290,STR_015,2025-10-15,556.19,Credit Card
TXN_001721,CUST_0439,STR_019,2025-07-01,2802.34,Credit Card
TXN_001722,CUST_0353,STR_016,2025-10-23,445.52,Credit Card
TXN_001723,CUST_0448,STR_010,2025-04-11,2441.22,Credit Card
TXN_001724,CUST_0297,STR_018,2025-09-18,872.25,Digital Wallet
TXN_001725,CUST_0102,STR_002,2025-02-13,524.28,Credit Card
TXN_001726,CUST_0258,STR_020,2025-02-21,63.65,Credit Card
TXN_001727,CUST_0423,STR_012,2025-04-23,2080.41,Debit Card
TXN_001728,CUST_0179,STR_015,2025-07-12,255.24,Debit Card
TXN_001729,CUST_0333,STR_006,2025-11-27,1620.78,Credit Card
TXN_001730,CUST_0004,STR_020,2025-01-16,1227.74,Digital Wallet
TXN_001731,CUST_0405,STR_015,2025-06-27,684.54,Debit Card
TXN_001732,CUST_0378,STR_001,2025-12-21,1294.12,Credit Card
TXN_001733,CUST_0108,STR_011,2025-06-15,1221.83,Credit Card
TXN_001734,CUST_0109,STR_018,2025-09-20,976.64,Debit Card
TXN_001735,CUST_0325,STR_006,2025-08-08,559.06,Debit Card
TXN_001736,CUST_0126,STR_016,2025-10-24,626.89,Debit Card
TXN_001737,CUST_0234,STR_011,2025-11-26,163.67,Credit Card
TXN_001738,CUST_0255,STR_007,2025-12-10,308.29,Credit Card
TXN_001739,CUST_0176,STR_010,2025-03-24,115.7,Credit Card
TXN_001740,CUST_0146,STR_004,2025-09-19,281.62,Credit Card
TXN_001741,CUST_0379,STR_020,2025-09-10,792.49,Credit Card
TXN_001742,CUST_0158,STR_012,2025-05-31,458.44,Debit Card
TXN_001743,CUST_0108,STR_001,2025-04-04,1856.83,Cash
TXN_001744,CUST_0301,STR_005,2025-02-07,687.46,Credit Card
TXN_001745,CUST_0299,STR_011,2025-01-09,613.87,Digital Wallet
TXN_001746,CUST_0067,STR_018,2025-05-07,379.89,Digital Wallet
TXN_001747,CUST_0269,STR_009,2025-11-19,2190.13,Credit Card
TXN_001748,CUST_0126,STR_009,2025-07-09,885.06,Credit Card
TXN_001749,CUST_0457,STR_014,2025-03-23,3535.21,Digital Wallet
TXN_001750,CUST_0024,STR_017,2025-10-26,705.04,Debit Card
TXN_001751,CUST_0028,STR_002,2025-10-18,541.99,Digital Wallet
TXN_001752,CUST_0390,STR_010,2025-04-24,2092.75,Credit Card
TXN_001753,CUST_0408,STR_003,2025-02-02,2014.15,Debit Card
TXN_001754,CUST_0466,STR_013,2025-02-10,205.33,Credit Card
TXN_001755,CUST_0135,STR_003,2025-09-26,2373.51,Credit Card
TXN_001756,CUST_0336,STR_007,2025-12-30,1341.93,Credit Card
TXN_001757,CUST_0084,STR_010,2025-09-18,106.31,Debit Card
TXN_001758,CUST_0186,STR_011,2025-09-07,895.37,Credit Card
TXN_001759,CUST_0318,STR_011,2025-06-26,761.84,Debit Card
TXN_001760,CUST_0455,STR_008,2025-02-07,1290.46,Credit Card
TXN_001761,CUST_0422,STR_017,2025-06-09,2347.0,Credit Card
TXN_001762,CUST_0054,STR_019,2025-09-07,1454.28,Cash
TXN_001763,CUST_0244,STR_008,2025-05-02,2118.25,Debit Card
TXN_001764,CUST_0189,STR_003,2025-12-03,1598.14,Credit Card
TXN_001765,CUST_0073,STR_006,2025-12-12,583.59,Digital Wallet
TXN_001766,CUST_0436,STR_012,2025-01-23,2533.84,Credit Card
TXN_001767,CUST_0005,STR_012,2025-06-03,420.4,Digital Wallet
TXN_001768,CUST_0116,STR_007,2025-04-23,49402.99,Cash
TXN_001769,CUST_0292,STR_002,2025-06-07,1768.52,Credit Card
TXN_001770,CUST_0001,STR_011,2025-12-03,2480.9,Debit Card
TXN_001771,CUST_0223,STR_007,2025-12-13,4128.47,Credit Card
TXN_001772,CUST_0428,STR_013,2025-05-19,984.22,Digital Wallet
TXN_001773,CUST_0414,STR_016,2025-08-14,68.23,Digital Wallet
TXN_001774,CUST_0204,STR_005,2025-03-27,466.1,Credit Card
TXN_001775,CUST_0246,STR_013,2025-06-27,1170.22,Credit Card
TXN_001776,CUST_0237,STR_013,2025-07-05,1966.77,Credit Card
TXN_001777,CUST_0305,STR_016,2025-05-02,605.91,Credit Card
TXN_001778,CUST_0287,STR_001,2025-10-30,1625.19,Credit Card
TXN_001779,CUST_0308,STR_007,2025-06-05,842.63,Digital Wallet
TXN_001780,CUST_0066,STR_018,2025-12-22,965.93,Digital Wallet
TXN_001781,CUST_0388,STR_001,2025-01-05,1322.56,Digital Wallet
TXN_001782,CUST_0175,STR_008,2025-02-23,2128.03,Digital Wallet
TXN_001783,CUST_0413,STR_019,2025-12-19,484.54,Credit Card
TXN_001784,CUST_0188,STR_017,2025-06-23,1749.39,Credit Card
TXN_001785,CUST_0424,STR_007,2025-12-25,196.4,Credit Card
TXN_001786,CUST_0395,STR_010,2025-01-13,399.03,Debit Card
TXN_001787,CUST_0403,STR_012,2025-09-25,3859.51,Debit Card
TXN_001788,CUST_0496,STR_001,2025-07-21,49003.05,Debit Card
TXN_001789,CUST_0292,STR_004,2025-11-19,655.78,Credit Card
TXN_001790,CUST_0214,STR_009,2025-07-25,1626.46,Debit Card
TXN_001791,CUST_0316,STR_011,2025-12-03,2486.15,Credit Card
TXN_001792,CUST_0049,STR_006,2025-04-04,191.5,Credit Card
TXN_001793,CUST_0313,STR_002,2025-08-16,472.52,Credit Card
TXN_001794,CUST_0117,STR_013,2025-02-24,864.58,Digital Wallet
TXN_001795,CUST_0319,STR_018,2025-09-10,1220.39,Credit Card
TXN_001796,CUST_0003,STR_006,2025-12-21,178.57,Digital Wallet
TXN_001797,CUST_0073,STR_006,2025-09-28,613.62,Debit Card
TXN_001798,CUST_0088,STR_020,2025-12-25,1849.22,Credit Card
TXN_001799,CUST_0432,STR_017,2025-08-06,3384.11,Credit Card
TXN_001800,CUST_0158,STR_016,2025-09-22,3195.66,Credit Card
TXN_001801,CUST_0335,STR_012,2025-08-07,196.42,Credit Card
TXN_001802,CUST_0475,STR_006,2025-08-11,679.33,Credit Card
TXN_001803,CUST_0278,STR_019,2025-05-29,1041.81,Credit Card
TXN_001804,CUST_0331,STR_018,2025-02-06,369.01,Credit Card
TXN_001805,CUST_0420,STR_006,2025-03-17,613.87,Debit Card
TXN_001806,CUST_0474,STR_018,2025-02-27,1561.5,Credit Card
TXN_001807,CUST_0143,STR_001,2025-01-23,210.24,Credit Card
TXN_001808,CUST_0417,STR_020,2025-05-25,990.79,Credit Card
TXN_001809,CUST_0343,STR_002,2025-01-15,416.98,Credit Card
TXN_001810,CUST_0211,STR_017,2025-02-14,2901.12,Credit Card
TXN_001811,CUST_0158,STR_008,2025-11-23,235.66,Debit Card
TXN_001812,CUST_0298,STR_008,2025-06-19,2455.09,Cash
TXN_001813,CUST_0321,STR_007,2025-04-13,1234.28,Credit Card
TXN_001814,CUST_0254,STR_019,2025-11-25,666.48,Credit Card
TXN_001815,CUST_0220,STR_004,2025-10-04,1182.46,Credit Card
TXN_001816,CUST_0013,STR_014,2025-05-23,282.99,Credit Card
TXN_001817,CUST_0411,STR_013,2025-05-01,2922.73,Debit Card
TXN_001818,CUST_0093,STR_017,2025-09-13,388.43,Debit Card
TXN_001819,CUST_0201,STR_002,2025-09-27,524.23,Credit Card
TXN_001820,CUST_0490,STR_005,2025-10-21,559.06,Cash
TXN_001821,CUST_0353,STR_016,2025-12-02,5726.07,Credit Card
TXN_001822,CUST_0154,STR_001,2025-09-20,3740.96,Debit Card
TXN_001823,CUST_0290,STR_002,2025-03-02,513.55,Debit Card
TXN_001824,CUST_0355,STR_010,2025-03-15,121.79,Debit Card
TXN_001825,CUST_0169,STR_009,2025-10-16,2514.94,Credit Card
TXN_001826,CUST_0025,STR_020,2025-02-17,1218.74,Debit Card
TXN_001827,CUST_0220,STR_004,2025-04-20,510.18,Digital Wallet
TXN_001828,CUST_0461,STR_018,2025-11-15,274.25,Credit Card
TXN_001829,CUST_0241,STR_002,2025-01-22,286.73,Debit Card
TXN_001830,CUST_0375,STR_008,2025-06-01,824.72,Debit Card
TXN_001831,CUST_0290,STR_005,2025-06-12,1703.85,Credit Card
TXN_001832,CUST_0267,STR_014,2025-03-02,2444.28,Credit Card
TXN_001833,CUST_0117,STR_010,2025-01-07,1160.34,Digital Wallet
TXN_001834,CUST_0455,STR_013,2025-06-06,708.37,Credit Card
TXN_001835,CUST_0087,STR_014,2025-09-11,1699.99,Credit Card
TXN_001836,CUST_0352,STR_016,2025-10-30,300.2,Credit Card
TXN_001837,CUST_0370,STR_014,2025-03-18,696.79,Credit Card
TXN_001838,CUST_0469,STR_013,2025-11-25,337.9,Digital Wallet
TXN_001839,CUST_0238,STR_019,2025-04-14,2563.17,Debit Card
TXN_001840,CUST_0118,STR_010,2025-06-15,1492.17,Credit Card
TXN_001841,CUST_0300,STR_013,2025-06-13,326.73,Credit Card
TXN_001842,CUST_0269,STR_014,2025-09-11,764.5,Debit Card
TXN_001843,CUST_0306,STR_016,2025-09-06,1183.5,Credit Card
TXN_001844,CUST_0155,STR_013,2025-11-15,181.86,Credit Card
TXN_001845,CUST_0365,STR_002,2025-08-15,872.25,Credit Card
TXN_001846,CUST_0371,STR_012,2025-05-17,1150.57,Digital Wallet
TXN_001847,CUST_0297,STR_012,2025-03-02,275.43,Credit Card
TXN_001848,CUST_0324,STR_018,2025-04-07,1092.94,Digital Wallet
TXN_001849,CUST_0114,STR_012,2025-06-19,520.83,Credit Card
TXN_001850,CUST_0305,STR_019,2025-05-05,2830.1,Debit Card
TXN_001851,CUST_0492,STR_017,2025-05-11,1006.11,Credit Card
TXN_001852,CUST_0185,STR_002,2025-12-24,804.71,Credit Card
TXN_001853,CUST_0260,STR_007,2025-06-08,708.37,Digital Wallet
TXN_001854,CUST_0198,STR_013,2025-08-18,766.78,Credit Card
TXN_001855,CUST_0170,STR_014,2025-04-03,1230.16,Debit Card
TXN_001856,CUST_0431,STR_004,2025-08-16,1527.41,Credit Card
TXN_001857,CUST_0486,STR_013,2025-06-17,790.49,Debit Card
TXN_001858,CUST_0379,STR_012,2025-08-28,3818.95,Digital Wallet
TXN_001859,CUST_0249,STR_003,2025-07-06,5044.97,Digital Wallet
TXN_001860,CUST_0010,STR_016,2025-03-11,726.43,Debit Card
TXN_001861,CUST_0062,STR_016,2025-03-06,926.12,Digital Wallet
TXN_001862,CUST_0173,STR_010,2025-08-04,1443.82,Credit Card
TXN_001863,CUST_0340,STR_015,2025-05-25,853.34,Credit Card
TXN_001864,CUST_0488,STR_007,2025-08-01,578.95,Credit Card
TXN_001865,CUST_0009,STR_012,2025-03-29,18976.17,Credit Card
TXN_001866,CUST_0176,STR_006,2025-11-16,1727.93,Credit Card
TXN_001867,CUST_0324,STR_004,2025-09-15,1593.87,Credit Card
TXN_001868,CUST_0337,STR_005,2025-01-28,1774.12,Credit Card
TXN_001869,CUST_0318,STR_006,2025-09-13,583.18,Credit Card
TXN_001870,CUST_0398,STR_004,2025-02-01,1000.59,Credit Card
TXN_001871,CUST_0278,STR_017,2025-12-12,785.81,Digital Wallet
TXN_001872,CUST_0057,STR_006,2025-06-03,613.87,Credit Card
TXN_001873,CUST_0177,STR_010,2025-06-18,725.4,Credit Card
TXN_001874,CUST_0001,STR_004,2025-04-16,322.07,Credit Card
TXN_001875,CUST_0475,STR_004,2025-10-13,1956.38,Credit Card
TXN_001876,CUST_0042,STR_003,2025-07-25,521.79,Digital Wallet
TXN_001877,CUST_0445,STR_001,2025-02-25,2622.15,Credit Card
TXN_001878,CUST_0017,STR_013,2025-02-01,987.2,Credit Card
TXN_001879,CUST_0118,STR_006,2025-07-07,3283.43,Credit Card
TXN_001880,CUST_0469,STR_011,2025-07-31,2933.4,Debit Card
TXN_001881,CUST_0405,STR_019,2025-01-20,388.43,Credit Card
TXN_001882,CUST_0466,STR_015,2025-08-05,2219.59,Credit Card
TXN_001883,CUST_0423,STR_003,2025-12-25,645.13,Digital Wallet
TXN_001884,CUST_0483,STR_011,2025-11-06,1217.07,Credit Card
TXN_001885,CUST_0443,STR_018,2025-05-03,676.09,Debit Card
TXN_001886,CUST_0259,STR_020,2025-08-13,1742.06,Debit Card
TXN_001887,CUST_0406,STR_001,2025-04-25,1983.74,Debit Card
TXN_001888,CUST_0421,STR_006,2025-09-08,476.25,Debit Card
TXN_001889,CUST_0302,STR_001,2025-04-19,751.54,Credit Card
TXN_001890,CUST_0222,STR_013,2025-05-29,2166.27,Debit Card
TXN_001891,CUST_0252,STR_007,2025-08-03,666.19,Debit Card
TXN_001892,CUST_0009,STR_003,2025-04-22,1387.99,Credit Card
TXN_001893,CUST_0275,STR_020,2025-03-09,415.08,Credit Card
TXN_001894,CUST_0369,STR_015,2025-08-14,1576.81,Credit Card
TXN_001895,CUST_0296,STR_003,2025-07-21,2226.25,Credit Card
TXN_001896,CUST_0473,STR_004,2025-06-12,470.8,Digital Wallet
TXN_001897,CUST_0411,STR_018,2025-10-03,243.58,Credit Card
TXN_001898,CUST_0232,STR_012,2025-11-15,613.87,Cash
TXN_001899,CUST_0263,STR_018,2025-04-08,269.98,Credit Card
TXN_001900,CUST_0424,STR_003,2025-06-16,513.71,Credit Card
TXN_001901,CUST_0433,STR_004,2025-11-07,2308.73,Debit Card
TXN_001902,CUST_0179,STR_011,2025-02-08,830.16,Credit Card
TXN_001903,CUST_0138,STR_008,2025-09-06,365.72,Credit Card
TXN_001904,CUST_0365,STR_002,2025-08-07,1098.76,Digital Wallet
TXN_001905,CUST_0342,STR_018,2025-01-30,724.41,Credit Card
TXN_001906,CUST_0484,STR_004,2025-11-12,224.11,Digital Wallet
TXN_001907,CUST_0278,STR_020,2025-11-29,150.0,Debit Card
TXN_001908,CUST_0485,STR_003,2025-10-09,858.11,Debit Card
TXN_001909,CUST_0170,STR_014,2025-06-25,1428.75,Credit Card
TXN_001910,CUST_0482,STR_009,2025-08-28,3059.96,Credit Card
TXN_001911,CUST_0425,STR_007,2025-10-09,654.78,Credit Card
TXN_001912,CUST_0470,STR_007,2025-07-24,561.81,Debit Card
TXN_001913,CUST_0341,STR_016,2025-06-30,1850.93,Credit Card
TXN_001914,CUST_0143,STR_016,2025-03-09,2551.63,Credit Card
TXN_001915,CUST_0472,STR_016,2025-10-18,281.62,Debit Card
TXN_001916,CUST_0039,STR_006,2025-05-03,704.91,Digital Wallet
TXN_001917,CUST_0393,STR_019,2025-04-25,997.08,Credit Card
TXN_001918,CUST_0413,STR_003,2025-05-15,840.73,Credit Card
TXN_001919,CUST_0371,STR_011,2025-03-29,719.91,Debit Card
TXN_001920,CUST_0327,STR_013,2025-02-22,553.88,Debit Card
TXN_001921,CUST_0297,STR_013,2025-04-24,738.97,Debit Card
TXN_001922,CUST_0409,STR_004,2025-01-26,2785.84,Digital Wallet
TXN_001923,CUST_0437,STR_008,2025-02-15,1788.91,Digital Wallet
TXN_001924,CUST_0397,STR_001,2025-04-24,726.43,Debit Card
TXN_001925,CUST_0120,STR_008,2025-11-10,650.31,Credit Card
TXN_001926,CUST_0354,STR_019,2025-09-26,1807.91,Credit Card
TXN_001927,CUST_0379,STR_018,2025-09-09,3207.65,Digital Wallet
TXN_001928,CUST_0181,STR_013,2025-01-24,910.48,Credit Card
TXN_001929,CUST_0189,STR_002,2025-06-04,325.72,Debit Card
TXN_001930,CUST_0054,STR_001,2025-08-22,75.81,Debit Card
TXN_001931,CUST_0493,STR_014,2025-05-31,1537.16,Credit Card
TXN_001932,CUST_0300,STR_002,2025-11-23,804.71,Digital Wallet
TXN_001933,CUST_0334,STR_008,2025-01-13,1159.87,Credit Card
TXN_001934,CUST_0249,STR_003,2025-12-30,2422.22,Credit Card
TXN_001935,CUST_0378,STR_007,2025-12-07,519.58,Credit Card
TXN_001936,CUST_0456,STR_017,2025-04-05,296.66,Credit Card
TXN_001937,CUST_0184,STR_020,2025-08-01,92.9,Debit Card
TXN_001938,CUST_0464,STR_012,2025-08-28,313.12,Credit Card
TXN_001939,CUST_0422,STR_009,2025-07-29,899.94,Credit Card
TXN_001940,CUST_0322,STR_012,2025-06-21,269.98,Credit Card
TXN_001941,CUST_0365,STR_019,2025-12-04,212.09,Debit Card
TXN_001942,CUST_0341,STR_018,2025-01-12,1216.06,Credit Card
TXN_001943,CUST_0382,STR_006,2025-05-13,962.06,Credit Card
TXN_001944,CUST_0463,STR_014,2025-11-08,801.99,Credit Card
TXN_001945,CUST_0178,STR_001,2025-07-11,762.2,Digital Wallet
TXN_001946,CUST_0102,STR_019,2025-09-03,66.5,Credit Card
TXN_001947,CUST_0335,STR_004,2025-12-28,1061.53,Credit Card
TXN_001948,CUST_0477,STR_017,2025-04-22,63.0,Credit Card
TXN_001949,CUST_0008,STR_010,2025-06-03,753.54,Debit Card
TXN_001950,CUST_0338,STR_018,2025-11-22,375.77,Debit Card
TXN_001951,CUST_0442,STR_017,2025-04-09,1700.26,Credit Card
TXN_001952,CUST_0304,STR_013,2025-10-16,274.25,Debit Card
TXN_001953,CUST_0201,STR_006,2025-11-06,1874.71,Credit Card
TXN_001954,CUST_0412,STR_016,2025-05-02,98.21,Credit Card
TXN_001955,CUST_0291,STR_002,2025-06-13,872.25,Debit Card
TXN_001956,CUST_0268,STR_003,2025-07-15,448.89,Digital Wallet
TXN_001957,CUST_0377,STR_001,2025-08-16,1567.15,Credit Card
TXN_001958,CUST_0036,STR_006,2025-03-16,1106.55,Digital Wallet
TXN_001959,CUST_0047,STR_014,2025-01-07,3024.42,Credit Card
TXN_001960,CUST_0031,STR_008,2025-06-28,3187.43,Debit Card
TXN_001961,CUST_0013,STR_016,2025-10-04,1916.6,Debit Card
TXN_001962,CUST_0070,STR_002,2025-01-03,1420.78,Credit Card
TXN_001963,CUST_0348,STR_006,2025-05-08,1467.44,Digital Wallet
TXN_001964,CUST_0433,STR_006,2025-08-04,1183.09,Digital Wallet
TXN_001965,CUST_0300,STR_017,2025-09-26,497.85,Digital Wallet
TXN_001966,CUST_0404,STR_009,2025-01-04,45070.76,Credit Card
TXN_001967,CUST_0068,STR_015,2025-07-13,235.66,Digital Wallet
TXN_001968,CUST_0389,STR_008,2025-10-22,1070.56,Debit Card
TXN_001969,CUST_0321,STR_015,2025-12-20,109.09,Credit Card
TXN_001970,CUST_0123,STR_019,2025-07-13,2665.02,Credit Card
TXN_001971,CUST_0186,STR_013,2025-08-27,790.15,Credit Card
TXN_001972,CUST_0134,STR_013,2025-07-24,412.36,Digital Wallet
TXN_001973,CUST_0198,STR_006,2025-06-28,437.5,Credit Card
TXN_001974,CUST_0339,STR_018,2025-03-21,8411.22,Cash
TXN_001975,CUST_0245,STR_007,2025-01-27,713.03,Credit Card
TXN_001976,CUST_0066,STR_005,2025-12-20,2395.57,Credit Card
TXN_001977,CUST_0302,STR_018,2025-11-20,3741.48,Credit Card
TXN_001978,CUST_0073,STR_010,2025-03-25,493.6,Credit Card
TXN_001979,CUST_0075,STR_005,2025-05-26,406.77,Credit Card
TXN_001980,CUST_0459,STR_010,2025-04-15,205.33,Credit Card
TXN_001981,CUST_0475,STR_004,2025-07-21,466.1,Debit Card
TXN_001982,CUST_0080,STR_013,2025-06-25,824.72,Debit Card
TXN_001983,CUST_0358,STR_009,2025-06-21,544.79,Debit Card
TXN_001984,CUST_0145,STR_006,2025-03-03,495.02,Credit Card
TXN_001985,CUST_0343,STR_018,2025-08-06,532.38,Credit Card
TXN_001986,CUST_0325,STR_002,2025-11-28,467.62,Digital Wallet
TXN_001987,CUST_0468,STR_002,2025-08-01,752.19,Credit Card
TXN_001988,CUST_0492,STR_015,2025-02-07,179.85,Credit Card
TXN_001989,CUST_0237,STR_008,2025-11-06,60.47,Digital Wallet
TXN_001990,CUST_0001,STR_006,2025-12-04,2484.38,Debit Card
TXN_001991,CUST_0192,STR_017,2025-07-13,538.38,Digital Wallet
TXN_001992,CUST_0144,STR_020,2025-09-18,991.87,Credit Card
TXN_001993,CUST_0102,STR_010,2025-08-04,476.58,Digital Wallet
TXN_001994,CUST_0362,STR_016,2025-08-26,561.13,Credit Card
TXN_001995,CUST_0188,STR_006,2025-05-16,1816.78,Credit Card
TXN_001996,CUST_0267,STR_004,2025-01-21,679.27,Credit Card
TXN_001997,CUST_0452,STR_005,2025-04-30,105.0,Credit Card
TXN_001998,CUST_0342,STR_010,2025-03-04,2483.91,Credit Card
TXN_001999,CUST_0461,STR_004,2025-12-12,738.02,Credit Card
TXN_002000,CUST_0489,STR_010,2025-09-18,1035.6,Credit Card
TXN_002001,CUST_0276,STR_002,2025-12-22,212.9,Credit Card
TXN_002002,CUST_0425,STR_019,2025-03-16,1134.22,Credit Card
TXN_002003,CUST_0064,STR_008,2025-10-08,1350.44,Credit Card
TXN_002004,CUST_0392,STR_019,2025-11-16,1041.66,Digital Wallet
TXN_002005,CUST_0171,STR_013,2025-10-26,3082.95,Digital Wallet
TXN_002006,CUST_0414,STR_017,2025-04-19,682.01,Debit Card
TXN_002007,CUST_0194,STR_011,2025-07-27,412.36,Credit Card
TXN_002008,CUST_0397,STR_008,2025-06-26,537.61,Credit Card
TXN_002009,CUST_0002,STR_019,2025-07-05,134.99,Digital Wallet
TXN_002010,CUST_0231,STR_020,2025-06-09,1225.31,Debit Card
TXN_002011,CUST_0357,STR_014,2025-03-19,2675.35,Digital Wallet
TXN_002012,CUST_0020,STR_013,2025-01-26,988.82,Debit Card
TXN_002013,CUST_0136,STR_008,2025-07-04,476.25,Digital Wallet
TXN_002014,CUST_0442,STR_002,2025-11-15,930.75,Credit Card
TXN_002015,CUST_0345,STR_015,2025-09-26,520.83,Debit Card
TXN_002016,CUST_0340,STR_013,2025-12-16,101.11,Credit Card
TXN_002017,CUST_0157,STR_002,2025-10-22,66.5,Debit Card
TXN_002018,CUST_0149,STR_018,2025-09-29,1914.81,Digital Wallet
TXN_002019,CUST_0035,STR_020,2025-01-09,2073.61,Digital Wallet
TXN_002020,CUST_0038,STR_014,2025-11-11,312.45,Cash
TXN_002021,CUST_0180,STR_010,2025-05-31,529.53,Credit Card
TXN_002022,CUST_0258,STR_017,2025-05-04,104.39,Credit Card
TXN_002023,CUST_0366,STR_020,2025-12-09,2053.68,Cash
TXN_002024,CUST_0185,STR_007,2025-01-01,687.46,Credit Card
TXN_002025,CUST_0222,STR_012,2025-04-21,260.07,Credit Card
TXN_002026,CUST_0164,STR_002,2025-02-17,546.47,Debit Card
TXN_002027,CUST_0392,STR_010,2025-04-15,721.08,Credit Card
TXN_002028,CUST_0297,STR_010,2025-12-13,627.59,Credit Card
TXN_002029,CUST_0449,STR_015,2025-12-18,54.1,Credit Card
TXN_002030,CUST_0394,STR_017,2025-03-13,1973.97,Debit Card
TXN_002031,CUST_0088,STR_005,2025-10-16,1508.26,Digital Wallet
TXN_002032,CUST_0285,STR_002,2025-10-25,484.67,Credit Card
TXN_002033,CUST_0078,STR_008,2025-07-01,1178.39,Credit Card
TXN_002034,CUST_0401,STR_015,2025-03-18,206.74,Credit Card
TXN_002035,CUST_0321,STR_008,2025-09-16,120.19,Debit Card
TXN_002036,CUST_0130,STR_011,2025-05-18,1283.44,Credit Card
TXN_002037,CUST_0282,STR_020,2025-05-29,580.55,Credit Card
TXN_002038,CUST_0355,STR_019,2025-02-09,785.75,Digital Wallet
TXN_002039,CUST_0051,STR_008,2025-08-12,196.4,Digital Wallet
TXN_002040,CUST_0180,STR_009,2025-05-02,952.5,Credit Card
TXN_002041,CUST_0030,STR_016,2025-01-01,476.58,Debit Card
TXN_002042,CUST_0203,STR_013,2025-07-19,593.73,Credit Card
TXN_002043,CUST_0093,STR_008,2025-02-13,103.22,Digital Wallet
TXN_002044,CUST_0231,STR_014,2025-05-13,952.5,Digital Wallet
TXN_002045,CUST_0450,STR_005,2025-01-31,1408.17,Cash
TXN_002046,CUST_0113,STR_015,2025-08-20,442.53,Digital Wallet
TXN_002047,CUST_0444,STR_014,2025-07-28,794.79,Credit Card
TXN_002048,CUST_0471,STR_008,2025-10-10,604.08,Credit Card
TXN_002049,CUST_0102,STR_020,2025-01-17,1629.31,Debit Card
TXN_002050,CUST_0159,STR_006,2025-10-11,36460.05,Credit Card
TXN_002051,CUST_0165,STR_005,2025-12-24,442.71,Debit Card
TXN_002052,CUST_0030,STR_012,2025-02-07,903.37,Credit Card
TXN_002053,CUST_0042,STR_015,2025-06-17,516.7,Credit Card
TXN_002054,CUST_0276,STR_013,2025-08-21,685.81,Credit Card
TXN_002055,CUST_0115,STR_017,2025-02-04,98.21,Credit Card
TXN_002056,CUST_0436,STR_014,2025-09-08,822.07,Digital Wallet
TXN_002057,CUST_0384,STR_001,2025-05-07,1386.58,Debit Card
TXN_002058,CUST_0216,STR_018,2025-01-07,4293.27,Debit Card
TXN_002059,CUST_0008,STR_014,2025-02-21,529.53,Digital Wallet
TXN_002060,CUST_0054,STR_001,2025-10-27,1054.72,Credit Card
TXN_002061,CUST_0473,STR_015,2025-02-22,519.15,Credit Card
TXN_002062,CUST_0312,STR_014,2025-04-26,1623.34,Debit Card
TXN_002063,CUST_0306,STR_012,2025-10-07,212.62,Credit Card
TXN_002064,CUST_0145,STR_015,2025-06-23,578.95,Credit Card
TXN_002065,CUST_0264,STR_012,2025-06-30,126.0,Credit Card
TXN_002066,CUST_0439,STR_014,2025-06-08,1076.76,Credit Card
TXN_002067,CUST_0185,STR_017,2025-03-09,628.17,Credit Card
TXN_002068,CUST_0041,STR_012,2025-12-01,962.06,Credit Card
TXN_002069,CUST_0357,STR_003,2025-02-05,1015.91,Cash
TXN_002070,CUST_0459,STR_018,2025-01-30,468.75,Credit Card
TXN_002071,CUST_0087,STR_019,2025-10-21,103.22,Digital Wallet
TXN_002072,CUST_0137,STR_001,2025-06-05,785.24,Digital Wallet
TXN_002073,CUST_0309,STR_008,2025-08-17,206.74,Credit Card
TXN_002074,CUST_0434,STR_008,2025-06-15,538.38,Debit Card
TXN_002075,CUST_0497,STR_001,2025-05-03,2583.24,Digital Wallet
TXN_002076,CUST_0027,STR_005,2025-11-30,308.27,Credit Card
TXN_002077,CUST_0034,STR_012,2025-01-05,683.29,Digital Wallet
TXN_002078,CUST_0053,STR_007,2025-02-14,471.64,Credit Card
TXN_002079,CUST_0455,STR_001,2025-06-11,269.98,Cash
TXN_002080,CUST_0292,STR_017,2025-04-29,456.37,Credit Card
TXN_002081,CUST_0318,STR_019,2025-08-07,935.24,Debit Card
TXN_002082,CUST_0408,STR_002,2025-12-16,687.46,Credit Card
TXN_002083,CUST_0270,STR_012,2025-07-18,2948.53,Credit Card
TXN_002084,CUST_0284,STR_007,2025-05-31,1185.53,Cash
TXN_002085,CUST_0218,STR_007,2025-03-14,88.73,Credit Card
TXN_002086,CUST_0244,STR_001,2025-12-06,1685.43,Credit Card
TXN_002087,CUST_0137,STR_011,2025-08-07,3221.5,Digital Wallet
TXN_002088,CUST_0459,STR_005,2025-05-06,734.62,Credit Card
TXN_002089,CUST_0116,STR_004,2025-10-26,1986.23,Digital Wallet
TXN_002090,CUST_0242,STR_015,2025-08-09,468.38,Debit Card
TXN_002091,CUST_0027,STR_014,2025-09-01,626.24,Credit Card
TXN_002092,CUST_0500,STR_009,2025-12-09,2916.48,Credit Card
TXN_002093,CUST_0234,STR_008,2025-11-15,199.0,Credit Card
TXN_002094,CUST_0098,STR_004,2025-06-26,383.67,Credit Card
TXN_002095,CUST_0067,STR_013,2025-02-25,1555.68,Cash
TXN_002096,CUST_0042,STR_012,2025-12-15,300.95,Credit Card
TXN_002097,CUST_0178,STR_014,2025-09-04,1199.88,Credit Card
TXN_002098,CUST_0072,STR_010,2025-12-16,1307.14,Debit Card
TXN_002099,CUST_0228,STR_010,2025-06-16,725.55,Credit Card
TXN_002100,CUST_0335,STR_003,2025-09-02,1201.65,Credit Card
TXN_002101,CUST_0305,STR_013,2025-05-26,2557.76,Debit Card
TXN_002102,CUST_0341,STR_015,2025-07-12,175.73,Debit Card
TXN_002103,CUST_0121,STR_005,2025-02-26,655.83,Credit Card
TXN_002104,CUST_0174,STR_019,2025-05-10,1964.69,Credit Card
TXN_002105,CUST_0284,STR_018,2025-01-18,904.89,Credit Card
TXN_002106,CUST_0002,STR_015,2025-10-30,578.95,Credit Card
TXN_002107,CUST_0090,STR_002,2025-02-26,764.8,Debit Card
TXN_002108,CUST_0343,STR_013,2025-11-11,1253.68,Credit Card
TXN_002109,CUST_0200,STR_002,2025-03-10,206.81,Digital Wallet
TXN_002110,CUST_0165,STR_005,2025-11-25,1302.66,Credit Card
TXN_002111,CUST_0389,STR_003,2025-04-02,1464.15,Digital Wallet
TXN_002112,CUST_0468,STR_019,2025-09-19,1357.4,Credit Card
TXN_002113,CUST_0322,STR_015,2025-01-30,437.87,Digital Wallet
TXN_002114,CUST_0337,STR_017,2025-03-17,104.39,Credit Card
TXN_002115,CUST_0292,STR_007,2025-01-05,2249.04,Debit Card
TXN_002116,CUST_0072,STR_017,2025-09-06,350.51,Credit Card
TXN_002117,CUST_0374,STR_019,2025-12-04,600.86,Credit Card
TXN_002118,CUST_0019,STR_004,2025-07-14,1308.68,Credit Card
TXN_002119,CUST_0021,STR_005,2025-08-07,643.03,Credit Card
TXN_002120,CUST_0085,STR_013,2025-05-09,653.12,Credit Card
TXN_002121,CUST_0288,STR_005,2025-03-30,3220.65,Credit Card
TXN_002122,CUST_0193,STR_014,2025-02-08,1145.05,Debit Card
TXN_002123,CUST_0422,STR_019,2025-07-04,543.67,Debit Card
TXN_002124,CUST_0087,STR_006,2025-08-01,40164.83,Credit Card
TXN_002125,CUST_0277,STR_016,2025-09-16,1522.28,Credit Card
TXN_002126,CUST_0419,STR_010,2025-05-01,3548.15,Credit Card
TXN_002127,CUST_0002,STR_014,2025-08-25,262.03,Digital Wallet
TXN_002128,CUST_0433,STR_020,2025-08-23,1169.29,Credit Card
TXN_002129,CUST_0066,STR_003,2025-06-14,628.17,Credit Card
TXN_002130,CUST_0221,STR_019,2025-03-14,2403.21,Credit Card
TXN_002131,CUST_0387,STR_017,2025-10-20,1423.29,Credit Card
TXN_002132,CUST_0325,STR_012,2025-08-07,362.7,Cash
TXN_002133,CUST_0133,STR_011,2025-04-30,1628.36,Debit Card
TXN_002134,CUST_0079,STR_016,2025-01-24,2583.69,Debit Card
TXN_002135,CUST_0128,STR_013,2025-09-30,1850.06,Credit Card
TXN_002136,CUST_0026,STR_008,2025-05-11,57.46,Credit Card
TXN_002137,CUST_0111,STR_004,2025-11-19,1750.89,Credit Card
TXN_002138,CUST_0405,STR_003,2025-05-02,179.85,Credit Card
TXN_002139,CUST_0201,STR_019,2025-12-28,23.16,Credit Card
TXN_002140,CUST_0498,STR_001,2025-02-04,486.52,Cash
TXN_002141,CUST_0434,STR_003,2025-08-01,476.25,Credit Card
TXN_002142,CUST_0401,STR_018,2025-04-26,576.46,Credit Card
TXN_002143,CUST_0188,STR_001,2025-07-18,51209.83,Credit Card
TXN_002144,CUST_0024,STR_018,2025-05-19,2935.12,Credit Card
TXN_002145,CUST_0017,STR_003,2025-05-28,782.6,Debit Card
TXN_002146,CUST_0234,STR_010,2025-04-30,800.5,Debit Card
TXN_002147,CUST_0108,STR_018,2025-09-11,248.5,Digital Wallet
TXN_002148,CUST_0389,STR_020,2025-11-28,2028.2,Credit Card
TXN_002149,CUST_0120,STR_008,2025-10-21,1374.6,Credit Card
TXN_002150,CUST_0251,STR_004,2025-04-17,764.95,Credit Card
TXN_002151,CUST_0433,STR_012,2025-04-19,355.38,Debit Card
TXN_002152,CUST_0144,STR_011,2025-06-23,206.74,Debit Card
TXN_002153,CUST_0141,STR_015,2025-09-29,1322.56,Credit Card
TXN_002154,CUST_0420,STR_010,2025-06-15,573.88,Credit Card
TXN_002155,CUST_0233,STR_019,2025-01-05,1708.78,Debit Card
TXN_002156,CUST_0001,STR_003,2025-11-12,3624.03,Credit Card
TXN_002157,CUST_0414,STR_010,2025-07-31,169.64,Credit Card
TXN_002158,CUST_0141,STR_011,2025-11-27,1823.72,Credit Card
TXN_002159,CUST_0461,STR_016,2025-11-03,2699.82,Credit Card
TXN_002160,CUST_0275,STR_020,2025-03-04,1884.51,Credit Card
TXN_002161,CUST_0189,STR_003,2025-08-30,422.1,Credit Card
TXN_002162,CUST_0196,STR_016,2025-12-07,907.6,Credit Card
TXN_002163,CUST_0355,STR_015,2025-06-30,915.25,Debit Card
TXN_002164,CUST_0492,STR_012,2025-02-20,743.66,Credit Card
TXN_002165,CUST_0200,STR_015,2025-06-12,95.68,Credit Card
TXN_002166,CUST_0022,STR_008,2025-06-29,1471.4,Credit Card
TXN_002167,CUST_0005,STR_014,2025-09-23,428.62,Credit Card
TXN_002168,CUST_0101,STR_015,2025-11-09,216.57,Debit Card
TXN_002169,CUST_0482,STR_014,2025-03-12,1060.95,Digital Wallet
TXN_002170,CUST_0167,STR_011,2025-02-21,375.77,Credit Card
TXN_002171,CUST_0147,STR_017,2025-03-28,1623.34,Credit Card
TXN_002172,CUST_0059,STR_014,2025-10-04,1587.11,Debit Card
TXN_002173,CUST_0137,STR_003,2025-08-03,557.41,Credit Card
TXN_002174,CUST_0423,STR_018,2025-06-03,2793.54,Credit Card
TXN_002175,CUST_0236,STR_005,2025-06-20,1945.98,Debit Card
TXN_002176,CUST_0082,STR_016,2025-06-04,1256.25,Debit Card
TXN_002177,CUST_0486,STR_019,2025-07-07,578.95,Credit Card
TXN_002178,CUST_0470,STR_017,2025-02-28,388.43,Credit Card
TXN_002179,CUST_0049,STR_003,2025-02-21,2218.96,Credit Card
TXN_002180,CUST_0280,STR_004,2025-08-21,1059.06,Credit Card
TXN_002181,CUST_0496,STR_014,2025-01-12,263.09,Credit Card
TXN_002182,CUST_0141,STR_013,2025-09-07,219.36,Credit Card
TXN_002183,CUST_0373,STR_009,2025-10-09,622.99,Debit Card
TXN_002184,CUST_0215,STR_017,2025-09-30,388.43,Credit Card
TXN_002185,CUST_0416,STR_006,2025-09-18,36.54,Debit Card
TXN_002186,CUST_0490,STR_005,2025-09-09,1679.51,Debit Card
TXN_002187,CUST_0457,STR_010,2025-07-20,1308.68,Debit Card
TXN_002188,CUST_0247,STR_014,2025-04-06,724.24,Credit Card
TXN_002189,CUST_0260,STR_002,2025-12-26,687.46,Credit Card
TXN_002190,CUST_0207,STR_010,2025-01-08,1964.16,Credit Card
TXN_002191,CUST_0066,STR_003,2025-06-30,181.86,Debit Card
TXN_002192,CUST_0206,STR_012,2025-11-16,254.6,Credit Card
TXN_002193,CUST_0413,STR_019,2025-05-23,2601.25,Credit Card
TXN_002194,CUST_0151,STR_006,2025-01-18,1569.55,Credit Card
TXN_002195,CUST_0034,STR_012,2025-03-02,158.89,Digital Wallet
TXN_002196,CUST_0178,STR_001,2025-11-07,63.26,Digital Wallet
TXN_002197,CUST_0189,STR_007,2025-03-09,814.44,Credit Card
TXN_002198,CUST_0264,STR_013,2025-05-10,1216.15,Credit Card
TXN_002199,CUST_0216,STR_014,2025-06-05,520.83,Cash
TXN_002200,CUST_0369,STR_008,2025-06-02,684.0,Debit Card
TXN_002201,CUST_0057,STR_011,2025-03-22,28.73,Debit Card
TXN_002202,CUST_0146,STR_019,2025-05-12,1588.72,Credit Card
TXN_002203,CUST_0035,STR_010,2025-01-29,635.74,Debit Card
TXN_002204,CUST_0189,STR_017,2025-12-19,364.93,Debit Card
TXN_002205,CUST_0041,STR_002,2025-01-17,2154.42,Credit Card
TXN_002206,CUST_0178,STR_001,2025-04-19,526.19,Credit Card
TXN_002207,CUST_0178,STR_008,2025-11-17,126.52,Debit Card
TXN_002208,CUST_0152,STR_007,2025-07-27,942.92,Debit Card
TXN_002209,CUST_0205,STR_017,2025-09-23,112.35,Digital Wallet
TXN_002210,CUST_0004,STR_002,2025-06-06,306.03,Credit Card
TXN_002211,CUST_0271,STR_003,2025-03-30,450.18,Debit Card
TXN_002212,CUST_0156,STR_004,2025-10-31,1669.78,Credit Card
TXN_002213,CUST_0382,STR_007,2025-08-16,524.05,Credit Card
TXN_002214,CUST_0281,STR_007,2025-04-19,21684.4,Debit Card
TXN_002215,CUST_0496,STR_001,2025-12-13,472.52,Debit Card
TXN_002216,CUST_0127,STR_003,2025-09-17,294.63,Credit Card
TXN_002217,CUST_0467,STR_005,2025-05-07,1896.19,Credit Card
TXN_002218,CUST_0303,STR_005,2025-08-27,538.38,Debit Card
TXN_002219,CUST_0385,STR_011,2025-10-26,1384.3,Digital Wallet
TXN_002220,CUST_0206,STR_004,2025-04-13,5726.67,Debit Card
TXN_002221,CUST_0183,STR_013,2025-09-24,272.39,Cash
TXN_002222,CUST_0426,STR_017,2025-01-17,1236.62,Credit Card
TXN_002223,CUST_0254,STR_010,2025-07-31,433.65,Credit Card
TXN_002224,CUST_0471,STR_003,2025-08-23,632.48,Credit Card
TXN_002225,CUST_0001,STR_004,2025-11-23,491.82,Debit Card
TXN_002226,CUST_0244,STR_014,2025-04-14,2280.5,Digital Wallet
TXN_002227,CUST_0176,STR_012,2025-09-07,3877.78,Credit Card
TXN_002228,CUST_0367,STR_005,2025-11-25,784.74,Credit Card
TXN_002229,CUST_0431,STR_011,2025-10-12,299.28,Debit Card
TXN_002230,CUST_0282,STR_001,2025-10-17,442.53,Credit Card
TXN_002231,CUST_0156,STR_015,2025-08-06,882.49,Credit Card
TXN_002232,CUST_0337,STR_016,2025-02-02,1685.26,Debit Card
TXN_002233,CUST_0346,STR_006,2025-05-10,63.26,Credit Card
TXN_002234,CUST_0430,STR_016,2025-03-31,2616.7,Cash
TXN_002235,CUST_0101,STR_006,2025-07-05,249.25,Credit Card
TXN_002236,CUST_0267,STR_013,2025-11-06,968.3,Debit Card
TXN_002237,CUST_0274,STR_005,2025-10-31,2081.47,Digital Wallet
TXN_002238,CUST_0392,STR_001,2025-09-05,680.61,Debit Card
TXN_002239,CUST_0341,STR_017,2025-07-24,114.74,Credit Card
TXN_002240,CUST_0002,STR_008,2025-04-15,355.38,Credit Card
TXN_002241,CUST_0486,STR_012,2025-03-27,1325.9,Credit Card
TXN_002242,CUST_0136,STR_018,2025-03-12,533.61,Digital Wallet
TXN_002243,CUST_0219,STR_003,2025-07-21,313.17,Debit Card
TXN_002244,CUST_0459,STR_017,2025-01-29,350.51,Digital Wallet
TXN_002245,CUST_0138,STR_011,2025-03-15,1708.6,Debit Card
TXN_002246,CUST_0328,STR_002,2025-12-23,5582.2,Credit Card
TXN_002247,CUST_0016,STR_013,2025-12-23,656.64,Credit Card
TXN_002248,CUST_0457,STR_004,2025-01-12,1474.08,Credit Card
TXN_002249,CUST_0002,STR_005,2025-05-22,962.06,Debit Card
TXN_002250,CUST_0259,STR_004,2025-05-09,685.81,Debit Card
TXN_002251,CUST_0151,STR_017,2025-07-10,2240.21,Debit Card
TXN_002252,CUST_0093,STR_017,2025-06-18,4157.73,Digital Wallet
TXN_002253,CUST_0402,STR_012,2025-07-19,613.87,Cash
TXN_002254,CUST_0188,STR_016,2025-02-12,393.21,Credit Card
TXN_002255,CUST_0300,STR_005,2025-07-03,1216.69,Debit Card
TXN_002256,CUST_0380,STR_015,2025-05-24,543.67,Digital Wallet
TXN_002257,CUST_0473,STR_017,2025-11-23,395.52,Cash
TXN_002258,CUST_0429,STR_016,2025-03-16,784.74,Cash
TXN_002259,CUST_0120,STR_017,2025-01-10,333.87,Credit Card
TXN_002260,CUST_0239,STR_003,2025-06-21,3659.92,Credit Card
TXN_002261,CUST_0494,STR_009,2025-05-26,283.61,Digital Wallet
TXN_002262,CUST_0414,STR_013,2025-06-12,104.39,Credit Card
TXN_002263,CUST_0319,STR_013,2025-08-08,1516.73,Debit Card
TXN_002264,CUST_0229,STR_005,2025-01-20,235.66,Debit Card
TXN_002265,CUST_0452,STR_019,2025-02-01,319.84,Credit Card
TXN_002266,CUST_0012,STR_016,2025-02-14,676.39,Credit Card
TXN_002267,CUST_0281,STR_018,2025-05-08,1584.91,Digital Wallet
TXN_002268,CUST_0321,STR_013,2025-12-29,481.03,Digital Wallet
TXN_002269,CUST_0239,STR_014,2025-06-15,3261.47,Debit Card
TXN_002270,CUST_0283,STR_004,2025-11-07,445.48,Credit Card
TXN_002271,CUST_0224,STR_017,2025-03-12,670.97,Cash
TXN_002272,CUST_0200,STR_020,2025-03-11,253.46,Credit Card
TXN_002273,CUST_0083,STR_016,2025-10-10,1227.74,Debit Card
TXN_002274,CUST_0229,STR_019,2025-06-14,190.49,Credit Card
TXN_002275,CUST_0397,STR_017,2025-05-15,1062.29,Digital Wallet
TXN_002276,CUST_0181,STR_011,2025-02-22,2435.08,Credit Card
TXN_002277,CUST_0383,STR_002,2025-05-20,359.7,Digital Wallet
TXN_002278,CUST_0178,STR_001,2025-09-19,5728.5,Credit Card
TXN_002279,CUST_0351,STR_016,2025-12-17,573.88,Credit Card
TXN_002280,CUST_0345,STR_010,2025-12-03,221.44,Credit Card
TXN_002281,CUST_0430,STR_005,2025-11-23,276.94,Digital Wallet
TXN_002282,CUST_0098,STR_011,2025-02-17,468.75,Credit Card
TXN_002283,CUST_0215,STR_010,2025-10-04,689.13,Credit Card
TXN_002284,CUST_0274,STR_019,2025-12-12,1317.16,Debit Card
TXN_002285,CUST_0471,STR_008,2025-10-25,835.72,Credit Card
TXN_002286,CUST_0302,STR_004,2025-04-26,1904.53,Credit Card
TXN_002287,CUST_0056,STR_020,2025-03-03,375.77,Digital Wallet
TXN_002288,CUST_0482,STR_008,2025-04-19,5238.99,Credit Card
TXN_002289,CUST_0173,STR_006,2025-12-01,3026.24,Credit Card
TXN_002290,CUST_0141,STR_014,2025-08-16,210.24,Credit Card
TXN_002291,CUST_0345,STR_008,2025-06-23,546.47,Debit Card
TXN_002292,CUST_0485,STR_020,2025-09-19,1250.32,Credit Card
TXN_002293,CUST_0306,STR_006,2025-05-13,5464.7,Credit Card
TXN_002294,CUST_0460,STR_015,2025-09-28,521.87,Credit Card
TXN_002295,CUST_0315,STR_009,2025-02-08,98.21,Cash
TXN_002296,CUST_0399,STR_009,2025-12-31,69.48,Credit Card
TXN_002297,CUST_0055,STR_014,2025-05-06,231.2,Credit Card
TXN_002298,CUST_0307,STR_004,2025-10-29,96.25,Credit Card
TXN_002299,CUST_0249,STR_020,2025-05-23,613.87,Cash
TXN_002300,CUST_0290,STR_006,2025-08-19,1475.11,Cash
TXN_002301,CUST_0156,STR_019,2025-08-08,1632.38,Credit Card
TXN_002302,CUST_0434,STR_019,2025-12-31,28946.67,Digital Wallet
TXN_002303,CUST_0060,STR_005,2025-01-09,2505.6,Credit Card
TXN_002304,CUST_0263,STR_014,2025-11-30,154.58,Credit Card
TXN_002305,CUST_0496,STR_005,2025-08-05,1028.9,Credit Card
TXN_002306,CUST_0144,STR_002,2025-04-15,486.11,Debit Card
TXN_002307,CUST_0117,STR_004,2025-12-24,471.85,Credit Card
TXN_002308,CUST_0410,STR_005,2025-04-04,497.0,Credit Card
TXN_002309,CUST_0399,STR_018,2025-04-15,45028.84,Digital Wallet
TXN_002310,CUST_0041,STR_012,2025-07-09,573.46,Debit Card
TXN_002311,CUST_0495,STR_016,2025-05-13,177.45,Credit Card
TXN_002312,CUST_0438,STR_005,2025-12-15,404.81,Debit Card
TXN_002313,CUST_0050,STR_013,2025-02-06,793.45,Credit Card
TXN_002314,CUST_0291,STR_005,2025-09-05,520.83,Digital Wallet
TXN_002315,CUST_0421,STR_008,2025-12-15,2477.93,Debit Card
TXN_002316,CUST_0065,STR_005,2025-08-28,933.21,Debit Card
TXN_002317,CUST_0254,STR_020,2025-01-27,1171.41,Credit Card
TXN_002318,CUST_0415,STR_002,2025-02-01,2437.0,Digital Wallet
TXN_002319,CUST_0175,STR_003,2025-10-30,993.01,Debit Card
TXN_002320,CUST_0160,STR_007,2025-07-05,1623.34,Debit Card
TXN_002321,CUST_0041,STR_004,2025-10-19,811.67,Digital Wallet
TXN_002322,CUST_0481,STR_005,2025-04-18,1075.32,Credit Card
TXN_002323,CUST_0445,STR_009,2025-04-05,444.41,Credit Card
TXN_002324,CUST_0086,STR_012,2025-01-09,2305.84,Cash
TXN_002325,CUST_0192,STR_008,2025-03-16,333.13,Digital Wallet
TXN_002326,CUST_0131,STR_008,2025-06-13,446.83,Credit Card
TXN_002327,CUST_0012,STR_012,2025-02-23,391.74,Debit Card
TXN_002328,CUST_0264,STR_012,2025-10-26,1802.15,Credit Card
TXN_002329,CUST_0473,STR_010,2025-11-12,540.58,Credit Card
TXN_002330,CUST_0483,STR_008,2025-08-06,1197.64,Credit Card
TXN_002331,CUST_0026,STR_014,2025-01-05,706.28,Digital Wallet
TXN_002332,CUST_0011,STR_010,2025-07-29,1824.25,Debit Card
TXN_002333,CUST_0483,STR_010,2025-03-17,853.92,Credit Card
TXN_002334,CUST_0264,STR_014,2025-03-10,292.86,Cash
TXN_002335,CUST_0476,STR_020,2025-03-11,510.18,Cash
TXN_002336,CUST_0035,STR_007,2025-02-01,1835.19,Debit Card
TXN_002337,CUST_0289,STR_007,2025-07-02,749.97,Credit Card
TXN_002338,CUST_0314,STR_002,2025-10-13,1062.0,Debit Card
TXN_002339,CUST_0137,STR_010,2025-11-18,420.48,Debit Card
TXN_002340,CUST_0252,STR_013,2025-09-12,546.47,Debit Card
TXN_002341,CUST_0100,STR_020,2025-09-18,2300.5,Credit Card
TXN_002342,CUST_0168,STR_001,2025-06-09,1079.79,Debit Card
TXN_002343,CUST_0380,STR_008,2025-07-26,353.57,Credit Card
TXN_002344,CUST_0397,STR_020,2025-04-15,425.81,Cash
TXN_002345,CUST_0302,STR_016,2025-02-08,126.52,Debit Card
TXN_002346,CUST_0422,STR_011,2025-07-19,192.51,Debit Card
TXN_002347,CUST_0057,STR_011,2025-07-02,8414.97,Digital Wallet
TXN_002348,CUST_0491,STR_017,2025-01-05,23.16,Debit Card
TXN_002349,CUST_0056,STR_018,2025-04-11,764.47,Cash
TXN_002350,CUST_0316,STR_001,2025-09-24,1222.69,Digital Wallet
TXN_002351,CUST_0500,STR_018,2025-02-20,1172.64,Credit Card
TXN_002352,CUST_0152,STR_015,2025-06-25,2158.8,Credit Card
TXN_002353,CUST_0063,STR_016,2025-07-21,1830.31,Credit Card
TXN_002354,CUST_0120,STR_001,2025-06-19,390.62,Digital Wallet
TXN_002355,CUST_0188,STR_016,2025-12-30,206.81,Credit Card
TXN_002356,CUST_0113,STR_005,2025-03-18,797.9,Debit Card
TXN_002357,CUST_0053,STR_011,2025-01-15,448.89,Credit Card
TXN_002358,CUST_0446,STR_018,2025-06-08,672.84,Credit Card
TXN_002359,CUST_0323,STR_003,2025-10-25,871.53,Debit Card
TXN_002360,CUST_0342,STR_015,2025-08-05,63.65,Credit Card
TXN_002361,CUST_0461,STR_005,2025-02-23,942.64,Cash
TXN_002362,CUST_0168,STR_018,2025-06-04,3226.12,Debit Card
TXN_002363,CUST_0014,STR_012,2025-12-07,383.48,Credit Card
TXN_002364,CUST_0213,STR_016,2025-04-26,92240.77,Credit Card
TXN_002365,CUST_0298,STR_001,2025-01-29,654.34,Credit Card
TXN_002366,CUST_0469,STR_016,2025-08-04,529.62,Credit Card
TXN_002367,CUST_0465,STR_015,2025-09-21,7946.68,Digital Wallet
TXN_002368,CUST_0420,STR_020,2025-02-26,190.95,Credit Card
TXN_002369,CUST_0070,STR_020,2025-10-21,872.25,Digital Wallet
TXN_002370,CUST_0387,STR_006,2025-12-08,2588.36,Credit Card
TXN_002371,CUST_0283,STR_014,2025-01-19,442.8,Credit Card
TXN_002372,CUST_0436,STR_008,2025-12-10,1147.0,Debit Card
TXN_002373,CUST_0364,STR_004,2025-04-30,540.58,Credit Card
TXN_002374,CUST_0106,STR_005,2025-01-05,526.58,Credit Card
TXN_002375,CUST_0250,STR_008,2025-08-31,4796.38,Debit Card
TXN_002376,CUST_0129,STR_008,2025-04-12,494.79,Credit Card
TXN_002377,CUST_0421,STR_013,2025-11-29,210.24,Credit Card
TXN_002378,CUST_0372,STR_019,2025-12-10,494.79,Debit Card
TXN_002379,CUST_0216,STR_019,2025-10-05,397.22,Credit Card
TXN_002380,CUST_0380,STR_019,2025-12-12,1456.06,Digital Wallet
TXN_002381,CUST_0484,STR_011,2025-08-13,224.11,Debit Card
TXN_002382,CUST_0275,STR_006,2025-10-13,1144.53,Credit Card
TXN_002383,CUST_0104,STR_003,2025-09-29,2301.88,Digital Wallet
TXN_002384,CUST_0066,STR_006,2025-06-23,1688.76,Digital Wallet
TXN_002385,CUST_0098,STR_006,2025-06-25,112.35,Debit Card
TXN_002386,CUST_0374,STR_012,2025-12-20,1677.18,Credit Card
TXN_002387,CUST_0392,STR_005,2025-06-12,858.85,Credit Card
TXN_002388,CUST_0342,STR_002,2025-07-02,69.48,Credit Card
TXN_002389,CUST_0460,STR_016,2025-04-13,1871.64,Credit Card
TXN_002390,CUST_0162,STR_007,2025-08-01,551.82,Credit Card
TXN_002391,CUST_0442,STR_013,2025-12-29,2224.81,Credit Card
TXN_002392,CUST_0260,STR_002,2025-03-18,4094.06,Credit Card
TXN_002393,CUST_0023,STR_019,2025-05-03,821.63,Credit Card
TXN_002394,CUST_0230,STR_016,2025-02-01,405.44,Digital Wallet
TXN_002395,CUST_0457,STR_006,2025-01-13,1409.02,Digital Wallet
TXN_002396,CUST_0221,STR_016,2025-03-25,965.55,Credit Card
TXN_002397,CUST_0053,STR_002,2025-07-24,540.58,Digital Wallet
TXN_002398,CUST_0263,STR_015,2025-07-03,901.83,Credit Card
TXN_002399,CUST_0201,STR_020,2025-03-14,2819.07,Digital Wallet
TXN_002400,CUST_0070,STR_007,2025-02-05,2483.89,Digital Wallet
TXN_002401,CUST_0161,STR_001,2025-02-26,148.33,Credit Card
TXN_002402,CUST_0483,STR_014,2025-12-30,533.72,Credit Card
TXN_002403,CUST_0126,STR_016,2025-06-02,1029.35,Digital Wallet
TXN_002404,CUST_0482,STR_003,2025-10-06,4524.55,Debit Card
TXN_002405,CUST_0196,STR_002,2025-02-21,417.84,Debit Card
TXN_002406,CUST_0091,STR_002,2025-10-21,1510.17,Credit Card
TXN_002407,CUST_0459,STR_017,2025-04-29,1532.32,Credit Card
TXN_002408,CUST_0246,STR_004,2025-06-17,424.19,Credit Card
TXN_002409,CUST_0021,STR_009,2025-11-30,754.28,Credit Card
TXN_002410,CUST_0227,STR_019,2025-06-06,508.68,Credit Card
TXN_002411,CUST_0299,STR_008,2025-02-25,1031.79,Credit Card
TXN_002412,CUST_0405,STR_009,2025-06-21,655.78,Credit Card
TXN_002413,CUST_0189,STR_009,2025-05-26,708.37,Credit Card
TXN_002414,CUST_0056,STR_012,2025-05-24,1578.78,Credit Card
TXN_002415,CUST_0298,STR_004,2025-08-30,1948.4,Credit Card
TXN_002416,CUST_0188,STR_006,2025-12-31,1655.61,Credit Card
TXN_002417,CUST_0421,STR_004,2025-04-01,281.62,Debit Card
TXN_002418,CUST_0201,STR_009,2025-01-30,1687.05,Credit Card
TXN_002419,CUST_0049,STR_015,2025-06-22,640.79,Credit Card
TXN_002420,CUST_0307,STR_002,2025-10-30,471.85,Digital Wallet
TXN_002421,CUST_0330,STR_009,2025-07-07,472.52,Credit Card
TXN_002422,CUST_0156,STR_013,2025-07-07,199.0,Debit Card
TXN_002423,CUST_0217,STR_020,2025-09-07,721.91,Credit Card
TXN_002424,CUST_0161,STR_017,2025-06-04,1250.85,Debit Card
TXN_002425,CUST_0328,STR_010,2025-04-17,540.58,Credit Card
TXN_002426,CUST_0057,STR_006,2025-10-10,2592.38,Digital Wallet
TXN_002427,CUST_0347,STR_013,2025-04-18,804.71,Debit Card
TXN_002428,CUST_0397,STR_020,2025-09-04,397.84,Credit Card
TXN_002429,CUST_0152,STR_017,2025-11-12,362.7,Debit Card
TXN_002430,CUST_0225,STR_001,2025-07-05,272.39,Credit Card
TXN_002431,CUST_0129,STR_001,2025-01-08,1648.61,Digital Wallet
TXN_002432,CUST_0121,STR_001,2025-01-22,643.03,Credit Card
TXN_002433,CUST_0413,STR_015,2025-03-14,1458.75,Credit Card
TXN_002434,CUST_0252,STR_006,2025-04-03,63.26,Credit Card
TXN_002435,CUST_0092,STR_016,2025-03-13,586.75,Credit Card
TXN_002436,CUST_0339,STR_011,2025-05-05,4343.42,Credit Card
TXN_002437,CUST_0002,STR_011,2025-05-15,1662.33,Credit Card
TXN_002438,CUST_0031,STR_015,2025-07-13,619.86,Cash
TXN_002439,CUST_0015,STR_007,2025-03-30,644.66,Debit Card
TXN_002440,CUST_0284,STR_008,2025-12-30,243.58,Credit Card
TXN_002441,CUST_0291,STR_004,2025-04-16,1197.4,Credit Card
TXN_002442,CUST_0431,STR_002,2025-07-10,1416.74,Digital Wallet
TXN_002443,CUST_0228,STR_005,2025-03-13,613.87,Credit Card
TXN_002444,CUST_0107,STR_015,2025-10-15,177.45,Debit Card
TXN_002445,CUST_0105,STR_015,2025-11-27,363.72,Credit Card
TXN_002446,CUST_0070,STR_012,2025-07-02,670.97,Digital Wallet
TXN_002447,CUST_0196,STR_020,2025-11-23,1035.06,Credit Card
TXN_002448,CUST_0042,STR_018,2025-09-14,1277.81,Debit Card
TXN_002449,CUST_0146,STR_011,2025-10-24,4004.28,Cash
TXN_002450,CUST_0121,STR_005,2025-08-10,604.08,Credit Card
TXN_002451,CUST_0073,STR_017,2025-12-20,854.39,Credit Card
TXN_002452,CUST_0318,STR_003,2025-05-28,632.48,Credit Card
TXN_002453,CUST_0189,STR_008,2025-06-27,1046.68,Credit Card
TXN_002454,CUST_0443,STR_002,2025-08-06,1285.78,Digital Wallet
TXN_002455,CUST_0392,STR_008,2025-03-05,670.97,Debit Card
TXN_002456,CUST_0338,STR_007,2025-10-12,2066.21,Debit Card
TXN_002457,CUST_0155,STR_010,2025-07-02,558.28,Credit Card
TXN_002458,CUST_0464,STR_004,2025-01-28,2454.34,Credit Card
TXN_002459,CUST_0023,STR_013,2025-10-05,1206.32,Credit Card
TXN_002460,CUST_0277,STR_011,2025-07-29,1123.5,Digital Wallet
TXN_002461,CUST_0443,STR_012,2025-07-12,57.28,Credit Card
TXN_002462,CUST_0381,STR_014,2025-02-03,2329.7,Credit Card
TXN_002463,CUST_0171,STR_003,2025-09-23,2113.34,Credit Card
TXN_002464,CUST_0303,STR_010,2025-02-03,1897.44,Debit Card
TXN_002465,CUST_0147,STR_007,2025-08-07,2058.74,Credit Card
TXN_002466,CUST_0393,STR_009,2025-05-21,1722.73,Credit Card
TXN_002467,CUST_0285,STR_004,2025-05-17,529.53,Digital Wallet
TXN_002468,CUST_0083,STR_008,2025-12-19,1662.55,Credit Card
TXN_002469,CUST_0493,STR_018,2025-10-05,559.06,Debit Card
TXN_002470,CUST_0073,STR_013,2025-06-12,1121.9,Credit Card
TXN_002471,CUST_0450,STR_010,2025-11-20,1697.36,Credit Card
TXN_002472,CUST_0481,STR_002,2025-07-10,538.38,Credit Card
TXN_002473,CUST_0289,STR_017,2025-09-30,1929.09,Debit Card
TXN_002474,CUST_0447,STR_012,2025-09-18,3046.66,Cash
TXN_002475,CUST_0257,STR_011,2025-02-21,2201.22,Credit Card
TXN_002476,CUST_0040,STR_012,2025-01-17,2075.88,Debit Card
TXN_002477,CUST_0365,STR_005,2025-05-01,397.15,Debit Card
TXN_002478,CUST_0055,STR_020,2025-08-10,2040.72,Debit Card
TXN_002479,CUST_0056,STR_004,2025-08-10,510.18,Digital Wallet
TXN_002480,CUST_0402,STR_014,2025-08-14,616.59,Debit Card
TXN_002481,CUST_0239,STR_018,2025-04-05,495.02,Credit Card
TXN_002482,CUST_0313,STR_014,2025-07-18,1562.7,Credit Card
TXN_002483,CUST_0236,STR_004,2025-06-06,1746.35,Credit Card
TXN_002484,CUST_0219,STR_008,2025-11-30,1227.74,Credit Card
TXN_002485,CUST_0253,STR_004,2025-05-01,2153.52,Credit Card
TXN_002486,CUST_0279,STR_004,2025-06-24,470.35,Debit Card
TXN_002487,CUST_0412,STR_010,2025-11-18,1301.84,Digital Wallet
TXN_002488,CUST_0480,STR_015,2025-02-05,389.36,Credit Card
TXN_002489,CUST_0131,STR_003,2025-04-13,104.39,Digital Wallet
TXN_002490,CUST_0437,STR_011,2025-12-17,721.91,Credit Card
TXN_002491,CUST_0254,STR_020,2025-11-20,1314.78,Debit Card
TXN_002492,CUST_0366,STR_010,2025-02-17,809.95,Credit Card
TXN_002493,CUST_0425,STR_009,2025-09-14,285.0,Digital Wallet
TXN_002494,CUST_0158,STR_004,2025-02-11,2951.32,Credit Card
TXN_002495,CUST_0112,STR_005,2025-09-19,846.49,Credit Card
TXN_002496,CUST_0147,STR_004,2025-06-18,206.74,Debit Card
TXN_002497,CUST_0281,STR_019,2025-05-22,220.35,Credit Card
TXN_002498,CUST_0028,STR_014,2025-07-21,2411.41,Digital Wallet
TXN_002499,CUST_0073,STR_008,2025-03-17,2258.78,Cash
TXN_002500,CUST_0095,STR_011,2025-05-02,266.99,Credit Card
TXN_002501,CUST_0412,STR_011,2025-04-05,1312.28,Debit Card
TXN_002502,CUST_0016,STR_012,2025-03-12,108.2,Credit Card
TXN_002503,CUST_0438,STR_016,2025-01-17,511.46,Credit Card
TXN_002504,CUST_0403,STR_006,2025-01-09,466.1,Credit Card
TXN_002505,CUST_0206,STR_015,2025-10-09,1980.61,Credit Card
TXN_002506,CUST_0123,STR_007,2025-09-16,1264.96,Cash
TXN_002507,CUST_0434,STR_003,2025-08-01,1238.58,Credit Card
TXN_002508,CUST_0208,STR_005,2025-01-06,628.26,Credit Card
TXN_002509,CUST_0146,STR_003,2025-01-16,516.11,Credit Card
TXN_002510,CUST_0286,STR_015,2025-06-19,721.91,Debit Card
TXN_002511,CUST_0188,STR_005,2025-12-04,719.4,Digital Wallet
TXN_002512,CUST_0411,STR_004,2025-05-11,3247.63,Credit Card
TXN_002513,CUST_0248,STR_013,2025-06-03,260.54,Credit Card
TXN_002514,CUST_0175,STR_009,2025-10-02,244.4,Debit Card
TXN_002515,CUST_0457,STR_005,2025-02-18,369.01,Credit Card
TXN_002516,CUST_0423,STR_013,2025-02-10,1660.33,Cash
TXN_002517,CUST_0377,STR_019,2025-12-17,3254.71,Debit Card
TXN_002518,CUST_0350,STR_006,2025-12-19,419.49,Credit Card
TXN_002519,CUST_0092,STR_004,2025-03-04,337.05,Credit Card
TXN_002520,CUST_0347,STR_016,2025-11-03,5376.22,Credit Card
TXN_002521,CUST_0196,STR_011,2025-11-22,1298.37,Credit Card
TXN_002522,CUST_0439,STR_019,2025-02-25,1847.87,Credit Card
TXN_002523,CUST_0396,STR_005,2025-06-06,1325.31,Credit Card
TXN_002524,CUST_0377,STR_007,2025-08-07,420.4,Credit Card
TXN_002525,CUST_0450,STR_019,2025-12-29,444.41,Credit Card
TXN_002526,CUST_0114,STR_015,2025-07-17,802.62,Digital Wallet
TXN_002527,CUST_0493,STR_019,2025-09-07,764.47,Digital Wallet
TXN_002528,CUST_0245,STR_018,2025-01-18,827.9,Credit Card
TXN_002529,CUST_0370,STR_019,2025-03-19,498.74,Credit Card
TXN_002530,CUST_0242,STR_012,2025-12-09,1048.56,Debit Card
TXN_002531,CUST_0124,STR_006,2025-09-05,2180.95,Credit Card
TXN_002532,CUST_0425,STR_015,2025-10-19,2802.23,Credit Card
TXN_002533,CUST_0022,STR_019,2025-02-24,1460.74,Credit Card
TXN_002534,CUST_0404,STR_017,2025-10-05,388.43,Digital Wallet
TXN_002535,CUST_0281,STR_020,2025-05-02,580.22,Credit Card
TXN_002536,CUST_0168,STR_007,2025-04-16,1787.81,Credit Card
TXN_002537,CUST_0082,STR_013,2025-12-30,422.1,Credit Card
TXN_002538,CUST_0282,STR_010,2025-06-30,498.24,Debit Card
TXN_002539,CUST_0210,STR_014,2025-06-01,1075.99,Credit Card
TXN_002540,CUST_0055,STR_009,2025-11-29,472.8,Credit Card
TXN_002541,CUST_0475,STR_006,2025-06-23,842.63,Credit Card
TXN_002542,CUST_0337,STR_017,2025-05-23,1143.49,Credit Card
TXN_002543,CUST_0297,STR_006,2025-06-06,1781.62,Credit Card
TXN_002544,CUST_0276,STR_016,2025-07-07,2415.16,Credit Card
TXN_002545,CUST_0001,STR_008,2025-02-02,3068.91,Credit Card
TXN_002546,CUST_0179,STR_008,2025-02-14,209.72,Credit Card
TXN_002547,CUST_0375,STR_002,2025-06-26,3095.77,Debit Card
TXN_002548,CUST_0470,STR_008,2025-07-25,309.66,Credit Card
TXN_002549,CUST_0149,STR_012,2025-11-17,3075.84,Credit Card
TXN_002550,CUST_0007,STR_007,2025-03-21,1972.93,Credit Card
TXN_002551,CUST_0136,STR_018,2025-09-09,1443.09,Credit Card
TXN_002552,CUST_0293,STR_010,2025-01-18,1471.03,Credit Card
TXN_002553,CUST_0151,STR_007,2025-06-24,1691.5,Digital Wallet
TXN_002554,CUST_0297,STR_013,2025-09-29,1220.56,Cash
TXN_002555,CUST_0449,STR_013,2025-06-30,223.88,Credit Card
TXN_002556,CUST_0014,STR_013,2025-11-01,3532.14,Credit Card
TXN_002557,CUST_0355,STR_007,2025-04-05,2667.11,Credit Card
TXN_002558,CUST_0474,STR_018,2025-03-13,57.46,Credit Card
TXN_002559,CUST_0129,STR_016,2025-01-18,384.19,Cash
TXN_002560,CUST_0314,STR_019,2025-06-02,586.75,Digital Wallet
TXN_002561,CUST_0303,STR_012,2025-07-26,371.11,Credit Card
TXN_002562,CUST_0216,STR_011,2025-04-19,209.72,Credit Card
TXN_002563,CUST_0203,STR_005,2025-12-18,445.64,Credit Card
TXN_002564,CUST_0215,STR_020,2025-08-18,21035.77,Credit Card
TXN_002565,CUST_0084,STR_002,2025-06-20,1381.08,Debit Card
TXN_002566,CUST_0210,STR_011,2025-10-20,1517.91,Credit Card
TXN_002567,CUST_0228,STR_001,2025-02-17,522.02,Debit Card
TXN_002568,CUST_0168,STR_014,2025-02-16,484.54,Credit Card
TXN_002569,CUST_0374,STR_016,2025-07-14,206.81,Credit Card
TXN_002570,CUST_0459,STR_008,2025-11-19,914.1,Credit Card
TXN_002571,CUST_0017,STR_005,2025-04-06,3767.58,Digital Wallet
TXN_002572,CUST_0436,STR_001,2025-10-11,1601.16,Digital Wallet
TXN_002573,CUST_0182,STR_011,2025-06-07,432.93,Credit Card
TXN_002574,CUST_0106,STR_013,2025-01-15,2304.37,Credit Card
TXN_002575,CUST_0320,STR_005,2025-05-13,450.0,Debit Card
TXN_002576,CUST_0330,STR_018,2025-02-10,1929.71,Debit Card
TXN_002577,CUST_0036,STR_004,2025-08-21,6805.41,Debit Card
TXN_002578,CUST_0360,STR_014,2025-12-03,206.74,Credit Card
TXN_002579,CUST_0046,STR_007,2025-12-04,655.78,Credit Card
TXN_002580,CUST_0414,STR_016,2025-05-31,476.58,Credit Card
TXN_002581,CUST_0306,STR_016,2025-09-01,1967.32,Debit Card
TXN_002582,CUST_0146,STR_002,2025-09-22,637.53,Credit Card
TXN_002583,CUST_0116,STR_017,2025-07-18,2105.69,Digital Wallet
TXN_002584,CUST_0393,STR_010,2025-06-07,151.78,Credit Card
TXN_002585,CUST_0135,STR_013,2025-08-02,613.66,Digital Wallet
TXN_002586,CUST_0168,STR_001,2025-04-15,553.88,Credit Card
TXN_002587,CUST_0455,STR_002,2025-04-24,1324.29,Credit Card
TXN_002588,CUST_0215,STR_005,2025-01-25,4283.55,Credit Card
TXN_002589,CUST_0485,STR_011,2025-09-08,1059.06,Credit Card
TXN_002590,CUST_0014,STR_015,2025-03-24,2002.52,Debit Card
TXN_002591,CUST_0172,STR_016,2025-09-25,422.1,Digital Wallet
TXN_002592,CUST_0493,STR_015,2025-08-04,2332.36,Credit Card
TXN_002593,CUST_0039,STR_003,2025-01-07,708.92,Credit Card
TXN_002594,CUST_0025,STR_015,2025-08-29,2121.62,Debit Card
TXN_002595,CUST_0167,STR_020,2025-02-20,664.32,Debit Card
TXN_002596,CUST_0153,STR_014,2025-06-10,690.86,Debit Card
TXN_002597,CUST_0153,STR_015,2025-04-03,181.86,Digital Wallet
TXN_002598,CUST_0353,STR_003,2025-05-13,338.19,Digital Wallet
TXN_002599,CUST_0091,STR_008,2025-11-19,991.87,Digital Wallet
TXN_002600,CUST_0190,STR_018,2025-04-11,510.18,Credit Card
TXN_002601,CUST_0105,STR_015,2025-10-26,538.38,Credit Card
TXN_002602,CUST_0359,STR_012,2025-07-29,1203.98,Digital Wallet
TXN_002603,CUST_0327,STR_014,2025-12-18,538.38,Credit Card
TXN_002604,CUST_0395,STR_019,2025-11-25,634.7,Debit Card
TXN_002605,CUST_0135,STR_002,2025-03-15,2583.95,Debit Card
TXN_002606,CUST_0060,STR_003,2025-11-04,1575.04,Digital Wallet
TXN_002607,CUST_0213,STR_015,2025-02-05,188.22,Credit Card
TXN_002608,CUST_0321,STR_006,2025-08-26,1370.14,Digital Wallet
TXN_002609,CUST_0485,STR_020,2025-05-10,1022.92,Credit Card
TXN_002610,CUST_0119,STR_015,2025-02-14,856.59,Credit Card
TXN_002611,CUST_0500,STR_017,2025-07-15,2275.5,Credit Card
TXN_002612,CUST_0461,STR_020,2025-07-20,1059.01,Credit Card
TXN_002613,CUST_0320,STR_017,2025-04-06,685.81,Credit Card
TXN_002614,CUST_0247,STR_014,2025-04-14,1061.14,Credit Card
TXN_002615,CUST_0476,STR_006,2025-12-10,653.05,Cash
TXN_002616,CUST_0308,STR_015,2025-05-31,3335.93,Digital Wallet
TXN_002617,CUST_0444,STR_010,2025-10-07,46.32,Credit Card
TXN_002618,CUST_0138,STR_016,2025-02-01,70.0,Debit Card
TXN_002619,CUST_0221,STR_020,2025-06-23,1298.78,Credit Card
TXN_002620,CUST_0358,STR_009,2025-05-26,755.74,Credit Card
TXN_002621,CUST_0363,STR_007,2025-01-18,3259.38,Digital Wallet
TXN_002622,CUST_0394,STR_018,2025-04-22,240.25,Digital Wallet
TXN_002623,CUST_0406,STR_006,2025-03-13,540.58,Debit Card
TXN_002624,CUST_0488,STR_011,2025-04-20,1853.73,Credit Card
TXN_002625,CUST_0087,STR_006,2025-12-30,764.95,Debit Card
TXN_002626,CUST_0205,STR_001,2025-07-14,1779.83,Credit Card
TXN_002627,CUST_0327,STR_004,2025-10-12,1164.62,Digital Wallet
TXN_002628,CUST_0087,STR_013,2025-11-15,2182.01,Debit Card
TXN_002629,CUST_0073,STR_005,2025-03-14,140.0,Digital Wallet
TXN_002630,CUST_0444,STR_003,2025-08-09,1831.9,Credit Card
TXN_002631,CUST_0048,STR_007,2025-07-16,243.58,Credit Card
TXN_002632,CUST_0225,STR_019,2025-11-24,1685.26,Credit Card
TXN_002633,CUST_0434,STR_019,2025-05-22,1750.86,Digital Wallet
TXN_002634,CUST_0457,STR_013,2025-10-30,817.72,Credit Card
TXN_002635,CUST_0451,STR_019,2025-12-15,519.58,Credit Card
TXN_002636,CUST_0119,STR_014,2025-07-13,448.22,Credit Card
TXN_002637,CUST_0380,STR_004,2025-04-14,399.97,Credit Card
TXN_002638,CUST_0090,STR_014,2025-04-22,5615.52,Debit Card
TXN_002639,CUST_0136,STR_015,2025-11-18,1393.22,Digital Wallet
TXN_002640,CUST_0360,STR_015,2025-05-11,239.2,Credit Card
TXN_002641,CUST_0272,STR_020,2025-11-06,134.17,Debit Card
TXN_002642,CUST_0109,STR_003,2025-09-25,206.74,Debit Card
TXN_002643,CUST_0296,STR_017,2025-03-18,63.65,Digital Wallet
TXN_002644,CUST_0157,STR_004,2025-06-08,2327.19,Credit Card
TXN_002645,CUST_0460,STR_019,2025-06-22,1908.8,Credit Card
TXN_002646,CUST_0208,STR_005,2025-12-12,210.24,Credit Card
TXN_002647,CUST_0169,STR_001,2025-08-26,571.51,Debit Card
TXN_002648,CUST_0302,STR_006,2025-01-16,995.69,Debit Card
TXN_002649,CUST_0299,STR_016,2025-01-07,655.78,Debit Card
TXN_002650,CUST_0179,STR_005,2025-09-24,75.81,Debit Card
TXN_002651,CUST_0165,STR_018,2025-10-14,420.48,Digital Wallet
TXN_002652,CUST_0431,STR_016,2025-07-02,1527.79,Credit Card
TXN_002653,CUST_0212,STR_016,2025-02-25,2907.24,Credit Card
TXN_002654,CUST_0439,STR_018,2025-01-07,103.22,Credit Card
TXN_002655,CUST_0027,STR_006,2025-12-08,2165.73,Credit Card
TXN_002656,CUST_0244,STR_012,2025-01-21,2742.46,Credit Card
TXN_002657,CUST_0351,STR_006,2025-08-13,1327.86,Debit Card
TXN_002658,CUST_0019,STR_018,2025-06-04,408.65,Credit Card
TXN_002659,CUST_0127,STR_003,2025-12-02,1013.36,Debit Card
TXN_002660,CUST_0042,STR_017,2025-04-10,1623.5,Digital Wallet
TXN_002661,CUST_0161,STR_008,2025-07-15,841.03,Debit Card
TXN_002662,CUST_0205,STR_008,2025-10-27,2581.04,Credit Card
TXN_002663,CUST_0453,STR_010,2025-04-14,1169.41,Credit Card
TXN_002664,CUST_0053,STR_017,2025-10-12,1394.53,Debit Card
TXN_002665,CUST_0054,STR_001,2025-09-23,641.57,Debit Card
TXN_002666,CUST_0495,STR_003,2025-04-26,199.0,Cash
TXN_002667,CUST_0142,STR_016,2025-06-01,1588.1,Credit Card
TXN_002668,CUST_0144,STR_010,2025-06-23,895.02,Credit Card
TXN_002669,CUST_0498,STR_011,2025-05-03,824.72,Credit Card
TXN_002670,CUST_0096,STR_006,2025-10-11,313.12,Credit Card
TXN_002671,CUST_0488,STR_016,2025-02-27,2395.22,Digital Wallet
TXN_002672,CUST_0309,STR_003,2025-08-14,2392.43,Digital Wallet
TXN_002673,CUST_0165,STR_020,2025-06-13,3332.35,Cash
TXN_002674,CUST_0020,STR_003,2025-06-26,858.32,Cash
TXN_002675,CUST_0439,STR_016,2025-04-03,276.94,Debit Card
TXN_002676,CUST_0291,STR_017,2025-04-26,2807.15,Credit Card
TXN_002677,CUST_0020,STR_015,2025-10-26,1409.02,Digital Wallet
TXN_002678,CUST_0398,STR_006,2025-05-22,1070.28,Digital Wallet
TXN_002679,CUST_0103,STR_003,2025-05-05,1268.92,Credit Card
TXN_002680,CUST_0282,STR_015,2025-07-16,466.1,Debit Card
TXN_002681,CUST_0021,STR_009,2025-12-06,254.69,Credit Card
TXN_002682,CUST_0230,STR_008,2025-04-10,3093.56,Debit Card
TXN_002683,CUST_0089,STR_008,2025-05-01,445.64,Credit Card
TXN_002684,CUST_0457,STR_002,2025-01-17,1512.8,Credit Card
TXN_002685,CUST_0351,STR_005,2025-04-21,826.91,Digital Wallet
TXN_002686,CUST_0326,STR_002,2025-08-01,628.17,Credit Card
TXN_002687,CUST_0068,STR_005,2025-10-13,106.31,Debit Card
TXN_002688,CUST_0449,STR_017,2025-03-19,372.26,Credit Card
TXN_002689,CUST_0229,STR_005,2025-03-03,928.0,Debit Card
TXN_002690,CUST_0207,STR_006,2025-08-22,578.37,Credit Card
TXN_002691,CUST_0196,STR_011,2025-04-26,63.26,Credit Card
TXN_002692,CUST_0067,STR_011,2025-08-29,546.47,Credit Card
TXN_002693,CUST_0300,STR_005,2025-03-03,212.9,Credit Card
TXN_002694,CUST_0037,STR_005,2025-08-23,3315.29,Debit Card
TXN_002695,CUST_0409,STR_004,2025-11-06,700.74,Credit Card
TXN_002696,CUST_0027,STR_013,2025-05-09,1299.44,Debit Card
TXN_002697,CUST_0374,STR_020,2025-12-04,1572.15,Debit Card
TXN_002698,CUST_0340,STR_014,2025-03-27,994.7,Debit Card
TXN_002699,CUST_0426,STR_018,2025-04-22,2113.96,Credit Card
TXN_002700,CUST_0316,STR_016,2025-02-19,221.44,Digital Wallet
TXN_002701,CUST_0144,STR_020,2025-05-13,1452.86,Credit Card
TXN_002702,CUST_0428,STR_015,2025-01-10,172.77,Debit Card
TXN_002703,CUST_0221,STR_012,2025-01-13,41796.95,Debit Card
TXN_002704,CUST_0146,STR_020,2025-07-10,2334.3,Digital Wallet
TXN_002705,CUST_0457,STR_007,2025-10-05,276.94,Digital Wallet
TXN_002706,CUST_0265,STR_015,2025-12-04,337.61,Digital Wallet
TXN_002707,CUST_0460,STR_001,2025-08-25,179.85,Credit Card
TXN_002708,CUST_0059,STR_020,2025-08-03,328.5,Credit Card
TXN_002709,CUST_0156,STR_015,2025-07-07,799.94,Debit Card
TXN_002710,CUST_0398,STR_009,2025-07-07,72.02,Digital Wallet
TXN_002711,CUST_0385,STR_007,2025-05-31,419.49,Credit Card
TXN_002712,CUST_0100,STR_008,2025-10-13,1509.16,Credit Card
TXN_002713,CUST_0378,STR_017,2025-09-03,2241.51,Digital Wallet
TXN_002714,CUST_0345,STR_012,2025-01-03,604.08,Credit Card
TXN_002715,CUST_0165,STR_006,2025-01-07,1481.24,Credit Card
TXN_002716,CUST_0185,STR_003,2025-05-24,1027.61,Debit Card
TXN_002717,CUST_0165,STR_010,2025-01-25,2474.86,Cash
TXN_002718,CUST_0102,STR_020,2025-04-12,64.17,Debit Card
TXN_002719,CUST_0230,STR_019,2025-06-04,235.4,Digital Wallet
TXN_002720,CUST_0196,STR_006,2025-09-20,1850.73,Credit Card
TXN_002721,CUST_0102,STR_013,2025-11-10,1070.52,Digital Wallet
TXN_002722,CUST_0412,STR_013,2025-07-16,807.45,Digital Wallet
TXN_002723,CUST_0481,STR_005,2025-11-24,652.52,Credit Card
TXN_002724,CUST_0034,STR_003,2025-06-28,1594.36,Credit Card
TXN_002725,CUST_0378,STR_012,2025-07-07,210.37,Credit Card
TXN_002726,CUST_0289,STR_009,2025-09-10,708.37,Credit Card
TXN_002727,CUST_0160,STR_004,2025-07-09,470.35,Credit Card
TXN_002728,CUST_0069,STR_015,2025-04-21,976.6,Debit Card
TXN_002729,CUST_0030,STR_005,2025-01-01,809.39,Credit Card
TXN_002730,CUST_0216,STR_006,2025-08-01,1565.17,Credit Card
TXN_002731,CUST_0235,STR_003,2025-02-18,1655.46,Debit Card
TXN_002732,CUST_0039,STR_012,2025-06-08,422.1,Debit Card
TXN_002733,CUST_0038,STR_018,2025-04-21,685.81,Cash
TXN_002734,CUST_0138,STR_008,2025-08-13,972.15,Credit Card
TXN_002735,CUST_0126,STR_010,2025-04-03,16141.25,Debit Card
TXN_002736,CUST_0049,STR_013,2025-04-26,2507.77,Digital Wallet
TXN_002737,CUST_0237,STR_015,2025-07-07,88.39,Credit Card
TXN_002738,CUST_0203,STR_005,2025-12-12,244.12,Debit Card
TXN_002739,CUST_0013,STR_018,2025-12-29,551.82,Debit Card
TXN_002740,CUST_0430,STR_011,2025-03-30,949.54,Credit Card
TXN_002741,CUST_0296,STR_016,2025-06-21,1827.06,Cash
TXN_002742,CUST_0224,STR_010,2025-02-17,745.09,Debit Card
TXN_002743,CUST_0411,STR_020,2025-07-23,2134.88,Credit Card
TXN_002744,CUST_0206,STR_005,2025-07-12,722.09,Credit Card
TXN_002745,CUST_0351,STR_006,2025-09-19,282.99,Digital Wallet
TXN_002746,CUST_0075,STR_009,2025-02-21,524.05,Debit Card
TXN_002747,CUST_0179,STR_001,2025-01-25,189.09,Debit Card
TXN_002748,CUST_0079,STR_006,2025-03-20,2422.07,Credit Card
TXN_002749,CUST_0118,STR_005,2025-07-08,175.79,Digital Wallet
TXN_002750,CUST_0401,STR_015,2025-07-20,1210.62,Digital Wallet
TXN_002751,CUST_0203,STR_011,2025-01-18,654.34,Credit Card
TXN_002752,CUST_0213,STR_002,2025-02-27,1059.06,Digital Wallet
TXN_002753,CUST_0272,STR_014,2025-05-05,1261.6,Credit Card
TXN_002754,CUST_0236,STR_011,2025-04-02,3202.71,Digital Wallet
TXN_002755,CUST_0045,STR_018,2025-07-13,63.65,Debit Card
TXN_002756,CUST_0092,STR_013,2025-12-20,613.87,Debit Card
TXN_002757,CUST_0273,STR_001,2025-07-09,510.18,Digital Wallet
TXN_002758,CUST_0112,STR_015,2025-06-28,885.06,Debit Card
TXN_002759,CUST_0047,STR_007,2025-02-12,551.04,Credit Card
TXN_002760,CUST_0475,STR_016,2025-12-02,26926.82,Debit Card
TXN_002761,CUST_0484,STR_006,2025-09-23,1662.76,Credit Card
TXN_002762,CUST_0159,STR_019,2025-02-07,470.35,Cash
TXN_002763,CUST_0316,STR_002,2025-10-19,635.65,Digital Wallet
TXN_002764,CUST_0247,STR_002,2025-03-20,465.36,Cash
TXN_002765,CUST_0192,STR_008,2025-12-11,654.34,Credit Card
TXN_002766,CUST_0194,STR_015,2025-02-12,446.83,Credit Card
TXN_002767,CUST_0441,STR_010,2025-02-18,2852.78,Digital Wallet
TXN_002768,CUST_0497,STR_001,2025-09-19,578.95,Digital Wallet
TXN_002769,CUST_0260,STR_009,2025-10-29,1600.28,Credit Card
TXN_002770,CUST_0003,STR_016,2025-01-03,63.65,Credit Card
TXN_002771,CUST_0277,STR_006,2025-05-07,103.22,Credit Card
TXN_002772,CUST_0333,STR_019,2025-12-03,2562.63,Digital Wallet
TXN_002773,CUST_0280,STR_013,2025-08-29,913.96,Credit Card
TXN_002774,CUST_0351,STR_015,2025-04-01,54.54,Digital Wallet
TXN_002775,CUST_0271,STR_006,2025-04-28,1558.74,Credit Card
TXN_002776,CUST_0389,STR_018,2025-07-03,799.71,Credit Card
TXN_002777,CUST_0240,STR_008,2025-03-02,1915.49,Digital Wallet
TXN_002778,CUST_0324,STR_009,2025-07-13,134.99,Digital Wallet
TXN_002779,CUST_0348,STR_008,2025-08-09,554.89,Debit Card
TXN_002780,CUST_0276,STR_008,2025-10-08,986.39,Digital Wallet
TXN_002781,CUST_0469,STR_003,2025-04-19,483.93,Credit Card
TXN_002782,CUST_0099,STR_014,2025-12-14,206.74,Credit Card
TXN_002783,CUST_0262,STR_005,2025-07-05,88.73,Digital Wallet
TXN_002784,CUST_0424,STR_015,2025-04-20,618.71,Credit Card
TXN_002785,CUST_0104,STR_013,2025-11-05,654.34,Credit Card
TXN_002786,CUST_0318,STR_020,2025-07-26,408.88,Credit Card
TXN_002787,CUST_0003,STR_010,2025-02-26,2522.08,Credit Card
TXN_002788,CUST_0254,STR_019,2025-05-03,472.52,Credit Card
TXN_002789,CUST_0372,STR_013,2025-03-11,1249.72,Debit Card
TXN_002790,CUST_0146,STR_012,2025-11-17,1452.86,Debit Card
TXN_002791,CUST_0141,STR_013,2025-07-28,1102.08,Digital Wallet
TXN_002792,CUST_0292,STR_018,2025-08-27,306.03,Credit Card
TXN_002793,CUST_0471,STR_017,2025-11-12,705.04,Credit Card
TXN_002794,CUST_0285,STR_008,2025-11-15,1368.01,Debit Card
TXN_002795,CUST_0440,STR_004,2025-04-23,1255.96,Credit Card
TXN_002796,CUST_0359,STR_020,2025-02-03,4291.64,Credit Card
TXN_002797,CUST_0201,STR_005,2025-10-16,529.53,Debit Card
TXN_002798,CUST_0213,STR_019,2025-03-14,412.34,Digital Wallet
TXN_002799,CUST_0285,STR_013,2025-07-22,550.0,Credit Card
TXN_002800,CUST_0380,STR_007,2025-06-28,1878.66,Digital Wallet
TXN_002801,CUST_0397,STR_012,2025-09-27,1217.4,Credit Card
TXN_002802,CUST_0239,STR_010,2025-09-11,313.12,Digital Wallet
TXN_002803,CUST_0250,STR_004,2025-01-30,106.31,Debit Card
TXN_002804,CUST_0401,STR_019,2025-07-21,1393.19,Credit Card
TXN_002805,CUST_0335,STR_002,2025-01-15,178.57,Credit Card
TXN_002806,CUST_0196,STR_002,2025-12-19,9744.4,Credit Card
TXN_002807,CUST_0275,STR_010,2025-11-25,8137.4,Debit Card
TXN_002808,CUST_0200,STR_002,2025-05-29,1311.56,Credit Card
TXN_002809,CUST_0151,STR_009,2025-03-13,206.81,Digital Wallet
TXN_002810,CUST_0052,STR_018,2025-05-25,1553.29,Cash
TXN_002811,CUST_0409,STR_008,2025-10-27,493.6,Credit Card
TXN_002812,CUST_0302,STR_010,2025-07-13,853.08,Credit Card
TXN_002813,CUST_0465,STR_004,2025-09-12,4424.07,Credit Card
TXN_002814,CUST_0365,STR_012,2025-04-12,1273.8,Credit Card
TXN_002815,CUST_0247,STR_008,2025-05-11,11703.81,Credit Card
TXN_002816,CUST_0342,STR_020,2025-01-22,529.53,Debit Card
TXN_002817,CUST_0234,STR_003,2025-07-20,674.34,Credit Card
TXN_002818,CUST_0007,STR_006,2025-07-18,559.06,Credit Card
TXN_002819,CUST_0056,STR_018,2025-11-15,888.14,Credit Card
TXN_002820,CUST_0337,STR_018,2025-10-19,2144.66,Credit Card
TXN_002821,CUST_0359,STR_002,2025-02-16,654.34,Credit Card
TXN_002822,CUST_0434,STR_018,2025-06-05,281.62,Debit Card
TXN_002823,CUST_0077,STR_019,2025-05-14,2580.69,Debit Card
TXN_002824,CUST_0248,STR_017,2025-09-30,98.21,Digital Wallet
TXN_002825,CUST_0287,STR_012,2025-04-08,177.06,Credit Card
TXN_002826,CUST_0122,STR_016,2025-05-05,446.83,Credit Card
TXN_002827,CUST_0186,STR_019,2025-07-18,826.86,Credit Card
TXN_002828,CUST_0445,STR_011,2025-08-16,2008.87,Credit Card
TXN_002829,CUST_0160,STR_012,2025-02-24,1656.64,Credit Card
TXN_002830,CUST_0275,STR_017,2025-08-08,2012.9,Credit Card
TXN_002831,CUST_0432,STR_017,2025-11-06,4949.2,Debit Card
TXN_002832,CUST_0092,STR_009,2025-08-19,632.48,Credit Card
TXN_002833,CUST_0369,STR_017,2025-07-17,606.63,Credit Card
TXN_002834,CUST_0446,STR_018,2025-04-14,3893.93,Debit Card
TXN_002835,CUST_0391,STR_004,2025-02-05,375.77,Credit Card
TXN_002836,CUST_0436,STR_007,2025-07-13,2396.12,Debit Card
TXN_002837,CUST_0149,STR_016,2025-07-26,114.74,Digital Wallet
TXN_002838,CUST_0323,STR_003,2025-07-01,780.79,Digital Wallet
TXN_002839,CUST_0186,STR_010,2025-06-04,300.0,Debit Card
TXN_002840,CUST_0268,STR_008,2025-02-23,114.74,Credit Card
TXN_002841,CUST_0246,STR_001,2025-04-11,952.5,Credit Card
TXN_002842,CUST_0140,STR_015,2025-10-28,1209.5,Credit Card
TXN_002843,CUST_0437,STR_009,2025-11-05,2575.45,Debit Card
TXN_002844,CUST_0176,STR_009,2025-10-31,1790.98,Credit Card
TXN_002845,CUST_0315,STR_003,2025-04-19,1859.21,Cash
TXN_002846,CUST_0451,STR_019,2025-01-25,75.81,Credit Card
TXN_002847,CUST_0305,STR_020,2025-12-21,854.39,Debit Card
TXN_002848,CUST_0397,STR_014,2025-10-15,1976.77,Credit Card
TXN_002849,CUST_0224,STR_002,2025-08-19,456.98,Credit Card
TXN_002850,CUST_0244,STR_014,2025-09-09,98.21,Credit Card
TXN_002851,CUST_0132,STR_016,2025-06-24,456.98,Credit Card
TXN_002852,CUST_0228,STR_014,2025-10-21,1408.63,Credit Card
TXN_002853,CUST_0252,STR_001,2025-03-10,1484.37,Credit Card
TXN_002854,CUST_0393,STR_014,2025-03-01,835.04,Credit Card
TXN_002855,CUST_0204,STR_008,2025-06-30,586.75,Credit Card
TXN_002856,CUST_0059,STR_011,2025-01-15,987.2,Digital Wallet
TXN_002857,CUST_0257,STR_009,2025-05-13,276.94,Credit Card
TXN_002858,CUST_0387,STR_009,2025-05-05,510.18,Credit Card
TXN_002859,CUST_0262,STR_018,2025-02-13,769.37,Credit Card
TXN_002860,CUST_0396,STR_009,2025-02-14,796.0,Cash
TXN_002861,CUST_0006,STR_008,2025-04-09,354.9,Credit Card
TXN_002862,CUST_0266,STR_019,2025-07-25,420.48,Digital Wallet
TXN_002863,CUST_0465,STR_010,2025-10-20,121.79,Credit Card
TXN_002864,CUST_0119,STR_016,2025-04-23,476.25,Credit Card
TXN_002865,CUST_0103,STR_017,2025-09-15,790.49,Debit Card
TXN_002866,CUST_0161,STR_012,2025-01-12,392.81,Debit Card
TXN_002867,CUST_0197,STR_007,2025-03-09,1041.63,Credit Card
TXN_002868,CUST_0078,STR_010,2025-06-26,1790.47,Digital Wallet
TXN_002869,CUST_0314,STR_017,2025-09-08,447.75,Credit Card
TXN_002870,CUST_0147,STR_020,2025-01-19,128.34,Digital Wallet
TXN_002871,CUST_0495,STR_006,2025-01-22,1621.11,Digital Wallet
TXN_002872,CUST_0203,STR_004,2025-10-18,258.56,Credit Card
TXN_002873,CUST_0339,STR_006,2025-10-25,1330.93,Digital Wallet
TXN_002874,CUST_0186,STR_009,2025-02-05,306.03,Digital Wallet
TXN_002875,CUST_0056,STR_005,2025-08-23,4514.44,Credit Card
TXN_002876,CUST_0310,STR_013,2025-05-16,1746.57,Credit Card
TXN_002877,CUST_0088,STR_010,2025-02-20,205.33,Credit Card
TXN_002878,CUST_0473,STR_016,2025-11-23,1311.28,Credit Card
TXN_002879,CUST_0326,STR_001,2025-07-06,286.73,Digital Wallet
TXN_002880,CUST_0231,STR_004,2025-08-20,178.57,Credit Card
TXN_002881,CUST_0167,STR_006,2025-11-26,46716.38,Debit Card
TXN_002882,CUST_0065,STR_010,2025-12-14,181.86,Credit Card
TXN_002883,CUST_0357,STR_017,2025-09-15,813.74,Credit Card
TXN_002884,CUST_0154,STR_018,2025-08-19,585.71,Credit Card
TXN_002885,CUST_0139,STR_008,2025-07-08,1918.3,Credit Card
TXN_002886,CUST_0390,STR_005,2025-10-31,1530.54,Credit Card
TXN_002887,CUST_0324,STR_002,2025-05-15,2009.8,Debit Card
TXN_002888,CUST_0205,STR_012,2025-11-22,196.4,Credit Card
TXN_002889,CUST_0306,STR_014,2025-05-18,552.48,Debit Card
TXN_002890,CUST_0014,STR_020,2025-07-29,932.54,Credit Card
TXN_002891,CUST_0384,STR_003,2025-06-16,2699.82,Digital Wallet
TXN_002892,CUST_0273,STR_019,2025-02-23,1112.53,Cash
TXN_002893,CUST_0282,STR_015,2025-07-13,1065.13,Credit Card
TXN_002894,CUST_0430,STR_002,2025-03-05,177.45,Debit Card
TXN_002895,CUST_0057,STR_003,2025-01-18,571.65,Credit Card
TXN_002896,CUST_0174,STR_010,2025-01-01,628.17,Credit Card
TXN_002897,CUST_0118,STR_012,2025-10-05,344.56,Credit Card
TXN_002898,CUST_0127,STR_019,2025-10-09,1609.42,Credit Card
TXN_002899,CUST_0484,STR_020,2025-04-14,115.7,Credit Card
TXN_002900,CUST_0189,STR_005,2025-02-20,148.33,Debit Card
TXN_002901,CUST_0317,STR_015,2025-01-02,3318.99,Digital Wallet
TXN_002902,CUST_0460,STR_009,2025-02-20,470.9,Credit Card
TXN_002903,CUST_0102,STR_004,2025-08-07,523.49,Credit Card
TXN_002904,CUST_0377,STR_016,2025-02-18,1770.55,Debit Card
TXN_002905,CUST_0395,STR_002,2025-11-04,1127.7,Debit Card
TXN_002906,CUST_0356,STR_004,2025-04-17,854.39,Credit Card
TXN_002907,CUST_0458,STR_015,2025-02-11,1632.12,Credit Card
TXN_002908,CUST_0424,STR_012,2025-12-28,162.38,Debit Card
TXN_002909,CUST_0093,STR_007,2025-09-17,2336.39,Credit Card
TXN_002910,CUST_0063,STR_017,2025-04-19,971.88,Digital Wallet
TXN_002911,CUST_0287,STR_008,2025-07-19,1513.4,Credit Card
TXN_002912,CUST_0105,STR_011,2025-07-30,432.93,Debit Card
TXN_002913,CUST_0326,STR_011,2025-11-04,398.0,Debit Card
TXN_002914,CUST_0327,STR_015,2025-02-07,63.26,Debit Card
TXN_002915,CUST_0276,STR_002,2025-12-21,375.77,Credit Card
TXN_002916,CUST_0215,STR_011,2025-09-12,2165.73,Credit Card
TXN_002917,CUST_0341,STR_003,2025-03-20,199.73,Debit Card
TXN_002918,CUST_0182,STR_005,2025-02-08,150.0,Digital Wallet
TXN_002919,CUST_0396,STR_014,2025-01-02,41261.08,Credit Card
TXN_002920,CUST_0192,STR_007,2025-12-20,2553.12,Credit Card
TXN_002921,CUST_0099,STR_020,2025-09-19,1014.58,Credit Card
TXN_002922,CUST_0444,STR_006,2025-12-02,1622.03,Credit Card
TXN_002923,CUST_0267,STR_008,2025-12-15,1780.8,Cash
TXN_002924,CUST_0184,STR_014,2025-12-03,632.48,Credit Card
TXN_002925,CUST_0230,STR_004,2025-03-12,859.43,Credit Card
TXN_002926,CUST_0333,STR_016,2025-11-09,6613.49,Cash
TXN_002927,CUST_0252,STR_008,2025-03-27,1773.9,Debit Card
TXN_002928,CUST_0479,STR_016,2025-02-04,824.72,Debit Card
TXN_002929,CUST_0249,STR_012,2025-03-13,263.09,Debit Card
TXN_002930,CUST_0403,STR_019,2025-01-11,6229.86,Credit Card
TXN_002931,CUST_0296,STR_015,2025-11-04,708.37,Credit Card
TXN_002932,CUST_0042,STR_006,2025-05-11,499.96,Cash
TXN_002933,CUST_0214,STR_010,2025-07-02,1516.73,Credit Card
TXN_002934,CUST_0322,STR_013,2025-01-14,2707.34,Cash
TXN_002935,CUST_0397,STR_003,2025-04-25,686.33,Credit Card
TXN_002936,CUST_0105,STR_010,2025-01-22,714.63,Credit Card
TXN_002937,CUST_0489,STR_001,2025-09-20,596.76,Credit Card
TXN_002938,CUST_0297,STR_008,2025-11-18,261.58,Credit Card
TXN_002939,CUST_0432,STR_017,2025-10-13,862.73,Debit Card
TXN_002940,CUST_0369,STR_016,2025-03-26,28672.37,Credit Card
TXN_002941,CUST_0214,STR_003,2025-06-21,899.94,Credit Card
TXN_002942,CUST_0454,STR_002,2025-08-19,3704.31,Debit Card
TXN_002943,CUST_0319,STR_004,2025-10-10,268.84,Digital Wallet
TXN_002944,CUST_0037,STR_011,2025-07-31,634.87,Digital Wallet
TXN_002945,CUST_0326,STR_015,2025-11-12,726.43,Credit Card
TXN_002946,CUST_0472,STR_009,2025-06-13,358.79,Credit Card
TXN_002947,CUST_0203,STR_019,2025-02-08,1732.88,Credit Card
TXN_002948,CUST_0158,STR_010,2025-07-16,1297.37,Debit Card
TXN_002949,CUST_0338,STR_011,2025-11-08,916.67,Credit Card
TXN_002950,CUST_0138,STR_009,2025-07-30,1613.72,Digital Wallet
TXN_002951,CUST_0138,STR_020,2025-03-24,979.23,Cash
TXN_002952,CUST_0263,STR_019,2025-08-13,2236.24,Debit Card
TXN_002953,CUST_0447,STR_019,2025-05-21,1077.83,Digital Wallet
TXN_002954,CUST_0208,STR_002,2025-08-11,404.5,Credit Card
TXN_002955,CUST_0027,STR_015,2025-09-19,556.19,Credit Card
TXN_002956,CUST_0074,STR_002,2025-11-30,291.32,Credit Card
TXN_002957,CUST_0160,STR_020,2025-02-21,2790.17,Debit Card
TXN_002958,CUST_0476,STR_007,2025-10-21,28696.56,Digital Wallet
TXN_002959,CUST_0108,STR_016,2025-05-14,952.5,Digital Wallet
TXN_002960,CUST_0319,STR_006,2025-05-28,1049.91,Credit Card
TXN_002961,CUST_0166,STR_020,2025-01-09,3735.06,Digital Wallet
TXN_002962,CUST_0422,STR_012,2025-10-03,1562.49,Credit Card
TXN_002963,CUST_0447,STR_009,2025-09-25,841.0,Credit Card
TXN_002964,CUST_0433,STR_008,2025-03-17,1690.69,Debit Card
TXN_002965,CUST_0356,STR_017,2025-07-07,664.32,Debit Card
TXN_002966,CUST_0367,STR_017,2025-06-26,516.8,Cash
TXN_002967,CUST_0125,STR_017,2025-05-16,2702.05,Credit Card
TXN_002968,CUST_0013,STR_004,2025-07-15,206.81,Credit Card
TXN_002969,CUST_0267,STR_011,2025-08-28,2871.18,Credit Card
TXN_002970,CUST_0326,STR_009,2025-10-22,526.19,Digital Wallet
TXN_002971,CUST_0070,STR_018,2025-04-15,1788.3,Credit Card
TXN_002972,CUST_0052,STR_016,2025-01-28,628.17,Credit Card
TXN_002973,CUST_0318,STR_017,2025-12-22,655.78,Digital Wallet
TXN_002974,CUST_0021,STR_012,2025-04-12,2670.96,Credit Card
TXN_002975,CUST_0366,STR_004,2025-07-27,203.88,Credit Card
TXN_002976,CUST_0344,STR_012,2025-05-27,1147.75,Debit Card
TXN_002977,CUST_0045,STR_003,2025-07-27,523.49,Debit Card
TXN_002978,CUST_0197,STR_012,2025-02-26,466.1,Credit Card
TXN_002979,CUST_0379,STR_006,2025-04-18,616.54,Credit Card
TXN_002980,CUST_0081,STR_003,2025-08-16,1109.58,Credit Card
TXN_002981,CUST_0329,STR_011,2025-06-26,274.25,Credit Card
TXN_002982,CUST_0133,STR_002,2025-04-12,269.98,Credit Card
TXN_002983,CUST_0240,STR_005,2025-07-23,19849.02,Cash
TXN_002984,CUST_0009,STR_011,2025-02-14,106.31,Credit Card
TXN_002985,CUST_0380,STR_004,2025-04-07,142.5,Digital Wallet
TXN_002986,CUST_0039,STR_008,2025-04-01,103.22,Credit Card
TXN_002987,CUST_0246,STR_006,2025-12-14,150.0,Credit Card
TXN_002988,CUST_0355,STR_014,2025-06-03,1314.27,Cash
TXN_002989,CUST_0176,STR_001,2025-06-27,2755.74,Debit Card
TXN_002990,CUST_0006,STR_015,2025-05-28,1325.96,Digital Wallet
TXN_002991,CUST_0158,STR_011,2025-05-16,88.39,Credit Card
TXN_002992,CUST_0237,STR_018,2025-12-22,872.25,Debit Card
TXN_002993,CUST_0445,STR_004,2025-03-02,282.99,Debit Card
TXN_002994,CUST_0087,STR_016,2025-04-14,28.73,Credit Card
TXN_002995,CUST_0472,STR_013,2025-07-10,481.03,Debit Card
TXN_002996,CUST_0002,STR_005,2025-12-12,699.37,Digital Wallet
TXN_002997,CUST_0404,STR_013,2025-06-03,3257.63,Credit Card
TXN_002998,CUST_0457,STR_014,2025-09-07,313.12,Debit Card
TXN_002999,CUST_0389,STR_004,2025-12-18,180.58,Digital Wallet
TXN_003000,CUST_0148,STR_011,2025-09-17,403.21,Credit Card
TXN_003001,CUST_0435,STR_020,2025-02-09,4762.5,Cash
TXN_003002,CUST_0310,STR_007,2025-06-12,904.88,Debit Card
TXN_003003,CUST_0047,STR_015,2025-11-13,41.69,Debit Card
TXN_003004,CUST_0091,STR_004,2025-12-31,596.76,Credit Card
TXN_003005,CUST_0450,STR_009,2025-08-18,613.87,Credit Card
TXN_003006,CUST_0091,STR_012,2025-01-28,148.33,Debit Card
TXN_003007,CUST_0026,STR_020,2025-06-25,1251.52,Cash
TXN_003008,CUST_0069,STR_016,2025-01-14,486.97,Credit Card
TXN_003009,CUST_0182,STR_011,2025-06-05,612.06,Digital Wallet
TXN_003010,CUST_0217,STR_005,2025-11-15,1879.89,Cash
TXN_003011,CUST_0376,STR_002,2025-11-19,398.47,Credit Card
TXN_003012,CUST_0161,STR_009,2025-06-24,2909.29,Credit Card
TXN_003013,CUST_0208,STR_006,2025-12-25,854.39,Credit Card
TXN_003014,CUST_0312,STR_001,2025-10-18,637.97,Credit Card
TXN_003015,CUST_0238,STR_007,2025-01-31,1311.56,Digital Wallet
TXN_003016,CUST_0378,STR_007,2025-05-20,996.46,Credit Card
TXN_003017,CUST_0309,STR_019,2025-12-21,1140.88,Credit Card
TXN_003018,CUST_0284,STR_004,2025-05-14,47048.64,Credit Card
TXN_003019,CUST_0497,STR_002,2025-01-22,1862.67,Credit Card
TXN_003020,CUST_0488,STR_009,2025-04-08,1466.85,Debit Card
TXN_003021,CUST_0289,STR_007,2025-10-26,821.17,Credit Card
TXN_003022,CUST_0025,STR_012,2025-08-09,600.34,Credit Card
TXN_003023,CUST_0370,STR_002,2025-06-27,201.99,Digital Wallet
TXN_003024,CUST_0057,STR_009,2025-12-15,1027.1,Credit Card
TXN_003025,CUST_0432,STR_003,2025-10-28,3197.4,Credit Card
TXN_003026,CUST_0416,STR_014,2025-12-23,352.76,Credit Card
TXN_003027,CUST_0146,STR_019,2025-11-14,561.81,Credit Card
TXN_003028,CUST_0081,STR_017,2025-12-26,395.02,Credit Card
TXN_003029,CUST_0129,STR_006,2025-04-15,1022.92,Credit Card
TXN_003030,CUST_0445,STR_016,2025-06-22,2104.98,Debit Card
TXN_003031,CUST_0113,STR_018,2025-06-18,1081.03,Credit Card
TXN_003032,CUST_0425,STR_014,2025-04-23,1849.05,Credit Card
TXN_003033,CUST_0403,STR_017,2025-01-28,872.02,Credit Card
TXN_003034,CUST_0041,STR_009,2025-04-07,28.73,Debit Card
TXN_003035,CUST_0183,STR_008,2025-02-12,735.34,Digital Wallet
TXN_003036,CUST_0376,STR_007,2025-10-05,664.05,Credit Card
TXN_003037,CUST_0219,STR_010,2025-06-02,1020.36,Credit Card
TXN_003038,CUST_0288,STR_017,2025-01-02,1254.77,Debit Card
TXN_003039,CUST_0350,STR_020,2025-11-23,1846.58,Debit Card
TXN_003040,CUST_0415,STR_007,2025-02-21,661.28,Debit Card
TXN_003041,CUST_0069,STR_015,2025-04-12,476.25,Debit Card
TXN_003042,CUST_0380,STR_012,2025-01-17,2218.26,Debit Card
TXN_003043,CUST_0107,STR_008,2025-06-30,557.41,Digital Wallet
TXN_003044,CUST_0354,STR_014,2025-03-31,1936.76,Credit Card
TXN_003045,CUST_0105,STR_002,2025-08-21,1378.83,Digital Wallet
TXN_003046,CUST_0411,STR_017,2025-08-18,469.05,Debit Card
TXN_003047,CUST_0059,STR_001,2025-06-30,854.39,Digital Wallet
TXN_003048,CUST_0400,STR_008,2025-06-02,654.34,Credit Card
TXN_003049,CUST_0266,STR_015,2025-07-02,1098.76,Credit Card
TXN_003050,CUST_0025,STR_012,2025-09-25,175.73,Digital Wallet
TXN_003051,CUST_0270,STR_009,2025-07-02,4692.18,Cash
TXN_003052,CUST_0073,STR_019,2025-03-31,773.05,Digital Wallet
TXN_003053,CUST_0485,STR_016,2025-05-02,224.11,Credit Card
TXN_003054,CUST_0416,STR_013,2025-11-17,470.27,Digital Wallet
TXN_003055,CUST_0141,STR_003,2025-09-01,1014.58,Debit Card
TXN_003056,CUST_0359,STR_014,2025-06-24,1993.62,Credit Card
TXN_003057,CUST_0167,STR_004,2025-11-01,127.3,Credit Card
TXN_003058,CUST_0320,STR_005,2025-09-12,1006.9,Debit Card
TXN_003059,CUST_0088,STR_016,2025-04-28,2096.92,Debit Card
TXN_003060,CUST_0457,STR_019,2025-02-15,1000.39,Credit Card
TXN_003061,CUST_0221,STR_007,2025-12-03,1092.94,Credit Card
TXN_003062,CUST_0125,STR_018,2025-02-19,998.56,Debit Card
TXN_003063,CUST_0259,STR_008,2025-03-20,569.44,Credit Card
TXN_003064,CUST_0312,STR_008,2025-06-03,991.22,Credit Card
TXN_003065,CUST_0239,STR_008,2025-07-14,941.39,Credit Card
TXN_003066,CUST_0120,STR_016,2025-02-14,846.49,Debit Card
TXN_003067,CUST_0258,STR_007,2025-11-09,260.13,Credit Card
TXN_003068,CUST_0030,STR_004,2025-05-13,63.65,Credit Card
TXN_003069,CUST_0382,STR_011,2025-11-11,3142.08,Digital Wallet
TXN_003070,CUST_0278,STR_017,2025-09-01,199.0,Digital Wallet
TXN_003071,CUST_0212,STR_010,2025-06-19,272.39,Debit Card
TXN_003072,CUST_0240,STR_016,2025-09-11,308.29,Credit Card
TXN_003073,CUST_0425,STR_020,2025-03-14,565.62,Credit Card
TXN_003074,CUST_0324,STR_004,2025-07-07,708.37,Credit Card
TXN_003075,CUST_0246,STR_013,2025-09-22,1890.18,Debit Card
TXN_003076,CUST_0307,STR_010,2025-10-19,1103.64,Debit Card
TXN_003077,CUST_0328,STR_013,2025-09-13,680.84,Credit Card
TXN_003078,CUST_0396,STR_012,2025-05-18,706.98,Credit Card
TXN_003079,CUST_0139,STR_011,2025-10-15,2409.13,Credit Card
TXN_003080,CUST_0274,STR_015,2025-07-11,519.15,Digital Wallet
TXN_003081,CUST_0258,STR_015,2025-02-25,540.58,Credit Card
TXN_003082,CUST_0493,STR_008,2025-04-05,917.06,Debit Card
TXN_003083,CUST_0104,STR_019,2025-09-25,1304.65,Debit Card
TXN_003084,CUST_0215,STR_003,2025-09-05,442.53,Debit Card
TXN_003085,CUST_0173,STR_013,2025-01-06,210.24,Cash
TXN_003086,CUST_0117,STR_013,2025-06-16,444.41,Debit Card
TXN_003087,CUST_0263,STR_001,2025-05-10,1143.17,Credit Card
TXN_003088,CUST_0463,STR_011,2025-02-26,655.78,Debit Card
TXN_003089,CUST_0005,STR_019,2025-01-11,140.0,Digital Wallet
TXN_003090,CUST_0240,STR_006,2025-04-20,848.97,Credit Card
TXN_003091,CUST_0225,STR_002,2025-10-15,865.98,Credit Card
TXN_003092,CUST_0409,STR_018,2025-10-17,261.58,Debit Card
TXN_003093,CUST_0335,STR_013,2025-05-12,3125.24,Credit Card
TXN_003094,CUST_0260,STR_018,2025-08-14,468.11,Credit Card
TXN_003095,CUST_0063,STR_002,2025-03-17,578.95,Digital Wallet
TXN_003096,CUST_0233,STR_016,2025-10-21,1515.01,Debit Card
TXN_003097,CUST_0149,STR_004,2025-02-25,1482.11,Digital Wallet
TXN_003098,CUST_0244,STR_001,2025-10-25,393.21,Digital Wallet
TXN_003099,CUST_0119,STR_016,2025-05-08,1619.13,Credit Card
TXN_003100,CUST_0174,STR_007,2025-03-11,1187.73,Digital Wallet
TXN_003101,CUST_0005,STR_015,2025-07-04,533.07,Credit Card
TXN_003102,CUST_0120,STR_013,2025-09-13,786.51,Credit Card
TXN_003103,CUST_0331,STR_020,2025-06-15,2227.27,Credit Card
TXN_003104,CUST_0467,STR_007,2025-06-13,1345.9,Debit Card
TXN_003105,CUST_0137,STR_017,2025-06-02,766.82,Credit Card
TXN_003106,CUST_0276,STR_017,2025-09-11,888.82,Debit Card
TXN_003107,CUST_0039,STR_007,2025-05-10,362.7,Credit Card
TXN_003108,CUST_0040,STR_004,2025-01-06,519.58,Debit Card
TXN_003109,CUST_0083,STR_007,2025-11-30,432.93,Digital Wallet
TXN_003110,CUST_0304,STR_001,2025-07-13,1662.45,Credit Card
TXN_003111,CUST_0202,STR_010,2025-01-23,64.17,Debit Card
TXN_003112,CUST_0290,STR_016,2025-12-01,661.28,Debit Card
TXN_003113,CUST_0317,STR_020,2025-05-08,717.96,Credit Card
TXN_003114,CUST_0292,STR_017,2025-09-19,581.86,Digital Wallet
TXN_003115,CUST_0110,STR_001,2025-04-13,1792.66,Debit Card
TXN_003116,CUST_0292,STR_012,2025-09-15,684.54,Cash
TXN_003117,CUST_0350,STR_020,2025-11-17,20654.06,Credit Card
TXN_003118,CUST_0032,STR_019,2025-10-10,151.62,Credit Card
TXN_003119,CUST_0122,STR_001,2025-05-06,642.52,Credit Card
TXN_003120,CUST_0371,STR_008,2025-11-21,420.48,Debit Card
TXN_003121,CUST_0042,STR_009,2025-07-06,1128.95,Credit Card
TXN_003122,CUST_0492,STR_009,2025-05-25,347.72,Digital Wallet
TXN_003123,CUST_0192,STR_019,2025-04-01,2107.89,Debit Card
TXN_003124,CUST_0450,STR_008,2025-10-17,1919.19,Debit Card
TXN_003125,CUST_0061,STR_020,2025-10-15,23.16,Credit Card
TXN_003126,CUST_0343,STR_017,2025-02-24,1112.38,Credit Card
TXN_003127,CUST_0032,STR_011,2025-01-06,1064.61,Credit Card
TXN_003128,CUST_0216,STR_019,2025-01-29,1708.78,Credit Card
TXN_003129,CUST_0170,STR_016,2025-03-11,1260.09,Credit Card
TXN_003130,CUST_0329,STR_013,2025-12-29,422.79,Digital Wallet
TXN_003131,CUST_0295,STR_004,2025-03-25,1692.98,Credit Card
TXN_003132,CUST_0157,STR_008,2025-08-06,197.6,Credit Card
TXN_003133,CUST_0215,STR_016,2025-01-21,19.69,Credit Card
TXN_003134,CUST_0183,STR_010,2025-02-09,404.5,Credit Card
TXN_003135,CUST_0362,STR_015,2025-08-04,669.15,Debit Card
TXN_003136,CUST_0081,STR_010,2025-10-26,231.2,Credit Card
TXN_003137,CUST_0248,STR_015,2025-04-18,112.35,Credit Card
TXN_003138,CUST_0238,STR_014,2025-02-12,438.78,Digital Wallet
TXN_003139,CUST_0073,STR_009,2025-08-10,972.22,Credit Card
TXN_003140,CUST_0057,STR_002,2025-02-07,740.01,Debit Card
TXN_003141,CUST_0241,STR_020,2025-06-02,709.8,Debit Card
TXN_003142,CUST_0388,STR_005,2025-04-03,649.72,Credit Card
TXN_003143,CUST_0362,STR_008,2025-06-25,235.4,Credit Card
TXN_003144,CUST_0464,STR_012,2025-12-30,613.87,Credit Card
TXN_003145,CUST_0311,STR_001,2025-02-21,1502.03,Credit Card
TXN_003146,CUST_0069,STR_008,2025-11-23,2885.97,Debit Card
TXN_003147,CUST_0140,STR_004,2025-08-10,1320.78,Credit Card
TXN_003148,CUST_0288,STR_002,2025-02-04,1308.68,Credit Card
TXN_003149,CUST_0161,STR_012,2025-09-12,649.72,Credit Card
TXN_003150,CUST_0484,STR_001,2025-02-01,1482.35,Credit Card
TXN_003151,CUST_0361,STR_018,2025-02-28,221.44,Credit Card
TXN_003152,CUST_0067,STR_003,2025-02-27,8886.94,Credit Card
TXN_003153,CUST_0284,STR_019,2025-01-13,471.32,Cash
TXN_003154,CUST_0174,STR_013,2025-04-04,3936.43,Debit Card
TXN_003155,CUST_0236,STR_009,2025-06-15,401.64,Debit Card
TXN_003156,CUST_0271,STR_010,2025-03-21,1978.51,Debit Card
TXN_003157,CUST_0063,STR_015,2025-01-14,420.74,Debit Card
TXN_003158,CUST_0076,STR_019,2025-03-04,459.16,Credit Card
TXN_003159,CUST_0280,STR_019,2025-01-27,45834.44,Debit Card
TXN_003160,CUST_0165,STR_004,2025-02-22,494.79,Credit Card
TXN_003161,CUST_0073,STR_006,2025-10-15,4365.41,Credit Card
TXN_003162,CUST_0050,STR_004,2025-03-10,33253.12,Digital Wallet
TXN_003163,CUST_0165,STR_004,2025-02-14,7414.12,Debit Card
TXN_003164,CUST_0471,STR_012,2025-04-15,1277.86,Debit Card
TXN_003165,CUST_0326,STR_014,2025-12-19,422.1,Debit Card
TXN_003166,CUST_0196,STR_011,2025-02-25,1237.55,Digital Wallet
TXN_003167,CUST_0020,STR_001,2025-04-17,691.82,Credit Card
TXN_003168,CUST_0469,STR_002,2025-03-01,75.81,Credit Card
TXN_003169,CUST_0059,STR_020,2025-10-23,780.62,Credit Card
TXN_003170,CUST_0282,STR_019,2025-11-15,573.88,Credit Card
TXN_003171,CUST_0484,STR_007,2025-05-21,286.73,Digital Wallet
TXN_003172,CUST_0437,STR_015,2025-08-19,631.1,Credit Card
TXN_003173,CUST_0386,STR_018,2025-07-29,2074.64,Debit Card
TXN_003174,CUST_0230,STR_005,2025-03-19,1486.38,Credit Card
TXN_003175,CUST_0184,STR_010,2025-12-13,466.11,Digital Wallet
TXN_003176,CUST_0446,STR_017,2025-04-13,121.79,Credit Card
TXN_003177,CUST_0088,STR_007,2025-01-01,538.38,Digital Wallet
TXN_003178,CUST_0278,STR_006,2025-09-23,729.79,Credit Card
TXN_003179,CUST_0248,STR_002,2025-07-28,1292.42,Debit Card
TXN_003180,CUST_0201,STR_003,2025-12-07,2368.64,Credit Card
TXN_003181,CUST_0314,STR_017,2025-10-16,1866.41,Credit Card
TXN_003182,CUST_0172,STR_004,2025-03-19,2847.55,Cash
TXN_003183,CUST_0459,STR_015,2025-06-10,492.11,Credit Card
TXN_003184,CUST_0242,STR_013,2025-09-02,1374.92,Debit Card
TXN_003185,CUST_0051,STR_002,2025-11-16,741.41,Credit Card
TXN_003186,CUST_0421,STR_016,2025-06-12,472.52,Digital Wallet
TXN_003187,CUST_0008,STR_008,2025-06-17,632.48,Credit Card
TXN_003188,CUST_0059,STR_011,2025-04-16,4174.13,Debit Card
TXN_003189,CUST_0035,STR_020,2025-10-05,1493.54,Credit Card
TXN_003190,CUST_0418,STR_001,2025-05-18,950.4,Credit Card
TXN_003191,CUST_0060,STR_016,2025-11-17,1147.6,Credit Card
TXN_003192,CUST_0032,STR_002,2025-01-29,2118.12,Credit Card
TXN_003193,CUST_0196,STR_013,2025-03-12,1160.92,Credit Card
TXN_003194,CUST_0055,STR_007,2025-01-31,853.72,Debit Card
TXN_003195,CUST_0312,STR_015,2025-11-13,547.64,Digital Wallet
TXN_003196,CUST_0448,STR_001,2025-07-01,872.25,Cash
TXN_003197,CUST_0108,STR_015,2025-02-21,399.97,Credit Card
TXN_003198,CUST_0116,STR_010,2025-01-02,1157.49,Cash
TXN_003199,CUST_0171,STR_009,2025-03-13,791.91,Credit Card
TXN_003200,CUST_0239,STR_019,2025-06-11,726.43,Debit Card
TXN_003201,CUST_0481,STR_016,2025-01-02,281.62,Credit Card
TXN_003202,CUST_0263,STR_015,2025-06-04,1996.28,Credit Card
TXN_003203,CUST_0158,STR_014,2025-01-11,75.81,Credit Card
TXN_003204,CUST_0011,STR_001,2025-07-13,5496.51,Credit Card
TXN_003205,CUST_0353,STR_010,2025-11-02,726.43,Credit Card
TXN_003206,CUST_0133,STR_004,2025-03-04,199.0,Digital Wallet
TXN_003207,CUST_0225,STR_016,2025-05-25,388.43,Credit Card
TXN_003208,CUST_0115,STR_008,2025-02-09,263.09,Credit Card
TXN_003209,CUST_0380,STR_012,2025-05-21,205.33,Credit Card
TXN_003210,CUST_0416,STR_010,2025-08-31,1264.96,Digital Wallet
TXN_003211,CUST_0490,STR_013,2025-10-25,1306.66,Credit Card
TXN_003212,CUST_0074,STR_008,2025-08-21,1246.64,Debit Card
TXN_003213,CUST_0447,STR_009,2025-02-12,1704.13,Credit Card
TXN_003214,CUST_0342,STR_010,2025-07-06,472.52,Credit Card
TXN_003215,CUST_0444,STR_002,2025-06-06,4879.36,Cash
TXN_003216,CUST_0265,STR_007,2025-12-05,708.37,Debit Card
TXN_003217,CUST_0002,STR_008,2025-01-14,246.11,Digital Wallet
TXN_003218,CUST_0444,STR_009,2025-06-11,1067.31,Debit Card
TXN_003219,CUST_0282,STR_004,2025-09-20,567.64,Debit Card
TXN_003220,CUST_0371,STR_004,2025-05-29,590.2,Credit Card
TXN_003221,CUST_0146,STR_018,2025-01-29,199.0,Credit Card
TXN_003222,CUST_0282,STR_019,2025-08-18,63.65,Credit Card
TXN_003223,CUST_0356,STR_008,2025-08-06,2232.78,Debit Card
TXN_003224,CUST_0500,STR_013,2025-01-26,392.84,Digital Wallet
TXN_003225,CUST_0451,STR_009,2025-11-11,2123.99,Debit Card
TXN_003226,CUST_0441,STR_018,2025-11-24,1562.37,Credit Card
TXN_003227,CUST_0113,STR_008,2025-08-07,206.74,Credit Card
TXN_003228,CUST_0259,STR_006,2025-07-29,899.06,Debit Card
TXN_003229,CUST_0351,STR_006,2025-11-19,696.34,Credit Card
TXN_003230,CUST_0162,STR_006,2025-10-30,1372.7,Credit Card
TXN_003231,CUST_0377,STR_007,2025-12-13,1225.84,Credit Card
TXN_003232,CUST_0038,STR_006,2025-09-24,653.79,Debit Card
TXN_003233,CUST_0142,STR_003,2025-08-08,1677.94,Credit Card
TXN_003234,CUST_0042,STR_001,2025-10-25,2478.82,Debit Card
TXN_003235,CUST_0466,STR_004,2025-08-24,106.31,Debit Card
TXN_003236,CUST_0015,STR_006,2025-05-08,2336.91,Credit Card
TXN_003237,CUST_0485,STR_004,2025-05-16,2154.41,Debit Card
TXN_003238,CUST_0186,STR_004,2025-05-22,1187.27,Credit Card
TXN_003239,CUST_0099,STR_005,2025-06-03,522.15,Credit Card
TXN_003240,CUST_0385,STR_019,2025-09-17,495.02,Debit Card
TXN_003241,CUST_0423,STR_001,2025-07-05,70.0,Credit Card
TXN_003242,CUST_0499,STR_009,2025-08-23,708.18,Debit Card
TXN_003243,CUST_0279,STR_009,2025-10-26,768.13,Debit Card
TXN_003244,CUST_0266,STR_019,2025-04-20,150.0,Credit Card
TXN_003245,CUST_0391,STR_018,2025-08-20,121.49,Debit Card
TXN_003246,CUST_0221,STR_017,2025-12-15,181.86,Cash
TXN_003247,CUST_0394,STR_013,2025-06-05,1692.98,Credit Card
TXN_003248,CUST_0447,STR_004,2025-08-03,1134.79,Credit Card
TXN_003249,CUST_0136,STR_016,2025-08-16,1284.37,Credit Card
TXN_003250,CUST_0272,STR_004,2025-10-31,3530.91,Credit Card
TXN_003251,CUST_0131,STR_003,2025-03-09,632.48,Credit Card
TXN_003252,CUST_0230,STR_006,2025-03-29,2271.89,Credit Card
TXN_003253,CUST_0337,STR_014,2025-08-25,476.25,Debit Card
TXN_003254,CUST_0216,STR_002,2025-07-30,547.88,Credit Card
TXN_003255,CUST_0108,STR_012,2025-04-13,612.06,Cash
TXN_003256,CUST_0224,STR_001,2025-07-29,211.59,Credit Card
TXN_003257,CUST_0406,STR_013,2025-06-04,261.58,Credit Card
TXN_003258,CUST_0112,STR_008,2025-10-30,64.17,Credit Card
TXN_003259,CUST_0484,STR_003,2025-08-29,519.17,Debit Card
TXN_003260,CUST_0151,STR_008,2025-08-03,2738.16,Credit Card
TXN_003261,CUST_0185,STR_012,2025-01-23,838.88,Credit Card
TXN_003262,CUST_0486,STR_007,2025-01-05,519.15,Credit Card
TXN_003263,CUST_0336,STR_016,2025-01-29,790.2,Digital Wallet
TXN_003264,CUST_0472,STR_020,2025-09-18,2921.26,Credit Card
TXN_003265,CUST_0243,STR_004,2025-05-05,573.88,Credit Card
TXN_003266,CUST_0045,STR_005,2025-10-27,494.79,Debit Card
TXN_003267,CUST_0333,STR_008,2025-10-23,664.61,Debit Card
TXN_003268,CUST_0225,STR_003,2025-07-05,807.11,Credit Card
TXN_003269,CUST_0360,STR_020,2025-11-28,3770.4,Credit Card
TXN_003270,CUST_0165,STR_001,2025-10-26,209.72,Credit Card
TXN_003271,CUST_0109,STR_020,2025-06-17,1379.83,Credit Card
TXN_003272,CUST_0357,STR_013,2025-02-10,83.48,Credit Card
TXN_003273,CUST_0084,STR_012,2025-03-16,221.44,Credit Card
TXN_003274,CUST_0124,STR_001,2025-03-26,484.67,Credit Card
TXN_003275,CUST_0255,STR_009,2025-04-27,425.27,Credit Card
TXN_003276,CUST_0319,STR_015,2025-03-29,1546.11,Credit Card
TXN_003277,CUST_0453,STR_005,2025-06-24,738.33,Digital Wallet
TXN_003278,CUST_0327,STR_006,2025-07-18,2049.22,Debit Card
TXN_003279,CUST_0050,STR_011,2025-07-09,764.95,Credit Card
TXN_003280,CUST_0492,STR_018,2025-05-19,1756.58,Digital Wallet
TXN_003281,CUST_0004,STR_019,2025-01-09,2393.77,Credit Card
TXN_003282,CUST_0206,STR_002,2025-03-19,399.8,Credit Card
TXN_003283,CUST_0167,STR_013,2025-10-05,782.48,Debit Card
TXN_003284,CUST_0482,STR_007,2025-08-01,355.38,Credit Card
TXN_003285,CUST_0392,STR_019,2025-10-07,1453.1,Credit Card
TXN_003286,CUST_0446,STR_018,2025-08-20,885.06,Debit Card
TXN_003287,CUST_0128,STR_007,2025-12-09,482.14,Digital Wallet
TXN_003288,CUST_0183,STR_013,2025-03-31,1983.84,Debit Card
TXN_003289,CUST_0293,STR_014,2025-10-16,179.85,Credit Card
TXN_003290,CUST_0091,STR_016,2025-02-04,206.81,Credit Card
TXN_003291,CUST_0125,STR_007,2025-01-01,1398.07,Credit Card
TXN_003292,CUST_0004,STR_011,2025-04-20,814.67,Credit Card
TXN_003293,CUST_0340,STR_008,2025-03-29,726.43,Credit Card
TXN_003294,CUST_0131,STR_006,2025-01-05,412.36,Credit Card
TXN_003295,CUST_0021,STR_006,2025-07-20,2203.21,Cash
TXN_003296,CUST_0317,STR_010,2025-11-29,448.89,Credit Card
TXN_003297,CUST_0019,STR_014,2025-09-12,519.58,Credit Card
TXN_003298,CUST_0467,STR_007,2025-03-13,1691.97,Digital Wallet
TXN_003299,CUST_0395,STR_020,2025-05-17,680.85,Credit Card
TXN_003300,CUST_0416,STR_005,2025-04-12,2616.75,Debit Card
TXN_003301,CUST_0182,STR_015,2025-04-06,1369.08,Credit Card
TXN_003302,CUST_0317,STR_017,2025-12-29,1587.61,Credit Card
TXN_003303,CUST_0113,STR_008,2025-07-08,1462.44,Digital Wallet
TXN_003304,CUST_0245,STR_008,2025-05-16,2431.02,Credit Card
TXN_003305,CUST_0257,STR_007,2025-05-13,106.31,Debit Card
TXN_003306,CUST_0283,STR_012,2025-10-17,424.19,Debit Card
TXN_003307,CUST_0494,STR_007,2025-01-02,562.09,Debit Card
TXN_003308,CUST_0250,STR_018,2025-02-04,524.05,Credit Card
TXN_003309,CUST_0167,STR_009,2025-04-07,175.79,Credit Card
TXN_003310,CUST_0413,STR_019,2025-10-17,1655.46,Debit Card
TXN_003311,CUST_0338,STR_012,2025-04-29,1103.04,Credit Card
TXN_003312,CUST_0104,STR_016,2025-09-28,1092.21,Credit Card
TXN_003313,CUST_0246,STR_005,2025-08-21,1971.3,Debit Card
TXN_003314,CUST_0126,STR_002,2025-08-21,1229.26,Credit Card
TXN_003315,CUST_0431,STR_009,2025-08-11,990.65,Credit Card
TXN_003316,CUST_0069,STR_013,2025-09-02,573.88,Credit Card
TXN_003317,CUST_0249,STR_003,2025-12-09,1516.2,Credit Card
TXN_003318,CUST_0488,STR_019,2025-03-13,461.96,Debit Card
TXN_003319,CUST_0190,STR_009,2025-04-30,4416.2,Digital Wallet
TXN_003320,CUST_0500,STR_007,2025-09-21,472.52,Credit Card
TXN_003321,CUST_0109,STR_005,2025-05-03,518.81,Credit Card
TXN_003322,CUST_0279,STR_020,2025-09-12,2942.12,Credit Card
TXN_003323,CUST_0139,STR_005,2025-06-22,444.41,Debit Card
TXN_003324,CUST_0242,STR_019,2025-12-07,206.18,Credit Card
TXN_003325,CUST_0147,STR_009,2025-02-14,725.4,Cash
TXN_003326,CUST_0354,STR_011,2025-06-20,93.95,Credit Card
TXN_003327,CUST_0436,STR_013,2025-07-12,46416.19,Credit Card
TXN_003328,CUST_0283,STR_018,2025-07-28,1176.29,Credit Card
TXN_003329,CUST_0087,STR_018,2025-03-06,858.75,Credit Card
TXN_003330,CUST_0168,STR_005,2025-02-26,1369.71,Debit Card
TXN_003331,CUST_0015,STR_010,2025-05-01,1180.54,Credit Card
TXN_003332,CUST_0326,STR_019,2025-10-04,169.15,Credit Card
TXN_003333,CUST_0154,STR_009,2025-08-30,20561.7,Credit Card
TXN_003334,CUST_0356,STR_010,2025-05-04,352.73,Credit Card
TXN_003335,CUST_0178,STR_008,2025-10-26,722.49,Credit Card
TXN_003336,CUST_0401,STR_002,2025-09-16,520.25,Credit Card
TXN_003337,CUST_0493,STR_020,2025-05-06,337.61,Credit Card
TXN_003338,CUST_0069,STR_012,2025-04-10,1205.2,Debit Card
TXN_003339,CUST_0019,STR_004,2025-01-14,1835.26,Debit Card
TXN_003340,CUST_0403,STR_020,2025-11-24,1216.98,Credit Card
TXN_003341,CUST_0327,STR_014,2025-11-14,375.77,Debit Card
TXN_003342,CUST_0289,STR_011,2025-10-12,551.82,Debit Card
TXN_003343,CUST_0035,STR_019,2025-08-29,292.86,Credit Card
TXN_003344,CUST_0290,STR_014,2025-10-16,1010.07,Credit Card
TXN_003345,CUST_0451,STR_010,2025-03-03,98.06,Credit Card
TXN_003346,CUST_0465,STR_001,2025-04-13,796.0,Debit Card
TXN_003347,CUST_0373,STR_011,2025-01-03,277.44,Credit Card
TXN_003348,CUST_0450,STR_013,2025-02-22,559.06,Credit Card
TXN_003349,CUST_0216,STR_013,2025-08-07,277.72,Debit Card
TXN_003350,CUST_0036,STR_017,2025-11-23,134.99,Debit Card
TXN_003351,CUST_0380,STR_020,2025-06-18,500.68,Credit Card
TXN_003352,CUST_0377,STR_005,2025-09-29,495.02,Debit Card
TXN_003353,CUST_0084,STR_014,2025-07-09,1147.75,Credit Card
TXN_003354,CUST_0482,STR_008,2025-10-05,23.16,Digital Wallet
TXN_003355,CUST_0145,STR_004,2025-01-15,1665.15,Credit Card
TXN_003356,CUST_0001,STR_019,2025-03-23,282.99,Debit Card
TXN_003357,CUST_0125,STR_016,2025-05-24,2625.96,Digital Wallet
TXN_003358,CUST_0420,STR_018,2025-01-28,2682.38,Credit Card
TXN_003359,CUST_0417,STR_007,2025-01-03,542.55,Credit Card
TXN_003360,CUST_0161,STR_015,2025-10-19,901.96,Credit Card
TXN_003361,CUST_0250,STR_007,2025-03-12,2174.69,Credit Card
TXN_003362,CUST_0007,STR_003,2025-01-30,142.03,Credit Card
TXN_003363,CUST_0142,STR_002,2025-08-14,351.87,Debit Card
TXN_003364,CUST_0336,STR_002,2025-06-24,5518.2,Credit Card
TXN_003365,CUST_0220,STR_015,2025-06-12,7072.36,Debit Card
TXN_003366,CUST_0224,STR_015,2025-03-08,605.15,Digital Wallet
TXN_003367,CUST_0156,STR_015,2025-02-19,1509.42,Credit Card
TXN_003368,CUST_0190,STR_004,2025-02-24,112.35,Credit Card
TXN_003369,CUST_0215,STR_003,2025-12-01,628.22,Debit Card
TXN_003370,CUST_0374,STR_004,2025-10-07,5687.21,Credit Card
TXN_003371,CUST_0373,STR_014,2025-09-30,357.14,Credit Card
TXN_003372,CUST_0063,STR_015,2025-10-17,349.59,Credit Card
TXN_003373,CUST_0173,STR_011,2025-09-01,270.87,Credit Card
TXN_003374,CUST_0057,STR_012,2025-12-09,206.44,Digital Wallet
TXN_003375,CUST_0197,STR_011,2025-01-25,199.3,Debit Card
TXN_003376,CUST_0220,STR_020,2025-06-22,627.01,Debit Card
TXN_003377,CUST_0363,STR_012,2025-05-30,813.74,Credit Card
TXN_003378,CUST_0225,STR_005,2025-10-22,355.38,Digital Wallet
TXN_003379,CUST_0254,STR_002,2025-05-09,63.65,Credit Card
TXN_003380,CUST_0390,STR_008,2025-08-22,16147.95,Debit Card
TXN_003381,CUST_0323,STR_017,2025-08-20,616.09,Credit Card
TXN_003382,CUST_0250,STR_002,2025-07-31,2058.79,Credit Card
TXN_003383,CUST_0034,STR_003,2025-08-11,852.47,Digital Wallet
TXN_003384,CUST_0304,STR_016,2025-08-10,106.31,Credit Card
TXN_003385,CUST_0141,STR_001,2025-12-19,721.91,Credit Card
TXN_003386,CUST_0139,STR_010,2025-08-09,804.71,Credit Card
TXN_003387,CUST_0268,STR_019,2025-08-27,1483.05,Debit Card
TXN_003388,CUST_0146,STR_002,2025-09-17,509.59,Credit Card
TXN_003389,CUST_0279,STR_006,2025-06-19,689.34,Credit Card
TXN_003390,CUST_0347,STR_006,2025-06-29,201.99,Credit Card
TXN_003391,CUST_0073,STR_018,2025-12-31,261.58,Credit Card
TXN_003392,CUST_0355,STR_002,2025-06-14,224.11,Digital Wallet
TXN_003393,CUST_0396,STR_009,2025-06-24,1121.67,Credit Card
TXN_003394,CUST_0149,STR_014,2025-08-15,409.16,Credit Card
TXN_003395,CUST_0177,STR_002,2025-11-29,559.06,Credit Card
TXN_003396,CUST_0249,STR_011,2025-08-13,520.83,Debit Card
TXN_003397,CUST_0091,STR_018,2025-12-31,2601.25,Credit Card
TXN_003398,CUST_0079,STR_012,2025-12-25,1540.21,Debit Card
TXN_003399,CUST_0013,STR_020,2025-01-12,423.32,Debit Card
TXN_003400,CUST_0250,STR_011,2025-02-03,700.0,Digital Wallet
TXN_003401,CUST_0002,STR_018,2025-07-17,510.18,Credit Card
TXN_003402,CUST_0383,STR_012,2025-10-22,148.33,Cash
TXN_003403,CUST_0246,STR_014,2025-09-14,1641.37,Credit Card
TXN_003404,CUST_0437,STR_012,2025-09-13,854.94,Credit Card
TXN_003405,CUST_0050,STR_003,2025-02-21,413.62,Credit Card
TXN_003406,CUST_0045,STR_012,2025-12-24,551.82,Digital Wallet
TXN_003407,CUST_0425,STR_009,2025-11-26,178.57,Digital Wallet
TXN_003408,CUST_0459,STR_010,2025-04-24,2705.65,Debit Card
TXN_003409,CUST_0350,STR_014,2025-11-22,982.77,Credit Card
TXN_003410,CUST_0074,STR_012,2025-03-14,813.58,Digital Wallet
TXN_003411,CUST_0374,STR_011,2025-09-14,2153.1,Credit Card
TXN_003412,CUST_0469,STR_008,2025-08-15,511.46,Credit Card
TXN_003413,CUST_0420,STR_005,2025-02-21,5848.7,Credit Card
TXN_003414,CUST_0434,STR_009,2025-07-12,1972.86,Credit Card
TXN_003415,CUST_0453,STR_008,2025-04-29,73393.21,Debit Card
TXN_003416,CUST_0493,STR_019,2025-02-04,126.52,Credit Card
TXN_003417,CUST_0236,STR_008,2025-10-08,1822.85,Credit Card
TXN_003418,CUST_0363,STR_006,2025-03-21,531.8,Debit Card
TXN_003419,CUST_0481,STR_001,2025-11-30,454.39,Credit Card
TXN_003420,CUST_0433,STR_009,2025-08-22,1157.41,Credit Card
TXN_003421,CUST_0320,STR_018,2025-02-21,269.98,Credit Card
TXN_003422,CUST_0252,STR_012,2025-12-04,2012.9,Digital Wallet
TXN_003423,CUST_0256,STR_018,2025-02-12,308.27,Digital Wallet
TXN_003424,CUST_0205,STR_006,2025-07-07,224.11,Credit Card
TXN_003425,CUST_0303,STR_019,2025-02-14,388.43,Credit Card
TXN_003426,CUST_0424,STR_005,2025-07-21,604.08,Digital Wallet
TXN_003427,CUST_0316,STR_008,2025-04-09,1692.25,Credit Card
TXN_003428,CUST_0028,STR_012,2025-11-09,2883.35,Credit Card
TXN_003429,CUST_0254,STR_015,2025-07-02,1252.48,Credit Card
TXN_003430,CUST_0119,STR_005,2025-08-04,1298.85,Digital Wallet
TXN_003431,CUST_0223,STR_005,2025-09-20,695.86,Credit Card
TXN_003432,CUST_0025,STR_016,2025-05-28,1102.08,Credit Card
TXN_003433,CUST_0308,STR_003,2025-11-06,2003.0,Digital Wallet
TXN_003434,CUST_0332,STR_009,2025-05-26,495.02,Debit Card
TXN_003435,CUST_0321,STR_010,2025-04-13,357.14,Credit Card
TXN_003436,CUST_0463,STR_020,2025-10-09,1103.64,Debit Card
TXN_003437,CUST_0060,STR_006,2025-09-16,1708.78,Credit Card
TXN_003438,CUST_0294,STR_013,2025-10-05,391.92,Credit Card
TXN_003439,CUST_0277,STR_020,2025-02-21,708.37,Digital Wallet
TXN_003440,CUST_0147,STR_010,2025-08-06,1884.51,Digital Wallet
TXN_003441,CUST_0471,STR_003,2025-11-30,533.72,Debit Card
TXN_003442,CUST_0139,STR_018,2025-02-25,1518.67,Debit Card
TXN_003443,CUST_0354,STR_008,2025-08-30,276.94,Credit Card
TXN_003444,CUST_0184,STR_009,2025-02-12,1395.9,Cash
TXN_003445,CUST_0469,STR_003,2025-02-13,446.83,Credit Card
TXN_003446,CUST_0476,STR_008,2025-12-06,538.38,Cash
TXN_003447,CUST_0018,STR_018,2025-03-27,503.15,Debit Card
TXN_003448,CUST_0037,STR_001,2025-01-22,318.93,Digital Wallet
TXN_003449,CUST_0487,STR_007,2025-02-23,826.96,Credit Card
TXN_003450,CUST_0130,STR_011,2025-07-14,952.5,Cash
TXN_003451,CUST_0367,STR_014,2025-10-22,106.31,Credit Card
TXN_003452,CUST_0157,STR_001,2025-07-07,988.77,Credit Card
TXN_003453,CUST_0264,STR_010,2025-12-01,877.75,Debit Card
TXN_003454,CUST_0488,STR_010,2025-10-23,846.63,Credit Card
TXN_003455,CUST_0245,STR_004,2025-06-09,98.06,Credit Card
TXN_003456,CUST_0421,STR_010,2025-08-12,736.79,Digital Wallet
TXN_003457,CUST_0262,STR_003,2025-01-25,964.48,Credit Card
TXN_003458,CUST_0269,STR_020,2025-02-27,551.82,Debit Card
TXN_003459,CUST_0159,STR_004,2025-07-02,3059.95,Cash
TXN_003460,CUST_0159,STR_010,2025-04-09,613.52,Credit Card
TXN_003461,CUST_0356,STR_010,2025-03-18,212.62,Debit Card
TXN_003462,CUST_0368,STR_004,2025-05-06,86.17,Debit Card
TXN_003463,CUST_0284,STR_015,2025-06-22,857.05,Credit Card
TXN_003464,CUST_0162,STR_002,2025-12-28,1350.99,Credit Card
TXN_003465,CUST_0306,STR_015,2025-08-29,352.73,Digital Wallet
TXN_003466,CUST_0140,STR_013,2025-06-16,1711.13,Debit Card
TXN_003467,CUST_0425,STR_014,2025-11-22,56.93,Digital Wallet
TXN_003468,CUST_0369,STR_006,2025-11-21,221.44,Digital Wallet
TXN_003469,CUST_0039,STR_015,2025-01-05,1547.98,Debit Card
TXN_003470,CUST_0002,STR_020,2025-05-04,199.0,Credit Card
TXN_003471,CUST_0172,STR_006,2025-12-01,856.34,Credit Card
TXN_003472,CUST_0444,STR_014,2025-03-27,1152.52,Credit Card
TXN_003473,CUST_0250,STR_018,2025-03-23,940.84,Credit Card
TXN_003474,CUST_0042,STR_012,2025-08-01,596.76,Digital Wallet
TXN_003475,CUST_0435,STR_004,2025-08-18,497.25,Credit Card
TXN_003476,CUST_0135,STR_001,2025-07-14,475.67,Cash
TXN_003477,CUST_0029,STR_004,2025-06-24,2352.65,Credit Card
TXN_003478,CUST_0289,STR_003,2025-01-13,3180.69,Credit Card
TXN_003479,CUST_0042,STR_014,2025-11-05,1374.92,Debit Card
TXN_003480,CUST_0256,STR_002,2025-04-30,543.67,Credit Card
TXN_003481,CUST_0036,STR_002,2025-10-20,470.35,Debit Card
TXN_003482,CUST_0133,STR_010,2025-04-20,658.48,Credit Card
TXN_003483,CUST_0435,STR_007,2025-06-05,112.35,Credit Card
TXN_003484,CUST_0469,STR_003,2025-07-14,497.85,Credit Card
TXN_003485,CUST_0457,STR_019,2025-04-08,493.6,Debit Card
TXN_003486,CUST_0064,STR_012,2025-04-24,90.36,Digital Wallet
TXN_003487,CUST_0213,STR_008,2025-06-26,680.19,Debit Card
TXN_003488,CUST_0133,STR_020,2025-04-15,3002.03,Debit Card
TXN_003489,CUST_0163,STR_007,2025-05-17,1880.61,Credit Card
TXN_003490,CUST_0208,STR_005,2025-07-07,1421.52,Debit Card
TXN_003491,CUST_0420,STR_016,2025-04-29,4698.5,Credit Card
TXN_003492,CUST_0219,STR_017,2025-07-11,489.99,Debit Card
TXN_003493,CUST_0010,STR_018,2025-05-24,1045.77,Debit Card
TXN_003494,CUST_0008,STR_011,2025-05-16,41155.29,Credit Card
TXN_003495,CUST_0292,STR_020,2025-12-20,654.34,Credit Card
TXN_003496,CUST_0304,STR_011,2025-06-08,1762.56,Debit Card
TXN_003497,CUST_0445,STR_019,2025-07-20,1613.99,Credit Card
TXN_003498,CUST_0172,STR_014,2025-06-15,1009.44,Credit Card
TXN_003499,CUST_0278,STR_005,2025-09-16,115.7,Debit Card
TXN_003500,CUST_0347,STR_006,2025-03-06,1190.95,Debit Card
TXN_003501,CUST_0201,STR_006,2025-04-23,1090.77,Credit Card
TXN_003502,CUST_0431,STR_020,2025-12-23,586.75,Debit Card
TXN_003503,CUST_0414,STR_007,2025-12-04,2300.66,Debit Card
TXN_003504,CUST_0323,STR_016,2025-01-09,1084.29,Digital Wallet
TXN_003505,CUST_0432,STR_020,2025-11-30,223.88,Cash
TXN_003506,CUST_0488,STR_020,2025-09-23,684.54,Digital Wallet
TXN_003507,CUST_0401,STR_005,2025-11-27,711.15,Debit Card
TXN_003508,CUST_0058,STR_005,2025-03-08,767.26,Credit Card
TXN_003509,CUST_0099,STR_007,2025-02-19,1311.56,Credit Card
TXN_003510,CUST_0274,STR_004,2025-09-15,796.17,Credit Card
TXN_003511,CUST_0176,STR_012,2025-11-03,3303.45,Debit Card
TXN_003512,CUST_0013,STR_005,2025-08-06,538.38,Debit Card
TXN_003513,CUST_0482,STR_018,2025-01-10,962.17,Cash
TXN_003514,CUST_0341,STR_016,2025-07-30,490.26,Credit Card
TXN_003515,CUST_0160,STR_014,2025-02-11,2187.77,Debit Card
TXN_003516,CUST_0082,STR_010,2025-03-25,109.61,Debit Card
TXN_003517,CUST_0401,STR_015,2025-02-20,761.04,Digital Wallet
TXN_003518,CUST_0454,STR_003,2025-10-14,2740.58,Debit Card
TXN_003519,CUST_0321,STR_004,2025-10-13,795.28,Credit Card
TXN_003520,CUST_0209,STR_018,2025-08-11,462.09,Debit Card
TXN_003521,CUST_0075,STR_004,2025-06-14,57.75,Debit Card
TXN_003522,CUST_0361,STR_017,2025-09-20,3264.56,Credit Card
TXN_003523,CUST_0339,STR_010,2025-08-09,133.0,Cash
TXN_003524,CUST_0409,STR_003,2025-12-18,638.81,Digital Wallet
TXN_003525,CUST_0214,STR_016,2025-08-03,1623.47,Debit Card
TXN_003526,CUST_0028,STR_014,2025-12-30,1469.99,Debit Card
TXN_003527,CUST_0172,STR_004,2025-06-27,4673.18,Cash
TXN_003528,CUST_0463,STR_017,2025-07-14,634.87,Debit Card
TXN_003529,CUST_0113,STR_004,2025-08-05,2448.72,Credit Card
TXN_003530,CUST_0169,STR_009,2025-03-24,388.43,Credit Card
TXN_003531,CUST_0198,STR_007,2025-08-28,803.27,Digital Wallet
TXN_003532,CUST_0185,STR_003,2025-03-21,128.34,Credit Card
TXN_003533,CUST_0480,STR_010,2025-03-14,1165.06,Credit Card
TXN_003534,CUST_0380,STR_014,2025-08-23,403.4,Debit Card
TXN_003535,CUST_0163,STR_018,2025-11-25,918.31,Credit Card
TXN_003536,CUST_0445,STR_019,2025-01-14,106.31,Credit Card
TXN_003537,CUST_0151,STR_005,2025-11-10,209.72,Credit Card
TXN_003538,CUST_0053,STR_010,2025-01-06,235.66,Debit Card
TXN_003539,CUST_0098,STR_019,2025-08-14,2190.66,Digital Wallet
TXN_003540,CUST_0165,STR_004,2025-11-04,860.33,Credit Card
TXN_003541,CUST_0361,STR_016,2025-01-26,1558.74,Digital Wallet
TXN_003542,CUST_0154,STR_017,2025-11-25,569.16,Credit Card
TXN_003543,CUST_0493,STR_003,2025-10-26,613.87,Debit Card
TXN_003544,CUST_0021,STR_006,2025-03-25,2772.89,Debit Card
TXN_003545,CUST_0270,STR_019,2025-04-02,470.35,Credit Card
TXN_003546,CUST_0499,STR_012,2025-08-30,2681.4,Credit Card
TXN_003547,CUST_0471,STR_012,2025-02-16,686.81,Credit Card
TXN_003548,CUST_0214,STR_002,2025-09-08,1979.15,Credit Card
TXN_003549,CUST_0116,STR_005,2025-09-23,104.39,Debit Card
TXN_003550,CUST_0320,STR_011,2025-05-21,235.66,Debit Card
TXN_003551,CUST_0456,STR_002,2025-02-15,150.0,Debit Card
TXN_003552,CUST_0224,STR_019,2025-02-02,3041.34,Credit Card
TXN_003553,CUST_0303,STR_013,2025-08-22,106.31,Debit Card
TXN_003554,CUST_0348,STR_010,2025-11-14,524.28,Digital Wallet
TXN_003555,CUST_0333,STR_014,2025-12-04,1530.4,Credit Card
TXN_003556,CUST_0396,STR_018,2025-05-26,1723.29,Debit Card
TXN_003557,CUST_0312,STR_003,2025-10-15,355.38,Debit Card
TXN_003558,CUST_0119,STR_006,2025-10-05,577.3,Digital Wallet
TXN_003559,CUST_0274,STR_011,2025-03-11,644.69,Credit Card
TXN_003560,CUST_0117,STR_005,2025-09-17,652.52,Credit Card
TXN_003561,CUST_0242,STR_019,2025-04-20,2378.97,Credit Card
TXN_003562,CUST_0180,STR_014,2025-04-22,136.46,Credit Card
TXN_003563,CUST_0067,STR_013,2025-02-04,1823.52,Credit Card
TXN_003564,CUST_0011,STR_001,2025-06-28,1585.19,Credit Card
TXN_003565,CUST_0495,STR_011,2025-01-28,275.54,Credit Card
TXN_003566,CUST_0060,STR_006,2025-05-07,543.67,Debit Card
TXN_003567,CUST_0085,STR_009,2025-02-21,1458.33,Digital Wallet
TXN_003568,CUST_0389,STR_015,2025-04-08,2004.24,Credit Card
TXN_003569,CUST_0277,STR_020,2025-07-17,629.16,Credit Card
TXN_003570,CUST_0014,STR_014,2025-01-22,409.24,Credit Card
TXN_003571,CUST_0119,STR_003,2025-11-07,773.05,Debit Card
TXN_003572,CUST_0109,STR_012,2025-08-20,1033.14,Debit Card
TXN_003573,CUST_0248,STR_013,2025-01-01,2153.02,Credit Card
TXN_003574,CUST_0439,STR_014,2025-05-10,444.41,Credit Card
TXN_003575,CUST_0015,STR_008,2025-06-24,1708.78,Digital Wallet
TXN_003576,CUST_0093,STR_016,2025-10-24,841.53,Credit Card
TXN_003577,CUST_0147,STR_014,2025-01-09,842.63,Credit Card
TXN_003578,CUST_0015,STR_018,2025-02-04,53.77,Debit Card
TXN_003579,CUST_0005,STR_004,2025-10-30,28349.46,Credit Card
TXN_003580,CUST_0127,STR_008,2025-10-02,1077.4,Debit Card
TXN_003581,CUST_0027,STR_003,2025-09-26,1222.98,Credit Card
TXN_003582,CUST_0441,STR_018,2025-12-14,521.79,Digital Wallet
TXN_003583,CUST_0254,STR_005,2025-04-14,106.31,Credit Card
TXN_003584,CUST_0316,STR_001,2025-07-27,172.77,Debit Card
TXN_003585,CUST_0096,STR_012,2025-02-09,28.73,Credit Card
TXN_003586,CUST_0256,STR_013,2025-04-11,1364.67,Credit Card
TXN_003587,CUST_0228,STR_011,2025-09-16,508.06,Debit Card
TXN_003588,CUST_0317,STR_017,2025-07-07,481.03,Credit Card
TXN_003589,CUST_0307,STR_017,2025-07-14,112.35,Credit Card
TXN_003590,CUST_0126,STR_015,2025-09-26,832.87,Digital Wallet
TXN_003591,CUST_0363,STR_003,2025-03-09,120.93,Digital Wallet
TXN_003592,CUST_0315,STR_004,2025-05-11,899.94,Debit Card
TXN_003593,CUST_0101,STR_003,2025-01-16,891.71,Debit Card
TXN_003594,CUST_0231,STR_003,2025-07-10,529.62,Debit Card
TXN_003595,CUST_0450,STR_012,2025-11-14,528.08,Debit Card
TXN_003596,CUST_0219,STR_004,2025-05-18,98.21,Debit Card
TXN_003597,CUST_0146,STR_005,2025-12-28,509.38,Digital Wallet
TXN_003598,CUST_0310,STR_011,2025-01-25,134.99,Credit Card
TXN_003599,CUST_0216,STR_018,2025-02-10,1501.72,Credit Card
TXN_003600,CUST_0265,STR_007,2025-09-10,1175.76,Debit Card
TXN_003601,CUST_0310,STR_011,2025-05-10,75.81,Credit Card
TXN_003602,CUST_0051,STR_013,2025-01-09,1514.3,Credit Card
TXN_003603,CUST_0398,STR_010,2025-08-17,986.2,Credit Card
TXN_003604,CUST_0124,STR_015,2025-01-18,632.24,Debit Card
TXN_003605,CUST_0267,STR_001,2025-07-29,1009.39,Digital Wallet
TXN_003606,CUST_0209,STR_020,2025-02-06,128.24,Credit Card
TXN_003607,CUST_0145,STR_002,2025-06-25,934.34,Debit Card
TXN_003608,CUST_0369,STR_015,2025-01-21,1269.93,Cash
TXN_003609,CUST_0041,STR_019,2025-01-22,57.46,Debit Card
TXN_003610,CUST_0390,STR_020,2025-07-31,152.87,Debit Card
TXN_003611,CUST_0002,STR_010,2025-08-10,3008.89,Credit Card
TXN_003612,CUST_0225,STR_014,2025-09-06,1872.54,Cash
TXN_003613,CUST_0104,STR_013,2025-03-19,964.0,Digital Wallet
TXN_003614,CUST_0473,STR_003,2025-04-15,134.99,Debit Card
TXN_003615,CUST_0286,STR_001,2025-05-31,1615.14,Debit Card
TXN_003616,CUST_0468,STR_017,2025-02-25,569.86,Credit Card
TXN_003617,CUST_0185,STR_002,2025-11-25,1573.66,Credit Card
TXN_003618,CUST_0298,STR_016,2025-03-20,1410.66,Credit Card
TXN_003619,CUST_0359,STR_009,2025-08-18,2363.76,Credit Card
TXN_003620,CUST_0012,STR_012,2025-08-18,946.15,Digital Wallet
TXN_003621,CUST_0255,STR_017,2025-08-18,643.92,Digital Wallet
TXN_003622,CUST_0497,STR_005,2025-07-24,1530.09,Credit Card
TXN_003623,CUST_0326,STR_002,2025-07-02,529.62,Credit Card
TXN_003624,CUST_0119,STR_008,2025-09-06,6388.09,Credit Card
TXN_003625,CUST_0029,STR_011,2025-02-14,596.76,Digital Wallet
TXN_003626,CUST_0113,STR_019,2025-04-01,103.22,Credit Card
TXN_003627,CUST_0354,STR_015,2025-08-23,2200.24,Debit Card
TXN_003628,CUST_0138,STR_015,2025-04-08,798.91,Credit Card
TXN_003629,CUST_0104,STR_014,2025-01-02,834.19,Credit Card
TXN_003630,CUST_0419,STR_015,2025-03-02,388.43,Cash
TXN_003631,CUST_0346,STR_013,2025-04-19,989.58,Credit Card
TXN_003632,CUST_0343,STR_005,2025-04-25,154.58,Credit Card
TXN_003633,CUST_0399,STR_003,2025-03-24,1662.2,Credit Card
TXN_003634,CUST_0385,STR_015,2025-04-02,1112.52,Debit Card
TXN_003635,CUST_0240,STR_016,2025-07-08,1481.59,Credit Card
TXN_003636,CUST_0232,STR_018,2025-11-13,943.64,Credit Card
TXN_003637,CUST_0239,STR_017,2025-12-28,978.93,Credit Card
TXN_003638,CUST_0304,STR_006,2025-08-01,1655.09,Credit Card
TXN_003639,CUST_0428,STR_016,2025-05-13,2430.74,Credit Card
TXN_003640,CUST_0475,STR_004,2025-10-08,175.79,Credit Card
TXN_003641,CUST_0167,STR_005,2025-09-09,4958.06,Credit Card
TXN_003642,CUST_0101,STR_020,2025-08-26,936.11,Digital Wallet
TXN_003643,CUST_0424,STR_003,2025-02-18,1275.07,Cash
TXN_003644,CUST_0165,STR_008,2025-06-12,335.15,Debit Card
TXN_003645,CUST_0349,STR_007,2025-03-26,3060.3,Credit Card
TXN_003646,CUST_0312,STR_019,2025-05-30,98.21,Credit Card
TXN_003647,CUST_0330,STR_002,2025-03-02,208.78,Credit Card
TXN_003648,CUST_0201,STR_014,2025-03-26,841.57,Credit Card
TXN_003649,CUST_0205,STR_016,2025-12-17,2785.44,Credit Card
TXN_003650,CUST_0310,STR_011,2025-09-12,63.26,Debit Card
TXN_003651,CUST_0215,STR_019,2025-01-24,197.73,Debit Card
TXN_003652,CUST_0191,STR_014,2025-03-24,895.51,Digital Wallet
TXN_003653,CUST_0461,STR_001,2025-12-13,661.28,Debit Card
TXN_003654,CUST_0116,STR_011,2025-10-15,200.31,Credit Card
TXN_003655,CUST_0196,STR_007,2025-08-28,1240.43,Credit Card
TXN_003656,CUST_0281,STR_020,2025-02-17,1584.48,Credit Card
TXN_003657,CUST_0288,STR_017,2025-07-28,924.87,Debit Card
TXN_003658,CUST_0103,STR_017,2025-12-05,790.79,Debit Card
TXN_003659,CUST_0433,STR_010,2025-08-10,3879.94,Debit Card
TXN_003660,CUST_0193,STR_015,2025-01-14,445.52,Debit Card
TXN_003661,CUST_0361,STR_005,2025-12-10,649.62,Credit Card
TXN_003662,CUST_0140,STR_016,2025-06-14,628.22,Credit Card
TXN_003663,CUST_0161,STR_001,2025-05-28,148.33,Digital Wallet
TXN_003664,CUST_0320,STR_018,2025-09-14,1040.53,Credit Card
TXN_003665,CUST_0207,STR_011,2025-10-13,115.7,Debit Card
TXN_003666,CUST_0118,STR_010,2025-09-07,1943.95,Cash
TXN_003667,CUST_0042,STR_020,2025-08-10,628.17,Digital Wallet
TXN_003668,CUST_0362,STR_005,2025-11-11,178.57,Cash
TXN_003669,CUST_0480,STR_014,2025-04-24,883.08,Debit Card
TXN_003670,CUST_0412,STR_015,2025-03-08,1679.68,Cash
TXN_003671,CUST_0419,STR_012,2025-02-08,375.77,Credit Card
TXN_003672,CUST_0065,STR_001,2025-11-02,2016.99,Digital Wallet
TXN_003673,CUST_0110,STR_020,2025-01-11,1602.63,Credit Card
TXN_003674,CUST_0100,STR_006,2025-03-26,178.26,Debit Card
TXN_003675,CUST_0044,STR_009,2025-05-29,2884.23,Credit Card
TXN_003676,CUST_0348,STR_020,2025-09-27,557.41,Credit Card
TXN_003677,CUST_0164,STR_005,2025-03-28,783.48,Credit Card
TXN_003678,CUST_0233,STR_002,2025-07-16,487.16,Debit Card
TXN_003679,CUST_0053,STR_018,2025-06-14,157.68,Credit Card
TXN_003680,CUST_0417,STR_002,2025-02-03,2940.72,Credit Card
TXN_003681,CUST_0034,STR_013,2025-11-13,1021.69,Debit Card
TXN_003682,CUST_0148,STR_001,2025-06-22,2165.73,Credit Card
TXN_003683,CUST_0005,STR_018,2025-07-15,472.52,Debit Card
TXN_003684,CUST_0221,STR_004,2025-04-18,1132.64,Cash
TXN_003685,CUST_0298,STR_016,2025-11-05,1234.79,Credit Card
TXN_003686,CUST_0073,STR_008,2025-07-19,721.91,Credit Card
TXN_003687,CUST_0461,STR_019,2025-05-08,1324.47,Credit Card
TXN_003688,CUST_0414,STR_007,2025-08-27,779.58,Credit Card
TXN_003689,CUST_0357,STR_011,2025-12-15,906.96,Cash
TXN_003690,CUST_0245,STR_016,2025-06-27,112.35,Credit Card
TXN_003691,CUST_0083,STR_007,2025-06-03,6419.9,Debit Card
TXN_003692,CUST_0001,STR_019,2025-09-23,854.39,Debit Card
TXN_003693,CUST_0038,STR_015,2025-07-28,1041.66,Credit Card
TXN_003694,CUST_0187,STR_016,2025-06-24,1521.46,Cash
TXN_003695,CUST_0079,STR_006,2025-08-16,70.0,Credit Card
TXN_003696,CUST_0146,STR_013,2025-12-25,1176.58,Credit Card
TXN_003697,CUST_0320,STR_004,2025-04-13,462.4,Debit Card
TXN_003698,CUST_0492,STR_015,2025-05-18,954.15,Credit Card
TXN_003699,CUST_0024,STR_003,2025-10-29,551.82,Digital Wallet
TXN_003700,CUST_0034,STR_013,2025-09-24,838.98,Cash
TXN_003701,CUST_0395,STR_018,2025-08-13,199.0,Credit Card
TXN_003702,CUST_0182,STR_001,2025-03-14,341.71,Debit Card
TXN_003703,CUST_0096,STR_012,2025-03-06,205.33,Debit Card
TXN_003704,CUST_0148,STR_020,2025-09-16,496.97,Debit Card
TXN_003705,CUST_0367,STR_014,2025-04-24,895.51,Credit Card
TXN_003706,CUST_0372,STR_016,2025-12-30,538.38,Credit Card
TXN_003707,CUST_0407,STR_016,2025-03-18,566.4,Debit Card
TXN_003708,CUST_0441,STR_010,2025-11-25,685.19,Debit Card
TXN_003709,CUST_0284,STR_001,2025-01-15,1593.32,Credit Card
TXN_003710,CUST_0279,STR_003,2025-07-20,690.82,Credit Card
TXN_003711,CUST_0185,STR_015,2025-12-10,784.97,Cash
TXN_003712,CUST_0366,STR_004,2025-08-24,420.48,Digital Wallet
TXN_003713,CUST_0378,STR_017,2025-12-28,446.73,Credit Card
TXN_003714,CUST_0382,STR_003,2025-03-07,64.17,Credit Card
TXN_003715,CUST_0475,STR_017,2025-03-04,489.44,Credit Card
TXN_003716,CUST_0134,STR_012,2025-06-27,1726.62,Digital Wallet
TXN_003717,CUST_0143,STR_015,2025-02-05,655.78,Debit Card
TXN_003718,CUST_0036,STR_003,2025-05-21,2342.0,Credit Card
TXN_003719,CUST_0107,STR_015,2025-02-21,591.26,Credit Card
TXN_003720,CUST_0002,STR_009,2025-08-01,706.28,Credit Card
TXN_003721,CUST_0449,STR_003,2025-06-23,134.99,Credit Card
TXN_003722,CUST_0432,STR_009,2025-11-04,1710.41,Credit Card
TXN_003723,CUST_0103,STR_020,2025-12-13,27053.57,Credit Card
TXN_003724,CUST_0116,STR_019,2025-06-23,70.0,Credit Card
TXN_003725,CUST_0039,STR_014,2025-05-21,705.55,Credit Card
TXN_003726,CUST_0307,STR_013,2025-03-25,375.77,Credit Card
TXN_003727,CUST_0392,STR_012,2025-09-01,685.68,Debit Card
TXN_003728,CUST_0323,STR_010,2025-03-03,616.54,Credit Card
TXN_003729,CUST_0190,STR_011,2025-04-21,1676.24,Credit Card
TXN_003730,CUST_0047,STR_006,2025-03-13,3610.21,Credit Card
TXN_003731,CUST_0064,STR_013,2025-06-24,246.83,Debit Card
TXN_003732,CUST_0293,STR_005,2025-03-06,419.44,Debit Card
TXN_003733,CUST_0444,STR_001,2025-02-24,1737.11,Debit Card
TXN_003734,CUST_0216,STR_001,2025-09-18,2754.06,Debit Card
TXN_003735,CUST_0167,STR_008,2025-11-13,860.76,Credit Card
TXN_003736,CUST_0248,STR_005,2025-11-25,447.71,Credit Card
TXN_003737,CUST_0368,STR_003,2025-06-07,6089.27,Credit Card
TXN_003738,CUST_0186,STR_003,2025-08-28,1047.94,Credit Card
TXN_003739,CUST_0248,STR_014,2025-03-22,392.94,Digital Wallet
TXN_003740,CUST_0045,STR_014,2025-12-16,338.19,Debit Card
TXN_003741,CUST_0498,STR_005,2025-07-02,1806.88,Credit Card
TXN_003742,CUST_0432,STR_010,2025-09-14,456.98,Debit Card
TXN_003743,CUST_0500,STR_004,2025-04-11,1794.8,Credit Card
TXN_003744,CUST_0306,STR_014,2025-02-22,708.37,Digital Wallet
TXN_003745,CUST_0431,STR_010,2025-03-26,654.31,Credit Card
TXN_003746,CUST_0302,STR_002,2025-04-25,1912.42,Credit Card
TXN_003747,CUST_0364,STR_004,2025-01-09,486.11,Credit Card
TXN_003748,CUST_0318,STR_007,2025-09-04,208.78,Credit Card
TXN_003749,CUST_0451,STR_018,2025-03-22,1481.27,Credit Card
TXN_003750,CUST_0042,STR_012,2025-08-29,444.41,Debit Card
TXN_003751,CUST_0312,STR_019,2025-06-29,661.28,Debit Card
TXN_003752,CUST_0055,STR_008,2025-06-11,212.62,Digital Wallet
TXN_003753,CUST_0365,STR_013,2025-10-04,714.75,Debit Card
TXN_003754,CUST_0328,STR_006,2025-05-30,2552.7,Credit Card
TXN_003755,CUST_0491,STR_007,2025-03-01,1001.56,Digital Wallet
TXN_003756,CUST_0425,STR_015,2025-02-09,4562.95,Digital Wallet
TXN_003757,CUST_0119,STR_005,2025-09-22,972.22,Digital Wallet
TXN_003758,CUST_0060,STR_007,2025-07-26,921.89,Credit Card
TXN_003759,CUST_0128,STR_010,2025-07-10,1400.05,Digital Wallet
TXN_003760,CUST_0188,STR_018,2025-11-04,388.43,Debit Card
TXN_003761,CUST_0240,STR_015,2025-09-23,470.35,Debit Card
TXN_003762,CUST_0324,STR_006,2025-01-07,48.13,Digital Wallet
TXN_003763,CUST_0234,STR_013,2025-09-11,428.62,Credit Card
TXN_003764,CUST_0025,STR_004,2025-04-10,918.09,Credit Card
TXN_003765,CUST_0255,STR_011,2025-07-05,282.99,Debit Card
TXN_003766,CUST_0017,STR_007,2025-09-18,1285.89,Debit Card
TXN_003767,CUST_0197,STR_017,2025-08-02,70.0,Debit Card
TXN_003768,CUST_0045,STR_008,2025-12-31,83.48,Debit Card
TXN_003769,CUST_0289,STR_003,2025-10-18,399.8,Cash
TXN_003770,CUST_0426,STR_011,2025-04-02,365.37,Credit Card
TXN_003771,CUST_0443,STR_005,2025-06-01,872.25,Credit Card
TXN_003772,CUST_0244,STR_010,2025-04-30,191.36,Credit Card
TXN_003773,CUST_0045,STR_009,2025-06-15,206.74,Credit Card
TXN_003774,CUST_0164,STR_007,2025-07-19,1085.26,Credit Card
TXN_003775,CUST_0154,STR_003,2025-11-04,1064.86,Credit Card
TXN_003776,CUST_0123,STR_010,2025-01-28,3094.35,Debit Card
TXN_003777,CUST_0124,STR_003,2025-11-01,524.23,Credit Card
TXN_003778,CUST_0399,STR_011,2025-05-22,1616.98,Credit Card
TXN_003779,CUST_0228,STR_010,2025-08-01,1788.47,Digital Wallet
TXN_003780,CUST_0302,STR_010,2025-04-09,1102.16,Debit Card
TXN_003781,CUST_0002,STR_003,2025-01-14,134.99,Debit Card
TXN_003782,CUST_0021,STR_001,2025-04-18,235.66,Digital Wallet
TXN_003783,CUST_0280,STR_010,2025-03-18,66.5,Credit Card
TXN_003784,CUST_0103,STR_013,2025-04-30,708.37,Digital Wallet
TXN_003785,CUST_0255,STR_010,2025-10-30,104.39,Credit Card
TXN_003786,CUST_0077,STR_013,2025-11-10,476.66,Credit Card
TXN_003787,CUST_0365,STR_004,2025-11-06,717.3,Debit Card
TXN_003788,CUST_0440,STR_015,2025-06-24,1685.26,Credit Card
TXN_003789,CUST_0006,STR_008,2025-05-08,1476.01,Digital Wallet
TXN_003790,CUST_0110,STR_006,2025-06-05,622.99,Digital Wallet
TXN_003791,CUST_0014,STR_004,2025-05-25,1050.83,Credit Card
TXN_003792,CUST_0024,STR_011,2025-09-23,523.05,Cash
TXN_003793,CUST_0367,STR_020,2025-01-01,635.65,Credit Card
TXN_003794,CUST_0134,STR_018,2025-08-02,923.48,Credit Card
TXN_003795,CUST_0042,STR_019,2025-02-22,2753.94,Credit Card
TXN_003796,CUST_0101,STR_010,2025-01-01,2039.0,Credit Card
TXN_003797,CUST_0188,STR_016,2025-07-17,1123.62,Credit Card
TXN_003798,CUST_0192,STR_015,2025-12-07,973.6,Debit Card
TXN_003799,CUST_0259,STR_008,2025-09-29,6508.02,Digital Wallet
TXN_003800,CUST_0078,STR_019,2025-04-15,3235.89,Credit Card
TXN_003801,CUST_0117,STR_003,2025-10-03,1893.17,Credit Card
TXN_003802,CUST_0165,STR_019,2025-07-23,399.8,Credit Card
TXN_003803,CUST_0404,STR_003,2025-08-02,189.22,Credit Card
TXN_003804,CUST_0331,STR_003,2025-06-25,2581.34,Credit Card
TXN_003805,CUST_0270,STR_017,2025-10-22,3127.32,Credit Card
TXN_003806,CUST_0067,STR_009,2025-02-26,2236.15,Credit Card
TXN_003807,CUST_0342,STR_011,2025-01-27,1105.26,Debit Card
TXN_003808,CUST_0361,STR_005,2025-12-17,529.53,Credit Card
TXN_003809,CUST_0422,STR_005,2025-07-14,654.43,Credit Card
TXN_003810,CUST_0035,STR_013,2025-09-23,98.21,Debit Card
TXN_003811,CUST_0108,STR_009,2025-07-21,997.39,Credit Card
TXN_003812,CUST_0161,STR_018,2025-09-04,1333.56,Credit Card
TXN_003813,CUST_0454,STR_015,2025-03-18,1123.62,Debit Card
TXN_003814,CUST_0064,STR_012,2025-03-11,684.54,Credit Card
TXN_003815,CUST_0411,STR_007,2025-02-06,140.0,Credit Card
TXN_003816,CUST_0216,STR_017,2025-06-09,745.09,Credit Card
TXN_003817,CUST_0396,STR_012,2025-06-03,1098.52,Debit Card
TXN_003818,CUST_0151,STR_009,2025-06-16,313.17,Credit Card
TXN_003819,CUST_0222,STR_010,2025-07-19,13404.6,Credit Card
TXN_003820,CUST_0316,STR_020,2025-11-29,442.53,Credit Card
TXN_003821,CUST_0001,STR_008,2025-04-08,282.09,Debit Card
TXN_003822,CUST_0208,STR_008,2025-02-05,2845.18,Digital Wallet
TXN_003823,CUST_0031,STR_018,2025-01-11,1132.37,Credit Card
TXN_003824,CUST_0089,STR_016,2025-01-23,27.29,Credit Card
TXN_003825,CUST_0323,STR_014,2025-06-30,964.68,Credit Card
TXN_003826,CUST_0301,STR_007,2025-04-09,209.72,Credit Card
TXN_003827,CUST_0265,STR_010,2025-07-13,1102.08,Credit Card
TXN_003828,CUST_0320,STR_016,2025-12-13,355.38,Debit Card
TXN_003829,CUST_0062,STR_006,2025-03-29,163.67,Credit Card
TXN_003830,CUST_0267,STR_007,2025-12-19,1685.26,Debit Card
TXN_003831,CUST_0114,STR_009,2025-08-17,420.77,Credit Card
TXN_003832,CUST_0088,STR_018,2025-06-21,1027.6,Credit Card
TXN_003833,CUST_0305,STR_013,2025-12-06,161.87,Digital Wallet
TXN_003834,CUST_0485,STR_018,2025-09-04,3188.72,Cash
TXN_003835,CUST_0438,STR_011,2025-01-10,1190.89,Debit Card
TXN_003836,CUST_0229,STR_005,2025-03-18,1234.93,Cash
TXN_003837,CUST_0390,STR_015,2025-10-01,1056.15,Digital Wallet
TXN_003838,CUST_0424,STR_016,2025-02-16,1103.64,Digital Wallet
TXN_003839,CUST_0343,STR_016,2025-04-28,103.52,Credit Card
TXN_003840,CUST_0093,STR_016,2025-10-10,445.38,Credit Card
TXN_003841,CUST_0077,STR_019,2025-07-10,375.77,Digital Wallet
TXN_003842,CUST_0353,STR_019,2025-03-26,578.95,Debit Card
TXN_003843,CUST_0465,STR_009,2025-12-25,657.27,Digital Wallet
TXN_003844,CUST_0032,STR_017,2025-02-28,515.11,Debit Card
TXN_003845,CUST_0485,STR_015,2025-10-17,263.09,Credit Card
TXN_003846,CUST_0289,STR_005,2025-08-08,652.78,Credit Card
TXN_003847,CUST_0001,STR_012,2025-03-24,422.1,Credit Card
TXN_003848,CUST_0408,STR_001,2025-02-17,60.1,Credit Card
TXN_003849,CUST_0398,STR_016,2025-09-29,308.27,Credit Card
TXN_003850,CUST_0060,STR_002,2025-10-12,1009.97,Credit Card
TXN_003851,CUST_0401,STR_020,2025-09-08,127.3,Debit Card
TXN_003852,CUST_0263,STR_019,2025-08-13,684.54,Cash
TXN_003853,CUST_0275,STR_006,2025-08-29,212.09,Credit Card
TXN_003854,CUST_0498,STR_005,2025-10-16,1296.12,Credit Card
TXN_003855,CUST_0141,STR_017,2025-12-09,2818.95,Digital Wallet
TXN_003856,CUST_0255,STR_020,2025-05-15,2159.05,Debit Card
TXN_003857,CUST_0155,STR_003,2025-10-15,1253.11,Debit Card
TXN_003858,CUST_0357,STR_009,2025-08-04,778.91,Cash
TXN_003859,CUST_0157,STR_006,2025-02-11,1532.74,Credit Card
TXN_003860,CUST_0379,STR_015,2025-12-09,1083.38,Debit Card
TXN_003861,CUST_0168,STR_004,2025-05-06,2251.45,Credit Card
TXN_003862,CUST_0372,STR_017,2025-04-24,274.25,Debit Card
TXN_003863,CUST_0124,STR_003,2025-10-10,725.4,Credit Card
TXN_003864,CUST_0485,STR_018,2025-01-01,170.86,Credit Card
TXN_003865,CUST_0165,STR_006,2025-10-29,199.32,Credit Card
TXN_003866,CUST_0342,STR_020,2025-01-29,223.88,Debit Card
TXN_003867,CUST_0450,STR_013,2025-07-29,306.03,Credit Card
TXN_003868,CUST_0335,STR_018,2025-10-27,32127.89,Credit Card
TXN_003869,CUST_0203,STR_013,2025-03-20,2184.05,Credit Card
TXN_003870,CUST_0186,STR_012,2025-03-17,393.65,Debit Card
TXN_003871,CUST_0099,STR_008,2025-09-04,181.86,Digital Wallet
TXN_003872,CUST_0386,STR_011,2025-12-16,1370.94,Credit Card
TXN_003873,CUST_0238,STR_007,2025-02-21,2040.72,Credit Card
TXN_003874,CUST_0001,STR_014,2025-04-13,134.99,Credit Card
TXN_003875,CUST_0495,STR_012,2025-02-08,1300.63,Credit Card
TXN_003876,CUST_0481,STR_009,2025-08-22,520.83,Cash
TXN_003877,CUST_0098,STR_018,2025-09-30,1123.62,Credit Card
TXN_003878,CUST_0111,STR_019,2025-07-20,191.36,Credit Card
TXN_003879,CUST_0074,STR_014,2025-09-06,209.72,Debit Card
TXN_003880,CUST_0398,STR_001,2025-03-18,355.33,Credit Card
TXN_003881,CUST_0068,STR_006,2025-03-29,235.66,Credit Card
TXN_003882,CUST_0073,STR_014,2025-01-19,412.36,Cash
TXN_003883,CUST_0351,STR_018,2025-11-04,1188.56,Credit Card
TXN_003884,CUST_0256,STR_020,2025-01-19,1120.24,Credit Card
TXN_003885,CUST_0063,STR_016,2025-09-15,1236.56,Cash
TXN_003886,CUST_0142,STR_013,2025-10-26,696.63,Credit Card
TXN_003887,CUST_0297,STR_011,2025-03-08,467.62,Credit Card
TXN_003888,CUST_0484,STR_018,2025-10-08,412.36,Credit Card
TXN_003889,CUST_0352,STR_001,2025-11-04,268.84,Credit Card
TXN_003890,CUST_0259,STR_016,2025-10-17,1118.12,Credit Card
TXN_003891,CUST_0183,STR_006,2025-12-13,224.11,Cash
TXN_003892,CUST_0494,STR_016,2025-11-13,2802.64,Credit Card
TXN_003893,CUST_0021,STR_012,2025-06-23,486.52,Debit Card
TXN_003894,CUST_0345,STR_020,2025-03-20,1188.54,Debit Card
TXN_003895,CUST_0160,STR_004,2025-10-27,1668.48,Debit Card
TXN_003896,CUST_0387,STR_006,2025-12-04,690.75,Credit Card
TXN_003897,CUST_0216,STR_011,2025-09-25,1798.21,Debit Card
TXN_003898,CUST_0031,STR_005,2025-02-24,1303.17,Credit Card
TXN_003899,CUST_0299,STR_013,2025-03-03,1103.64,Credit Card
TXN_003900,CUST_0488,STR_006,2025-04-29,619.72,Cash
TXN_003901,CUST_0152,STR_003,2025-12-17,636.24,Credit Card
TXN_003902,CUST_0093,STR_017,2025-01-21,178.7,Credit Card
TXN_003903,CUST_0341,STR_010,2025-05-07,543.2,Debit Card
TXN_003904,CUST_0187,STR_013,2025-02-04,196.42,Credit Card
TXN_003905,CUST_0082,STR_015,2025-01-05,540.58,Cash
TXN_003906,CUST_0377,STR_016,2025-08-25,2942.41,Digital Wallet
TXN_003907,CUST_0397,STR_006,2025-01-19,206.81,Debit Card
TXN_003908,CUST_0243,STR_017,2025-01-23,476.25,Credit Card
TXN_003909,CUST_0329,STR_019,2025-05-14,1557.51,Debit Card
TXN_003910,CUST_0446,STR_008,2025-07-08,744.65,Credit Card
TXN_003911,CUST_0113,STR_003,2025-01-31,126.0,Debit Card
TXN_003912,CUST_0165,STR_006,2025-12-09,579.68,Credit Card
TXN_003913,CUST_0143,STR_004,2025-07-18,1734.61,Debit Card
TXN_003914,CUST_0261,STR_018,2025-01-22,27.29,Debit Card
TXN_003915,CUST_0377,STR_017,2025-04-09,27.29,Debit Card
TXN_003916,CUST_0468,STR_001,2025-01-04,205.33,Credit Card
TXN_003917,CUST_0065,STR_003,2025-08-17,1344.35,Credit Card
TXN_003918,CUST_0241,STR_015,2025-04-23,964.03,Credit Card
TXN_003919,CUST_0174,STR_005,2025-01-10,1325.4,Debit Card
TXN_003920,CUST_0128,STR_006,2025-01-12,452.5,Credit Card
TXN_003921,CUST_0337,STR_015,2025-11-22,787.07,Credit Card
TXN_003922,CUST_0052,STR_008,2025-04-23,790.63,Debit Card
TXN_003923,CUST_0408,STR_005,2025-01-25,2063.0,Credit Card
TXN_003924,CUST_0320,STR_001,2025-04-08,2881.83,Credit Card
TXN_003925,CUST_0461,STR_019,2025-10-12,425.27,Debit Card
TXN_003926,CUST_0075,STR_001,2025-09-08,3456.59,Cash
TXN_003927,CUST_0484,STR_019,2025-08-19,28.73,Credit Card
TXN_003928,CUST_0198,STR_020,2025-05-24,969.42,Credit Card
TXN_003929,CUST_0236,STR_008,2025-07-22,3437.25,Credit Card
TXN_003930,CUST_0469,STR_019,2025-08-25,357.41,Credit Card
TXN_003931,CUST_0423,STR_015,2025-12-25,529.62,Credit Card
TXN_003932,CUST_0192,STR_014,2025-10-12,1098.72,Credit Card
TXN_003933,CUST_0145,STR_015,2025-11-12,687.46,Debit Card
TXN_003934,CUST_0059,STR_005,2025-10-05,547.64,Debit Card
TXN_003935,CUST_0109,STR_015,2025-03-10,800.5,Credit Card
TXN_003936,CUST_0413,STR_009,2025-11-22,1587.66,Credit Card
TXN_003937,CUST_0454,STR_002,2025-10-06,471.85,Credit Card
TXN_003938,CUST_0028,STR_010,2025-11-30,844.2,Credit Card
TXN_003939,CUST_0149,STR_010,2025-03-22,883.68,Credit Card
TXN_003940,CUST_0143,STR_004,2025-09-27,618.34,Digital Wallet
TXN_003941,CUST_0391,STR_015,2025-07-07,442.8,Credit Card
TXN_003942,CUST_0223,STR_002,2025-10-13,877.18,Debit Card
TXN_003943,CUST_0131,STR_017,2025-06-13,1263.95,Debit Card
TXN_003944,CUST_0156,STR_014,2025-09-04,2077.08,Debit Card
TXN_003945,CUST_0206,STR_003,2025-02-14,1059.06,Credit Card
TXN_003946,CUST_0135,STR_002,2025-11-04,1021.13,Credit Card
TXN_003947,CUST_0291,STR_008,2025-10-27,244.6,Credit Card
TXN_003948,CUST_0009,STR_018,2025-04-28,1238.85,Debit Card
TXN_003949,CUST_0028,STR_005,2025-08-29,1686.06,Credit Card
TXN_003950,CUST_0405,STR_011,2025-03-12,179.85,Credit Card
TXN_003951,CUST_0387,STR_013,2025-09-27,913.27,Credit Card
TXN_003952,CUST_0279,STR_017,2025-06-29,563.24,Debit Card
TXN_003953,CUST_0075,STR_018,2025-09-14,1653.12,Debit Card
TXN_003954,CUST_0496,STR_010,2025-01-01,360.39,Digital Wallet
TXN_003955,CUST_0444,STR_011,2025-12-16,939.62,Credit Card
TXN_003956,CUST_0045,STR_003,2025-03-02,469.05,Credit Card
TXN_003957,CUST_0400,STR_018,2025-03-05,28.73,Digital Wallet
TXN_003958,CUST_0278,STR_017,2025-12-15,687.46,Debit Card
TXN_003959,CUST_0051,STR_009,2025-06-27,1421.36,Credit Card
TXN_003960,CUST_0189,STR_010,2025-11-14,1173.5,Credit Card
TXN_003961,CUST_0387,STR_002,2025-06-23,93.3,Credit Card
TXN_003962,CUST_0303,STR_006,2025-07-30,388.43,Credit Card
TXN_003963,CUST_0121,STR_006,2025-04-28,4720.82,Credit Card
TXN_003964,CUST_0323,STR_015,2025-02-27,44.0,Credit Card
TXN_003965,CUST_0218,STR_008,2025-03-02,1304.71,Credit Card
TXN_003966,CUST_0357,STR_005,2025-11-30,174.53,Cash
TXN_003967,CUST_0496,STR_010,2025-12-11,38581.8,Digital Wallet
TXN_003968,CUST_0343,STR_003,2025-05-10,677.78,Credit Card
TXN_003969,CUST_0043,STR_004,2025-06-20,306.03,Digital Wallet
TXN_003970,CUST_0364,STR_020,2025-05-03,1400.65,Credit Card
TXN_003971,CUST_0276,STR_009,2025-08-01,760.76,Credit Card
TXN_003972,CUST_0493,STR_008,2025-06-20,725.45,Debit Card
TXN_003973,CUST_0448,STR_001,2025-05-27,626.24,Credit Card
TXN_003974,CUST_0386,STR_004,2025-06-13,121.79,Debit Card
TXN_003975,CUST_0112,STR_002,2025-07-14,1530.24,Credit Card
TXN_003976,CUST_0055,STR_018,2025-08-10,389.69,Debit Card
TXN_003977,CUST_0197,STR_020,2025-03-21,1285.88,Credit Card
TXN_003978,CUST_0077,STR_013,2025-09-19,2840.87,Debit Card
TXN_003979,CUST_0140,STR_019,2025-03-15,875.42,Debit Card
TXN_003980,CUST_0119,STR_008,2025-03-18,2699.82,Debit Card
TXN_003981,CUST_0103,STR_013,2025-10-21,2087.99,Debit Card
TXN_003982,CUST_0116,STR_012,2025-06-27,551.03,Credit Card
TXN_003983,CUST_0396,STR_008,2025-02-26,1360.21,Credit Card
TXN_003984,CUST_0239,STR_001,2025-08-25,2727.63,Debit Card
TXN_003985,CUST_0399,STR_002,2025-12-09,3175.18,Digital Wallet
TXN_003986,CUST_0015,STR_015,2025-04-27,87.74,Credit Card
TXN_003987,CUST_0347,STR_016,2025-05-03,1128.81,Credit Card
TXN_003988,CUST_0079,STR_003,2025-09-03,824.72,Credit Card
TXN_003989,CUST_0031,STR_013,2025-07-18,1754.0,Debit Card
TXN_003990,CUST_0318,STR_015,2025-05-23,249.25,Debit Card
TXN_003991,CUST_0107,STR_001,2025-11-15,389.69,Debit Card
TXN_003992,CUST_0324,STR_018,2025-06-18,899.94,Credit Card
TXN_003993,CUST_0471,STR_001,2025-01-19,27.29,Debit Card
TXN_003994,CUST_0188,STR_014,2025-04-09,1328.76,Credit Card
TXN_003995,CUST_0153,STR_014,2025-01-30,296.66,Credit Card
TXN_003996,CUST_0289,STR_005,2025-01-25,424.49,Digital Wallet
TXN_003997,CUST_0318,STR_019,2025-10-19,5106.94,Debit Card
TXN_003998,CUST_0129,STR_018,2025-06-07,513.76,Digital Wallet
TXN_003999,CUST_0109,STR_017,2025-09-20,661.28,Credit Card
TXN_004000,CUST_0236,STR_012,2025-09-28,2259.09,Credit Card
TXN_004001,CUST_0017,STR_007,2025-11-03,2608.43,Credit Card
TXN_004002,CUST_0047,STR_019,2025-01-01,1059.04,Credit Card
TXN_004003,CUST_0047,STR_004,2025-12-22,426.26,Credit Card
TXN_004004,CUST_0481,STR_008,2025-12-11,46.32,Debit Card
TXN_004005,CUST_0012,STR_012,2025-08-01,2659.56,Digital Wallet
TXN_004006,CUST_0403,STR_003,2025-07-30,1940.58,Debit Card
TXN_004007,CUST_0434,STR_009,2025-07-30,1363.03,Credit Card
TXN_004008,CUST_0244,STR_010,2025-06-04,2286.79,Credit Card
TXN_004009,CUST_0401,STR_011,2025-05-01,2087.16,Cash
TXN_004010,CUST_0247,STR_008,2025-05-09,1450.85,Credit Card
TXN_004011,CUST_0362,STR_006,2025-08-28,3585.0,Credit Card
TXN_004012,CUST_0091,STR_006,2025-06-20,3469.5,Credit Card
TXN_004013,CUST_0163,STR_020,2025-08-12,1346.68,Credit Card
TXN_004014,CUST_0349,STR_013,2025-06-04,2138.05,Credit Card
TXN_004015,CUST_0073,STR_015,2025-10-20,622.55,Credit Card
TXN_004016,CUST_0031,STR_008,2025-12-20,846.49,Credit Card
TXN_004017,CUST_0084,STR_019,2025-03-15,1685.26,Credit Card
TXN_004018,CUST_0480,STR_019,2025-05-11,210.24,Credit Card
TXN_004019,CUST_0345,STR_002,2025-05-08,372.32,Digital Wallet
TXN_004020,CUST_0345,STR_020,2025-07-25,63.26,Credit Card
TXN_004021,CUST_0446,STR_019,2025-09-29,5226.69,Credit Card
TXN_004022,CUST_0434,STR_017,2025-05-30,798.55,Credit Card
TXN_004023,CUST_0241,STR_010,2025-02-11,260.54,Credit Card
TXN_004024,CUST_0467,STR_001,2025-11-17,538.38,Credit Card
TXN_004025,CUST_0342,STR_001,2025-02-20,24274.74,Credit Card
TXN_004026,CUST_0316,STR_003,2025-07-17,3029.16,Digital Wallet
TXN_004027,CUST_0256,STR_010,2025-06-02,670.83,Debit Card
TXN_004028,CUST_0450,STR_008,2025-07-22,2320.0,Credit Card
TXN_004029,CUST_0375,STR_007,2025-01-02,2028.5,Credit Card
TXN_004030,CUST_0416,STR_013,2025-02-18,103.22,Credit Card
TXN_004031,CUST_0167,STR_011,2025-05-02,718.51,Debit Card
TXN_004032,CUST_0162,STR_012,2025-09-06,53.77,Debit Card
TXN_004033,CUST_0345,STR_016,2025-08-02,498.07,Credit Card
TXN_004034,CUST_0379,STR_002,2025-08-27,685.4,Cash
TXN_004035,CUST_0204,STR_008,2025-12-29,1298.52,Credit Card
TXN_004036,CUST_0244,STR_013,2025-07-18,2046.39,Credit Card
TXN_004037,CUST_0482,STR_007,2025-11-06,645.2,Debit Card
TXN_004038,CUST_0486,STR_003,2025-10-31,8212.78,Debit Card
TXN_004039,CUST_0088,STR_010,2025-04-14,205.33,Credit Card
TXN_004040,CUST_0074,STR_020,2025-01-31,2382.03,Credit Card
TXN_004041,CUST_0184,STR_013,2025-08-06,98.06,Credit Card
TXN_004042,CUST_0183,STR_018,2025-07-09,44167.95,Debit Card
TXN_004043,CUST_0461,STR_018,2025-05-22,4367.99,Credit Card
TXN_004044,CUST_0221,STR_020,2025-08-14,2957.69,Credit Card
TXN_004045,CUST_0125,STR_014,2025-08-25,945.09,Debit Card
TXN_004046,CUST_0264,STR_008,2025-12-12,106.31,Debit Card
TXN_004047,CUST_0322,STR_017,2025-02-03,3418.03,Cash
TXN_004048,CUST_0432,STR_001,2025-12-09,551.04,Credit Card
TXN_004049,CUST_0126,STR_016,2025-04-01,1013.37,Credit Card
TXN_004050,CUST_0303,STR_019,2025-10-26,1528.18,Cash
TXN_004051,CUST_0312,STR_005,2025-04-27,26738.28,Credit Card
TXN_004052,CUST_0088,STR_005,2025-11-04,362.7,Digital Wallet
TXN_004053,CUST_0276,STR_008,2025-12-17,1516.52,Credit Card
TXN_004054,CUST_0221,STR_013,2025-03-11,317.29,Credit Card
TXN_004055,CUST_0060,STR_003,2025-11-05,98.06,Credit Card
TXN_004056,CUST_0061,STR_005,2025-07-29,319.46,Debit Card
TXN_004057,CUST_0012,STR_009,2025-03-07,574.15,Digital Wallet
TXN_004058,CUST_0356,STR_008,2025-12-10,1171.78,Digital Wallet
TXN_004059,CUST_0224,STR_007,2025-09-10,551.04,Credit Card
TXN_004060,CUST_0309,STR_018,2025-05-03,604.08,Credit Card
TXN_004061,CUST_0099,STR_003,2025-09-30,2776.6,Debit Card
TXN_004062,CUST_0399,STR_018,2025-10-01,824.72,Credit Card
TXN_004063,CUST_0108,STR_008,2025-12-23,63.65,Credit Card
TXN_004064,CUST_0274,STR_005,2025-07-04,1243.7,Credit Card
TXN_004065,CUST_0070,STR_001,2025-10-20,1079.64,Debit Card
TXN_004066,CUST_0470,STR_016,2025-02-10,540.37,Credit Card
TXN_004067,CUST_0210,STR_013,2025-07-03,840.24,Credit Card
TXN_004068,CUST_0070,STR_015,2025-02-07,2051.95,Debit Card
TXN_004069,CUST_0304,STR_017,2025-08-27,934.25,Credit Card
TXN_004070,CUST_0272,STR_012,2025-12-09,655.78,Credit Card
TXN_004071,CUST_0422,STR_004,2025-07-12,1601.7,Credit Card
TXN_004072,CUST_0409,STR_017,2025-11-23,728.66,Digital Wallet
TXN_004073,CUST_0453,STR_013,2025-12-08,1540.65,Credit Card
TXN_004074,CUST_0117,STR_001,2025-08-06,910.89,Debit Card
TXN_004075,CUST_0353,STR_011,2025-03-13,618.71,Credit Card
TXN_004076,CUST_0067,STR_005,2025-01-24,306.03,Credit Card
TXN_004077,CUST_0484,STR_001,2025-08-10,655.78,Debit Card
TXN_004078,CUST_0336,STR_003,2025-05-21,424.49,Credit Card
TXN_004079,CUST_0443,STR_012,2025-01-05,601.11,Debit Card
TXN_004080,CUST_0273,STR_019,2025-07-22,723.46,Credit Card
TXN_004081,CUST_0074,STR_002,2025-08-02,112.35,Credit Card
TXN_004082,CUST_0495,STR_016,2025-04-09,99.17,Debit Card
TXN_004083,CUST_0248,STR_019,2025-10-18,1725.41,Credit Card
TXN_004084,CUST_0251,STR_018,2025-03-02,1165.34,Credit Card
TXN_004085,CUST_0160,STR_016,2025-11-28,2089.17,Credit Card
TXN_004086,CUST_0060,STR_017,2025-06-29,999.99,Debit Card
TXN_004087,CUST_0215,STR_005,2025-08-15,801.16,Credit Card
TXN_004088,CUST_0483,STR_005,2025-03-17,1046.26,Credit Card
TXN_004089,CUST_0292,STR_015,2025-01-07,1368.55,Debit Card
TXN_004090,CUST_0082,STR_014,2025-12-16,201.7,Credit Card
TXN_004091,CUST_0143,STR_013,2025-11-21,1141.2,Credit Card
TXN_004092,CUST_0126,STR_015,2025-11-17,2601.75,Credit Card
TXN_004093,CUST_0285,STR_017,2025-03-03,1328.39,Debit Card
TXN_004094,CUST_0297,STR_011,2025-08-13,684.88,Cash
TXN_004095,CUST_0103,STR_002,2025-10-26,546.58,Digital Wallet
TXN_004096,CUST_0405,STR_018,2025-04-13,595.15,Credit Card
TXN_004097,CUST_0434,STR_003,2025-04-30,705.46,Credit Card
TXN_004098,CUST_0455,STR_007,2025-07-06,1187.47,Credit Card
TXN_004099,CUST_0231,STR_016,2025-03-23,627.01,Credit Card
TXN_004100,CUST_0104,STR_011,2025-07-16,109.61,Credit Card
TXN_004101,CUST_0328,STR_004,2025-10-28,262.03,Cash
TXN_004102,CUST_0438,STR_004,2025-02-20,1322.56,Credit Card
TXN_004103,CUST_0431,STR_007,2025-10-31,1979.01,Digital Wallet
TXN_004104,CUST_0113,STR_011,2025-08-19,482.27,Credit Card
TXN_004105,CUST_0212,STR_019,2025-05-03,253.46,Credit Card
TXN_004106,CUST_0167,STR_004,2025-07-09,227.43,Debit Card
TXN_004107,CUST_0465,STR_016,2025-12-08,628.22,Digital Wallet
TXN_004108,CUST_0083,STR_013,2025-03-29,329.85,Credit Card
TXN_004109,CUST_0175,STR_015,2025-11-12,821.36,Cash
TXN_004110,CUST_0029,STR_011,2025-03-30,975.47,Credit Card
TXN_004111,CUST_0125,STR_020,2025-05-17,298.59,Credit Card
TXN_004112,CUST_0444,STR_006,2025-10-22,561.81,Credit Card
TXN_004113,CUST_0445,STR_020,2025-06-04,398.47,Debit Card
TXN_004114,CUST_0498,STR_005,2025-06-10,9946.07,Debit Card
TXN_004115,CUST_0404,STR_014,2025-06-25,1264.96,Debit Card
TXN_004116,CUST_0477,STR_017,2025-04-29,903.87,Debit Card
TXN_004117,CUST_0052,STR_012,2025-08-19,684.54,Credit Card
TXN_004118,CUST_0395,STR_015,2025-09-16,472.52,Credit Card
TXN_004119,CUST_0149,STR_010,2025-06-28,1443.82,Debit Card
TXN_004120,CUST_0384,STR_005,2025-05-08,812.67,Cash
TXN_004121,CUST_0105,STR_011,2025-05-22,597.0,Credit Card
TXN_004122,CUST_0112,STR_016,2025-04-20,1841.61,Digital Wallet
TXN_004123,CUST_0490,STR_019,2025-10-04,524.05,Credit Card
TXN_004124,CUST_0217,STR_011,2025-04-29,565.98,Credit Card
TXN_004125,CUST_0009,STR_013,2025-06-18,738.5,Debit Card
TXN_004126,CUST_0417,STR_002,2025-03-15,1452.86,Digital Wallet
TXN_004127,CUST_0145,STR_020,2025-10-30,766.62,Credit Card
TXN_004128,CUST_0277,STR_009,2025-05-31,2187.39,Credit Card
TXN_004129,CUST_0469,STR_012,2025-09-07,804.71,Digital Wallet
TXN_004130,CUST_0415,STR_007,2025-05-17,708.37,Credit Card
TXN_004131,CUST_0332,STR_014,2025-05-10,1073.11,Credit Card
TXN_004132,CUST_0008,STR_010,2025-08-14,235.66,Cash
TXN_004133,CUST_0023,STR_006,2025-03-13,104.39,Credit Card
TXN_004134,CUST_0283,STR_014,2025-12-01,1268.21,Debit Card
TXN_004135,CUST_0244,STR_015,2025-08-15,899.94,Digital Wallet
TXN_004136,CUST_0021,STR_020,2025-05-16,112.35,Credit Card
TXN_004137,CUST_0165,STR_005,2025-09-18,3834.72,Credit Card
TXN_004138,CUST_0150,STR_019,2025-04-17,1606.84,Credit Card
TXN_004139,CUST_0162,STR_009,2025-04-28,391.74,Credit Card
TXN_004140,CUST_0374,STR_001,2025-06-05,2833.48,Credit Card
TXN_004141,CUST_0151,STR_009,2025-09-30,524.28,Credit Card
TXN_004142,CUST_0193,STR_005,2025-01-18,533.94,Credit Card
TXN_004143,CUST_0226,STR_003,2025-03-19,1380.22,Credit Card
TXN_004144,CUST_0292,STR_018,2025-02-03,66.5,Cash
TXN_004145,CUST_0357,STR_016,2025-07-12,529.53,Debit Card
TXN_004146,CUST_0221,STR_020,2025-02-14,1169.89,Credit Card
TXN_004147,CUST_0143,STR_008,2025-02-15,486.11,Debit Card
TXN_004148,CUST_0465,STR_008,2025-11-13,175.79,Digital Wallet
TXN_004149,CUST_0011,STR_013,2025-06-23,3318.49,Debit Card
TXN_004150,CUST_0328,STR_011,2025-06-06,938.92,Credit Card
TXN_004151,CUST_0001,STR_014,2025-09-09,551.82,Credit Card
TXN_004152,CUST_0023,STR_012,2025-12-04,633.15,Credit Card
TXN_004153,CUST_0444,STR_004,2025-03-14,155.11,Credit Card
TXN_004154,CUST_0200,STR_020,2025-06-17,4123.97,Credit Card
TXN_004155,CUST_0264,STR_009,2025-08-04,179.25,Debit Card
TXN_004156,CUST_0346,STR_006,2025-02-16,1838.11,Debit Card
TXN_004157,CUST_0258,STR_016,2025-04-06,1078.96,Debit Card
TXN_004158,CUST_0471,STR_008,2025-07-01,286.73,Credit Card
TXN_004159,CUST_0031,STR_014,2025-04-28,472.52,Debit Card
TXN_004160,CUST_0298,STR_005,2025-09-28,128.34,Digital Wallet
TXN_004161,CUST_0318,STR_020,2025-02-08,210.37,Credit Card
TXN_004162,CUST_0244,STR_003,2025-08-21,1621.74,Debit Card
TXN_004163,CUST_0162,STR_004,2025-03-14,883.73,Credit Card
TXN_004164,CUST_0442,STR_019,2025-03-08,412.36,Credit Card
TXN_004165,CUST_0206,STR_014,2025-03-08,468.98,Credit Card
TXN_004166,CUST_0006,STR_004,2025-01-01,1759.16,Credit Card
TXN_004167,CUST_0165,STR_015,2025-04-12,529.62,Credit Card
TXN_004168,CUST_0305,STR_013,2025-12-16,1799.88,Credit Card
TXN_004169,CUST_0276,STR_001,2025-01-12,190.95,Debit Card
TXN_004170,CUST_0037,STR_019,2025-12-05,3483.39,Credit Card
TXN_004171,CUST_0055,STR_017,2025-07-22,1169.89,Cash
TXN_004172,CUST_0344,STR_009,2025-05-05,1030.16,Digital Wallet
TXN_004173,CUST_0137,STR_001,2025-02-04,1523.21,Digital Wallet
TXN_004174,CUST_0136,STR_007,2025-06-22,2630.98,Debit Card
TXN_004175,CUST_0007,STR_005,2025-09-22,2551.42,Credit Card
TXN_004176,CUST_0458,STR_012,2025-03-30,427.8,Credit Card
TXN_004177,CUST_0358,STR_013,2025-02-06,804.71,Credit Card
TXN_004178,CUST_0371,STR_020,2025-05-01,1598.22,Credit Card
TXN_004179,CUST_0196,STR_020,2025-12-30,135.0,Credit Card
TXN_004180,CUST_0284,STR_018,2025-03-02,1322.79,Credit Card
TXN_004181,CUST_0209,STR_007,2025-04-29,544.79,Debit Card
TXN_004182,CUST_0104,STR_006,2025-04-22,2677.48,Credit Card
TXN_004183,CUST_0091,STR_004,2025-09-22,104.39,Credit Card
TXN_004184,CUST_0333,STR_005,2025-05-04,842.71,Credit Card
TXN_004185,CUST_0402,STR_006,2025-07-14,104.39,Digital Wallet
TXN_004186,CUST_0416,STR_001,2025-08-19,1036.6,Credit Card
TXN_004187,CUST_0083,STR_016,2025-11-25,1790.12,Credit Card
TXN_004188,CUST_0367,STR_010,2025-09-01,475.2,Cash
TXN_004189,CUST_0079,STR_018,2025-04-15,409.85,Debit Card
TXN_004190,CUST_0269,STR_001,2025-11-09,292.86,Debit Card
TXN_004191,CUST_0168,STR_017,2025-04-06,523.49,Digital Wallet
TXN_004192,CUST_0444,STR_016,2025-12-19,1195.08,Credit Card
TXN_004193,CUST_0153,STR_012,2025-03-20,919.74,Credit Card
TXN_004194,CUST_0164,STR_007,2025-07-31,870.54,Credit Card
TXN_004195,CUST_0018,STR_017,2025-08-30,4150.83,Cash
TXN_004196,CUST_0402,STR_018,2025-09-15,2476.57,Cash
TXN_004197,CUST_0232,STR_005,2025-10-09,1023.98,Digital Wallet
TXN_004198,CUST_0106,STR_002,2025-05-28,605.78,Credit Card
TXN_004199,CUST_0135,STR_004,2025-12-21,258.06,Credit Card
TXN_004200,CUST_0017,STR_016,2025-05-13,727.68,Digital Wallet
TXN_004201,CUST_0468,STR_007,2025-11-14,1314.64,Debit Card
TXN_004202,CUST_0225,STR_017,2025-11-19,1358.63,Debit Card
TXN_004203,CUST_0296,STR_004,2025-08-04,842.63,Credit Card
TXN_004204,CUST_0280,STR_009,2025-12-28,846.49,Digital Wallet
TXN_004205,CUST_0440,STR_009,2025-08-11,604.08,Credit Card
TXN_004206,CUST_0176,STR_017,2025-01-17,52.5,Credit Card
TXN_004207,CUST_0309,STR_012,2025-01-08,3420.81,Credit Card
TXN_004208,CUST_0328,STR_006,2025-09-19,529.53,Credit Card
TXN_004209,CUST_0219,STR_011,2025-01-28,1332.53,Digital Wallet
TXN_004210,CUST_0262,STR_003,2025-02-04,844.15,Debit Card
TXN_004211,CUST_0155,STR_013,2025-09-24,3324.53,Digital Wallet
TXN_004212,CUST_0244,STR_013,2025-02-22,1785.9,Credit Card
TXN_004213,CUST_0151,STR_004,2025-09-04,2943.28,Debit Card
TXN_004214,CUST_0124,STR_018,2025-11-18,1956.23,Digital Wallet
TXN_004215,CUST_0251,STR_020,2025-03-30,1122.67,Credit Card
TXN_004216,CUST_0209,STR_011,2025-05-31,1252.48,Debit Card
TXN_004217,CUST_0392,STR_014,2025-09-06,128.24,Digital Wallet
TXN_004218,CUST_0176,STR_003,2025-07-07,994.87,Debit Card
TXN_004219,CUST_0410,STR_004,2025-05-18,313.12,Credit Card
TXN_004220,CUST_0162,STR_008,2025-04-09,2381.13,Credit Card
TXN_004221,CUST_0430,STR_014,2025-02-03,687.46,Credit Card
TXN_004222,CUST_0109,STR_002,2025-12-18,1333.76,Cash
TXN_004223,CUST_0465,STR_004,2025-09-04,652.86,Credit Card
TXN_004224,CUST_0355,STR_017,2025-05-11,4715.66,Digital Wallet
TXN_004225,CUST_0308,STR_019,2025-07-09,854.39,Debit Card
TXN_004226,CUST_0351,STR_010,2025-11-09,267.54,Digital Wallet
TXN_004227,CUST_0052,STR_016,2025-05-20,1402.87,Credit Card
TXN_004228,CUST_0024,STR_013,2025-09-05,162.17,Digital Wallet
TXN_004229,CUST_0049,STR_020,2025-01-23,261.95,Cash
TXN_004230,CUST_0354,STR_011,2025-01-16,263.09,Credit Card
TXN_004231,CUST_0111,STR_002,2025-08-15,529.62,Debit Card
TXN_004232,CUST_0466,STR_011,2025-04-26,1300.63,Credit Card
TXN_004233,CUST_0173,STR_016,2025-11-09,908.02,Credit Card
TXN_004234,CUST_0304,STR_011,2025-08-16,1067.44,Credit Card
TXN_004235,CUST_0221,STR_008,2025-03-23,1443.65,Cash
TXN_004236,CUST_0020,STR_002,2025-07-03,1462.48,Credit Card
TXN_004237,CUST_0231,STR_001,2025-06-24,863.15,Credit Card
TXN_004238,CUST_0113,STR_007,2025-11-13,2305.84,Credit Card
TXN_004239,CUST_0019,STR_015,2025-03-04,839.54,Credit Card
TXN_004240,CUST_0247,STR_001,2025-04-11,28.73,Debit Card
TXN_004241,CUST_0014,STR_013,2025-12-03,529.62,Debit Card
TXN_004242,CUST_0126,STR_020,2025-03-05,8723.75,Debit Card
TXN_004243,CUST_0126,STR_006,2025-06-10,1450.8,Credit Card
TXN_004244,CUST_0020,STR_007,2025-12-06,5951.39,Credit Card
TXN_004245,CUST_0276,STR_004,2025-12-01,813.74,Digital Wallet
TXN_004246,CUST_0260,STR_005,2025-09-03,1688.4,Credit Card
TXN_004247,CUST_0294,STR_007,2025-02-28,1046.32,Debit Card
TXN_004248,CUST_0383,STR_019,2025-04-21,357.14,Credit Card
TXN_004249,CUST_0338,STR_016,2025-06-27,2302.75,Debit Card
TXN_004250,CUST_0047,STR_017,2025-09-15,573.83,Debit Card
TXN_004251,CUST_0381,STR_012,2025-02-26,3532.61,Debit Card
TXN_004252,CUST_0147,STR_002,2025-02-05,872.25,Debit Card
TXN_004253,CUST_0487,STR_005,2025-05-06,1271.56,Credit Card
TXN_004254,CUST_0453,STR_003,2025-03-19,1871.86,Credit Card
TXN_004255,CUST_0162,STR_015,2025-07-30,703.72,Digital Wallet
TXN_004256,CUST_0095,STR_017,2025-05-11,827.63,Credit Card
TXN_004257,CUST_0450,STR_006,2025-04-27,281.62,Debit Card
TXN_004258,CUST_0108,STR_007,2025-07-21,2029.32,Credit Card
TXN_004259,CUST_0060,STR_017,2025-12-02,701.01,Debit Card
TXN_004260,CUST_0390,STR_010,2025-07-05,112.35,Credit Card
TXN_004261,CUST_0161,STR_001,2025-09-05,75.81,Credit Card
TXN_004262,CUST_0098,STR_012,2025-11-19,472.52,Cash
TXN_004263,CUST_0126,STR_007,2025-10-07,3632.32,Credit Card
TXN_004264,CUST_0164,STR_006,2025-03-09,593.38,Cash
TXN_004265,CUST_0045,STR_019,2025-02-03,1755.48,Debit Card
TXN_004266,CUST_0322,STR_007,2025-04-20,941.68,Credit Card
TXN_004267,CUST_0398,STR_007,2025-12-02,203.11,Debit Card
TXN_004268,CUST_0470,STR_009,2025-08-23,616.58,Debit Card
TXN_004269,CUST_0204,STR_016,2025-04-22,1127.58,Credit Card
TXN_004270,CUST_0076,STR_013,2025-01-05,867.8,Credit Card
TXN_004271,CUST_0164,STR_007,2025-10-18,98.21,Credit Card
TXN_004272,CUST_0307,STR_006,2025-07-20,160.71,Digital Wallet
TXN_004273,CUST_0212,STR_018,2025-01-05,529.62,Credit Card
TXN_004274,CUST_0481,STR_015,2025-04-02,1428.81,Digital Wallet
TXN_004275,CUST_0177,STR_016,2025-01-27,486.11,Credit Card
TXN_004276,CUST_0474,STR_017,2025-04-07,622.52,Credit Card
TXN_004277,CUST_0386,STR_013,2025-02-06,1087.27,Credit Card
TXN_004278,CUST_0414,STR_018,2025-09-12,713.96,Debit Card
TXN_004279,CUST_0025,STR_019,2025-11-28,282.99,Credit Card
TXN_004280,CUST_0060,STR_011,2025-05-12,357.14,Credit Card
TXN_004281,CUST_0327,STR_016,2025-06-25,212.09,Digital Wallet
TXN_004282,CUST_0497,STR_010,2025-09-20,54.54,Credit Card
TXN_004283,CUST_0292,STR_010,2025-07-23,687.46,Debit Card
TXN_004284,CUST_0379,STR_016,2025-12-28,604.08,Debit Card
TXN_004285,CUST_0386,STR_018,2025-12-27,1106.02,Digital Wallet
TXN_004286,CUST_0289,STR_020,2025-03-28,726.43,Credit Card
TXN_004287,CUST_0446,STR_010,2025-10-23,947.87,Digital Wallet
TXN_004288,CUST_0303,STR_015,2025-07-26,420.48,Debit Card
TXN_004289,CUST_0336,STR_006,2025-01-19,754.27,Credit Card
TXN_004290,CUST_0449,STR_007,2025-04-09,3482.75,Debit Card
TXN_004291,CUST_0258,STR_003,2025-10-05,538.38,Credit Card
TXN_004292,CUST_0145,STR_009,2025-02-08,355.38,Digital Wallet
TXN_004293,CUST_0238,STR_008,2025-02-21,57.46,Digital Wallet
TXN_004294,CUST_0013,STR_005,2025-12-18,989.45,Credit Card
TXN_004295,CUST_0439,STR_003,2025-01-09,54414.84,Credit Card
TXN_004296,CUST_0456,STR_004,2025-01-04,408.88,Credit Card
TXN_004297,CUST_0203,STR_004,2025-12-28,953.32,Credit Card
TXN_004298,CUST_0176,STR_005,2025-03-27,275.43,Digital Wallet
TXN_004299,CUST_0500,STR_013,2025-02-24,551.82,Credit Card
TXN_004300,CUST_0441,STR_002,2025-07-22,1888.73,Cash
TXN_004301,CUST_0421,STR_007,2025-02-11,196.47,Debit Card
TXN_004302,CUST_0027,STR_018,2025-10-20,3542.09,Debit Card
TXN_004303,CUST_0356,STR_011,2025-02-18,689.13,Credit Card
TXN_004304,CUST_0435,STR_005,2025-01-03,2486.49,Cash
TXN_004305,CUST_0213,STR_005,2025-05-08,14260.96,Credit Card
TXN_004306,CUST_0487,STR_008,2025-04-15,1303.27,Debit Card
TXN_004307,CUST_0314,STR_018,2025-02-09,1493.34,Credit Card
TXN_004308,CUST_0223,STR_001,2025-03-25,1275.8,Debit Card
TXN_004309,CUST_0023,STR_016,2025-01-03,2904.88,Credit Card
TXN_004310,CUST_0188,STR_016,2025-02-24,538.38,Digital Wallet
TXN_004311,CUST_0451,STR_008,2025-12-31,444.41,Debit Card
TXN_004312,CUST_0139,STR_016,2025-12-04,459.16,Digital Wallet
TXN_004313,CUST_0212,STR_012,2025-05-25,643.03,Credit Card
TXN_004314,CUST_0054,STR_009,2025-09-04,1775.69,Credit Card
TXN_004315,CUST_0130,STR_016,2025-01-11,655.78,Credit Card
TXN_004316,CUST_0301,STR_012,2025-04-19,1390.01,Credit Card
TXN_004317,CUST_0361,STR_014,2025-09-22,1046.85,Credit Card
TXN_004318,CUST_0313,STR_014,2025-07-22,1495.44,Credit Card
TXN_004319,CUST_0227,STR_007,2025-02-09,976.75,Cash
TXN_004320,CUST_0447,STR_011,2025-02-11,1205.31,Credit Card
TXN_004321,CUST_0463,STR_014,2025-12-17,2050.04,Credit Card
TXN_004322,CUST_0329,STR_020,2025-07-20,352.73,Credit Card
TXN_004323,CUST_0370,STR_001,2025-02-12,2302.04,Credit Card
TXN_004324,CUST_0335,STR_013,2025-03-30,671.54,Digital Wallet
TXN_004325,CUST_0064,STR_013,2025-03-11,1766.79,Credit Card
TXN_004326,CUST_0376,STR_015,2025-11-26,290.73,Credit Card
TXN_004327,CUST_0317,STR_018,2025-08-04,524.28,Digital Wallet
TXN_004328,CUST_0052,STR_013,2025-04-20,391.74,Digital Wallet
TXN_004329,CUST_0294,STR_016,2025-12-01,2729.32,Credit Card
TXN_004330,CUST_0166,STR_018,2025-03-03,1182.79,Credit Card
TXN_004331,CUST_0496,STR_017,2025-04-21,1744.5,Credit Card
TXN_004332,CUST_0086,STR_003,2025-03-21,524.28,Credit Card
TXN_004333,CUST_0319,STR_020,2025-01-20,529.53,Credit Card
TXN_004334,CUST_0413,STR_020,2025-07-10,261.58,Cash
TXN_004335,CUST_0419,STR_017,2025-05-01,1235.49,Credit Card
TXN_004336,CUST_0188,STR_020,2025-07-03,600.86,Credit Card
TXN_004337,CUST_0041,STR_001,2025-08-02,1521.02,Debit Card
TXN_004338,CUST_0057,STR_015,2025-01-21,67.23,Debit Card
TXN_004339,CUST_0324,STR_019,2025-12-18,267.81,Credit Card
TXN_004340,CUST_0242,STR_005,2025-10-26,533.94,Credit Card
TXN_004341,CUST_0287,STR_016,2025-10-31,292.86,Credit Card
TXN_004342,CUST_0303,STR_003,2025-03-27,1327.31,Credit Card
TXN_004343,CUST_0383,STR_016,2025-03-18,1357.31,Credit Card
TXN_004344,CUST_0107,STR_007,2025-01-20,576.46,Debit Card
TXN_004345,CUST_0348,STR_020,2025-02-21,422.1,Debit Card
TXN_004346,CUST_0035,STR_008,2025-07-01,952.5,Debit Card
TXN_004347,CUST_0063,STR_001,2025-10-06,1281.71,Debit Card
TXN_004348,CUST_0210,STR_017,2025-03-03,546.58,Credit Card
TXN_004349,CUST_0140,STR_016,2025-07-06,626.27,Credit Card
TXN_004350,CUST_0259,STR_002,2025-02-16,2862.28,Credit Card
TXN_004351,CUST_0138,STR_013,2025-05-23,11969.1,Debit Card
TXN_004352,CUST_0175,STR_018,2025-07-15,3078.77,Credit Card
TXN_004353,CUST_0330,STR_011,2025-10-24,2303.45,Credit Card
TXN_004354,CUST_0150,STR_002,2025-02-26,422.1,Debit Card
TXN_004355,CUST_0384,STR_012,2025-03-09,470.27,Credit Card
TXN_004356,CUST_0316,STR_018,2025-11-01,1725.2,Credit Card
TXN_004357,CUST_0010,STR_013,2025-03-17,520.83,Digital Wallet
TXN_004358,CUST_0138,STR_004,2025-08-23,689.01,Debit Card
TXN_004359,CUST_0450,STR_001,2025-12-02,556.99,Cash
TXN_004360,CUST_0241,STR_011,2025-04-14,1529.9,Debit Card
TXN_004361,CUST_0212,STR_004,2025-03-27,2601.25,Credit Card
TXN_004362,CUST_0208,STR_011,2025-08-12,177.45,Credit Card
TXN_004363,CUST_0272,STR_006,2025-11-13,1983.84,Credit Card
TXN_004364,CUST_0419,STR_019,2025-02-09,524.28,Debit Card
TXN_004365,CUST_0256,STR_019,2025-05-06,98.06,Debit Card
TXN_004366,CUST_0073,STR_002,2025-06-08,1927.25,Debit Card
TXN_004367,CUST_0262,STR_001,2025-08-27,1895.21,Debit Card
TXN_004368,CUST_0330,STR_008,2025-12-20,445.64,Debit Card
TXN_004369,CUST_0149,STR_005,2025-05-19,398.47,Digital Wallet
TXN_004370,CUST_0468,STR_005,2025-10-28,2617.36,Cash
TXN_004371,CUST_0072,STR_001,2025-09-18,1923.42,Digital Wallet
TXN_004372,CUST_0465,STR_011,2025-12-05,134.99,Credit Card
TXN_004373,CUST_0458,STR_003,2025-01-19,1412.56,Credit Card
TXN_004374,CUST_0219,STR_018,2025-09-10,2710.09,Digital Wallet
TXN_004375,CUST_0469,STR_010,2025-07-27,375.77,Cash
TXN_004376,CUST_0462,STR_006,2025-06-25,2821.84,Cash
TXN_004377,CUST_0126,STR_010,2025-09-04,372.26,Cash
TXN_004378,CUST_0111,STR_014,2025-11-19,1726.19,Debit Card
TXN_004379,CUST_0329,STR_014,2025-09-25,1059.43,Debit Card
TXN_004380,CUST_0114,STR_004,2025-06-19,616.54,Debit Card
TXN_004381,CUST_0333,STR_009,2025-01-30,1614.17,Debit Card
TXN_004382,CUST_0413,STR_019,2025-11-23,268.84,Credit Card
TXN_004383,CUST_0147,STR_001,2025-05-17,407.51,Debit Card
TXN_004384,CUST_0015,STR_001,2025-04-21,2493.5,Credit Card
TXN_004385,CUST_0292,STR_010,2025-10-05,523.59,Credit Card
TXN_004386,CUST_0047,STR_017,2025-07-22,812.73,Digital Wallet
TXN_004387,CUST_0484,STR_011,2025-02-05,866.97,Debit Card
TXN_004388,CUST_0003,STR_012,2025-06-07,306.03,Credit Card
TXN_004389,CUST_0142,STR_014,2025-09-06,160.71,Credit Card
TXN_004390,CUST_0042,STR_018,2025-12-10,726.43,Credit Card
TXN_004391,CUST_0162,STR_001,2025-09-26,955.76,Debit Card
TXN_004392,CUST_0209,STR_014,2025-06-24,297.46,Debit Card
TXN_004393,CUST_0002,STR_003,2025-03-31,764.42,Digital Wallet
TXN_004394,CUST_0291,STR_001,2025-03-10,6709.66,Debit Card
TXN_004395,CUST_0053,STR_019,2025-02-22,540.58,Digital Wallet
TXN_004396,CUST_0496,STR_012,2025-08-20,1485.06,Debit Card
TXN_004397,CUST_0158,STR_016,2025-01-27,1075.72,Credit Card
TXN_004398,CUST_0068,STR_020,2025-05-02,351.99,Debit Card
TXN_004399,CUST_0164,STR_003,2025-03-06,221.44,Debit Card
TXN_004400,CUST_0126,STR_005,2025-02-21,661.28,Cash
TXN_004401,CUST_0118,STR_003,2025-11-20,792.94,Credit Card
TXN_004402,CUST_0048,STR_003,2025-11-04,389.69,Cash
TXN_004403,CUST_0308,STR_010,2025-03-16,140.91,Digital Wallet
TXN_004404,CUST_0032,STR_013,2025-07-23,1503.08,Cash
TXN_004405,CUST_0315,STR_015,2025-01-06,829.86,Credit Card
TXN_004406,CUST_0337,STR_020,2025-10-04,1224.19,Debit Card
TXN_004407,CUST_0331,STR_002,2025-11-03,804.11,Debit Card
TXN_004408,CUST_0138,STR_013,2025-06-05,199.23,Credit Card
TXN_004409,CUST_0063,STR_020,2025-04-25,509.39,Digital Wallet
TXN_004410,CUST_0268,STR_012,2025-03-31,189.05,Digital Wallet
TXN_004411,CUST_0188,STR_014,2025-09-23,206.44,Digital Wallet
TXN_004412,CUST_0168,STR_002,2025-01-07,63.26,Debit Card
TXN_004413,CUST_0431,STR_006,2025-08-24,101.11,Credit Card
TXN_004414,CUST_0286,STR_006,2025-01-21,1311.46,Debit Card
TXN_004415,CUST_0099,STR_007,2025-03-07,1472.42,Debit Card
TXN_004416,CUST_0080,STR_017,2025-06-26,1548.54,Credit Card
TXN_004417,CUST_0010,STR_012,2025-11-01,1059.63,Digital Wallet
TXN_004418,CUST_0151,STR_018,2025-05-05,375.77,Credit Card
TXN_004419,CUST_0395,STR_009,2025-06-25,1175.23,Credit Card
TXN_004420,CUST_0372,STR_005,2025-11-23,276.94,Digital Wallet
TXN_004421,CUST_0259,STR_004,2025-04-21,199.0,Debit Card
TXN_004422,CUST_0297,STR_019,2025-05-19,646.2,Credit Card
TXN_004423,CUST_0249,STR_020,2025-01-25,813.74,Debit Card
TXN_004424,CUST_0433,STR_004,2025-08-31,1607.03,Credit Card
TXN_004425,CUST_0366,STR_014,2025-05-19,562.09,Credit Card
TXN_004426,CUST_0037,STR_011,2025-01-26,1734.38,Debit Card
TXN_004427,CUST_0284,STR_017,2025-09-14,1152.92,Debit Card
TXN_004428,CUST_0272,STR_014,2025-04-07,671.92,Credit Card
TXN_004429,CUST_0196,STR_002,2025-05-03,3254.96,Digital Wallet
TXN_004430,CUST_0303,STR_003,2025-02-26,628.17,Digital Wallet
TXN_004431,CUST_0032,STR_019,2025-07-29,780.25,Credit Card
TXN_004432,CUST_0379,STR_012,2025-08-20,1131.47,Credit Card
TXN_004433,CUST_0357,STR_012,2025-02-20,2550.72,Digital Wallet
TXN_004434,CUST_0449,STR_010,2025-11-09,557.41,Credit Card
TXN_004435,CUST_0059,STR_009,2025-09-19,2437.95,Digital Wallet
TXN_004436,CUST_0274,STR_002,2025-07-13,2295.04,Credit Card
TXN_004437,CUST_0225,STR_001,2025-12-27,1393.08,Credit Card
TXN_004438,CUST_0125,STR_017,2025-11-22,1166.4,Credit Card
TXN_004439,CUST_0382,STR_005,2025-02-12,551.04,Debit Card
TXN_004440,CUST_0170,STR_009,2025-05-01,3892.38,Credit Card
TXN_004441,CUST_0081,STR_017,2025-06-09,1797.44,Credit Card
TXN_004442,CUST_0019,STR_015,2025-03-09,484.54,Debit Card
TXN_004443,CUST_0477,STR_020,2025-03-20,706.22,Credit Card
TXN_004444,CUST_0203,STR_011,2025-11-02,804.71,Debit Card
TXN_004445,CUST_0014,STR_019,2025-02-10,306.03,Debit Card
TXN_004446,CUST_0119,STR_006,2025-02-15,1905.07,Debit Card
TXN_004447,CUST_0163,STR_007,2025-09-02,721.91,Debit Card
TXN_004448,CUST_0036,STR_002,2025-05-28,890.88,Credit Card
TXN_004449,CUST_0179,STR_015,2025-06-21,3449.98,Debit Card
TXN_004450,CUST_0183,STR_004,2025-12-26,2648.02,Credit Card
TXN_004451,CUST_0424,STR_004,2025-08-15,645.9,Debit Card
TXN_004452,CUST_0028,STR_018,2025-09-07,2039.96,Credit Card
TXN_004453,CUST_0413,STR_006,2025-05-05,1324.8,Credit Card
TXN_004454,CUST_0275,STR_016,2025-03-13,460.19,Debit Card
TXN_004455,CUST_0041,STR_012,2025-09-21,3048.68,Debit Card
TXN_004456,CUST_0014,STR_005,2025-03-02,199.0,Credit Card
TXN_004457,CUST_0500,STR_014,2025-02-21,1309.41,Credit Card
TXN_004458,CUST_0489,STR_004,2025-02-16,628.17,Credit Card
TXN_004459,CUST_0036,STR_008,2025-02-19,817.52,Digital Wallet
TXN_004460,CUST_0267,STR_011,2025-01-24,476.25,Debit Card
TXN_004461,CUST_0080,STR_020,2025-02-19,1669.81,Credit Card
TXN_004462,CUST_0454,STR_003,2025-07-11,492.35,Debit Card
TXN_004463,CUST_0158,STR_020,2025-01-18,286.73,Credit Card
TXN_004464,CUST_0421,STR_020,2025-10-07,3036.11,Credit Card
TXN_004465,CUST_0148,STR_018,2025-05-14,1468.04,Debit Card
TXN_004466,CUST_0267,STR_005,2025-07-09,888.37,Digital Wallet
TXN_004467,CUST_0420,STR_002,2025-11-26,1522.6,Debit Card
TXN_004468,CUST_0304,STR_017,2025-12-19,524.28,Debit Card
TXN_004469,CUST_0382,STR_008,2025-09-06,1415.25,Debit Card
TXN_004470,CUST_0011,STR_017,2025-08-20,150.0,Credit Card
TXN_004471,CUST_0306,STR_010,2025-10-12,1221.45,Debit Card
TXN_004472,CUST_0069,STR_019,2025-11-20,45180.07,Debit Card
TXN_004473,CUST_0178,STR_007,2025-03-10,1659.95,Credit Card
TXN_004474,CUST_0083,STR_018,2025-04-11,455.76,Debit Card
TXN_004475,CUST_0224,STR_005,2025-12-09,1610.6,Credit Card
TXN_004476,CUST_0018,STR_009,2025-04-20,2158.38,Credit Card
TXN_004477,CUST_0188,STR_008,2025-01-30,754.56,Digital Wallet
TXN_004478,CUST_0186,STR_005,2025-02-12,48.13,Debit Card
TXN_004479,CUST_0335,STR_019,2025-08-02,889.32,Digital Wallet
TXN_004480,CUST_0150,STR_020,2025-03-01,515.32,Credit Card
TXN_004481,CUST_0002,STR_002,2025-09-18,1167.83,Credit Card
TXN_004482,CUST_0126,STR_005,2025-10-19,827.24,Credit Card
TXN_004483,CUST_0093,STR_006,2025-01-12,743.26,Digital Wallet
TXN_004484,CUST_0156,STR_015,2025-05-02,432.93,Credit Card
TXN_004485,CUST_0443,STR_004,2025-02-02,1744.5,Credit Card
TXN_004486,CUST_0288,STR_012,2025-05-06,1615.29,Credit Card
TXN_004487,CUST_0149,STR_008,2025-10-16,1105.67,Digital Wallet
TXN_004488,CUST_0319,STR_016,2025-07-31,654.34,Credit Card
TXN_004489,CUST_0424,STR_002,2025-09-23,1531.22,Credit Card
TXN_004490,CUST_0255,STR_005,2025-12-19,144.31,Debit Card
TXN_004491,CUST_0360,STR_005,2025-04-11,388.43,Credit Card
TXN_004492,CUST_0217,STR_002,2025-09-20,387.28,Credit Card
TXN_004493,CUST_0451,STR_013,2025-01-16,206.74,Digital Wallet
TXN_004494,CUST_0100,STR_018,2025-10-17,844.2,Digital Wallet
TXN_004495,CUST_0307,STR_016,2025-09-26,2864.73,Credit Card
TXN_004496,CUST_0207,STR_011,2025-10-10,2658.57,Credit Card
TXN_004497,CUST_0092,STR_018,2025-04-18,369.01,Cash
TXN_004498,CUST_0063,STR_003,2025-02-07,576.46,Digital Wallet
TXN_004499,CUST_0231,STR_001,2025-09-07,1453.61,Credit Card
TXN_004500,CUST_0220,STR_019,2025-11-30,1924.21,Credit Card
TXN_004501,CUST_0413,STR_004,2025-06-14,684.54,Credit Card
TXN_004502,CUST_0082,STR_013,2025-08-19,210.24,Credit Card
TXN_004503,CUST_0131,STR_007,2025-01-28,2849.1,Debit Card
TXN_004504,CUST_0466,STR_010,2025-07-26,1954.52,Credit Card
TXN_004505,CUST_0454,STR_016,2025-12-11,2025.84,Credit Card
TXN_004506,CUST_0255,STR_014,2025-11-02,1143.32,Debit Card
TXN_004507,CUST_0032,STR_014,2025-08-03,1687.93,Digital Wallet
TXN_004508,CUST_0283,STR_014,2025-09-23,872.25,Credit Card
TXN_004509,CUST_0197,STR_011,2025-05-06,931.19,Credit Card
TXN_004510,CUST_0397,STR_012,2025-10-01,2742.91,Credit Card
TXN_004511,CUST_0318,STR_007,2025-08-23,2541.77,Credit Card
TXN_004512,CUST_0450,STR_006,2025-03-28,2396.83,Debit Card
TXN_004513,CUST_0435,STR_016,2025-05-10,1591.2,Digital Wallet
TXN_004514,CUST_0365,STR_006,2025-03-06,1114.79,Credit Card
TXN_004515,CUST_0324,STR_003,2025-01-15,1559.32,Digital Wallet
TXN_004516,CUST_0172,STR_009,2025-02-28,573.46,Debit Card
TXN_004517,CUST_0406,STR_013,2025-11-05,64.17,Credit Card
TXN_004518,CUST_0059,STR_014,2025-12-25,484.67,Debit Card
TXN_004519,CUST_0048,STR_018,2025-03-22,710.76,Credit Card
TXN_004520,CUST_0387,STR_016,2025-12-24,1059.23,Debit Card
TXN_004521,CUST_0119,STR_019,2025-12-01,932.2,Cash
TXN_004522,CUST_0264,STR_004,2025-11-14,2062.03,Debit Card
TXN_004523,CUST_0461,STR_003,2025-05-18,1685.26,Digital Wallet
TXN_004524,CUST_0250,STR_001,2025-05-09,940.54,Digital Wallet
TXN_004525,CUST_0414,STR_015,2025-12-17,432.66,Debit Card
TXN_004526,CUST_0382,STR_009,2025-10-02,1529.47,Credit Card
TXN_004527,CUST_0492,STR_002,2025-05-29,103.22,Credit Card
TXN_004528,CUST_0332,STR_009,2025-02-05,1300.63,Digital Wallet
TXN_004529,CUST_0367,STR_016,2025-07-05,106.31,Credit Card
TXN_004530,CUST_0157,STR_009,2025-10-20,52915.24,Debit Card
TXN_004531,CUST_0266,STR_016,2025-01-04,616.09,Credit Card
TXN_004532,CUST_0103,STR_014,2025-11-14,764.05,Credit Card
TXN_004533,CUST_0188,STR_003,2025-06-13,2617.17,Credit Card
TXN_004534,CUST_0161,STR_019,2025-11-02,300.0,Credit Card
TXN_004535,CUST_0055,STR_020,2025-10-01,121.79,Debit Card
TXN_004536,CUST_0265,STR_007,2025-12-10,308.27,Digital Wallet
TXN_004537,CUST_0450,STR_004,2025-11-07,1416.76,Credit Card
TXN_004538,CUST_0040,STR_005,2025-01-30,181.86,Credit Card
TXN_004539,CUST_0233,STR_017,2025-03-19,2090.51,Debit Card
TXN_004540,CUST_0008,STR_015,2025-11-20,507.3,Debit Card
TXN_004541,CUST_0240,STR_011,2025-12-20,206.81,Debit Card
TXN_004542,CUST_0052,STR_001,2025-09-18,991.9,Credit Card
TXN_004543,CUST_0028,STR_016,2025-08-10,519.15,Digital Wallet
TXN_004544,CUST_0050,STR_014,2025-07-02,535.08,Debit Card
TXN_004545,CUST_0203,STR_017,2025-02-04,2177.59,Credit Card
TXN_004546,CUST_0036,STR_005,2025-05-18,1359.26,Debit Card
TXN_004547,CUST_0187,STR_017,2025-06-04,469.05,Debit Card
TXN_004548,CUST_0295,STR_005,2025-01-06,322.09,Credit Card
TXN_004549,CUST_0042,STR_006,2025-11-11,472.52,Credit Card
TXN_004550,CUST_0111,STR_002,2025-06-29,533.72,Credit Card
TXN_004551,CUST_0228,STR_005,2025-12-04,1227.74,Debit Card
TXN_004552,CUST_0360,STR_019,2025-11-18,643.03,Credit Card
TXN_004553,CUST_0184,STR_005,2025-07-07,1854.98,Debit Card
TXN_004554,CUST_0189,STR_017,2025-03-23,1774.31,Credit Card
TXN_004555,CUST_0233,STR_010,2025-10-04,4513.87,Credit Card
TXN_004556,CUST_0070,STR_010,2025-08-05,1521.47,Debit Card
TXN_004557,CUST_0109,STR_015,2025-10-22,375.77,Credit Card
TXN_004558,CUST_0269,STR_003,2025-02-07,1920.62,Credit Card
TXN_004559,CUST_0414,STR_004,2025-05-01,844.2,Debit Card
TXN_004560,CUST_0221,STR_019,2025-07-08,1588.59,Debit Card
TXN_004561,CUST_0030,STR_019,2025-03-31,831.45,Debit Card
TXN_004562,CUST_0470,STR_006,2025-10-04,744.52,Debit Card
TXN_004563,CUST_0076,STR_004,2025-02-17,3332.6,Debit Card
TXN_004564,CUST_0329,STR_020,2025-03-17,1455.57,Credit Card
TXN_004565,CUST_0074,STR_019,2025-03-16,2405.48,Credit Card
TXN_004566,CUST_0341,STR_014,2025-11-27,1358.36,Credit Card
TXN_004567,CUST_0397,STR_015,2025-01-27,1062.21,Digital Wallet
TXN_004568,CUST_0195,STR_008,2025-06-20,523.49,Credit Card
TXN_004569,CUST_0353,STR_020,2025-08-30,2508.74,Credit Card
TXN_004570,CUST_0157,STR_019,2025-04-24,895.54,Debit Card
TXN_004571,CUST_0046,STR_007,2025-10-10,721.79,Cash
TXN_004572,CUST_0128,STR_017,2025-04-25,2274.53,Credit Card
TXN_004573,CUST_0324,STR_001,2025-03-19,1761.12,Debit Card
TXN_004574,CUST_0425,STR_007,2025-09-02,785.61,Debit Card
TXN_004575,CUST_0339,STR_006,2025-09-18,151.78,Credit Card
TXN_004576,CUST_0189,STR_018,2025-07-14,991.18,Cash
TXN_004577,CUST_0379,STR_019,2025-09-09,371.12,Credit Card
TXN_004578,CUST_0406,STR_016,2025-06-19,976.44,Digital Wallet
TXN_004579,CUST_0432,STR_015,2025-01-05,144.38,Debit Card
TXN_004580,CUST_0264,STR_010,2025-03-23,888.94,Credit Card
TXN_004581,CUST_0139,STR_012,2025-03-30,918.09,Debit Card
TXN_004582,CUST_0452,STR_015,2025-03-03,1124.05,Debit Card
TXN_004583,CUST_0125,STR_003,2025-11-09,850.4,Digital Wallet
TXN_004584,CUST_0262,STR_020,2025-07-25,639.97,Digital Wallet
TXN_004585,CUST_0164,STR_012,2025-08-25,176.03,Debit Card
TXN_004586,CUST_0054,STR_011,2025-11-04,524.23,Credit Card
TXN_004587,CUST_0021,STR_008,2025-10-30,854.39,Debit Card
TXN_004588,CUST_0259,STR_017,2025-07-27,930.71,Credit Card
TXN_004589,CUST_0126,STR_020,2025-10-10,559.06,Credit Card
TXN_004590,CUST_0117,STR_011,2025-06-19,1373.83,Debit Card
TXN_004591,CUST_0374,STR_017,2025-05-25,1360.35,Credit Card
TXN_004592,CUST_0040,STR_006,2025-04-29,1247.01,Digital Wallet
TXN_004593,CUST_0472,STR_008,2025-04-06,2640.36,Debit Card
TXN_004594,CUST_0422,STR_016,2025-08-30,440.06,Credit Card
TXN_004595,CUST_0411,STR_003,2025-01-10,2094.0,Debit Card
TXN_004596,CUST_0274,STR_011,2025-07-15,1868.18,Credit Card
TXN_004597,CUST_0160,STR_005,2025-06-12,165.16,Debit Card
TXN_004598,CUST_0410,STR_008,2025-05-11,1069.63,Credit Card
TXN_004599,CUST_0473,STR_020,2025-08-31,393.04,Credit Card
TXN_004600,CUST_0386,STR_006,2025-01-29,952.5,Credit Card
TXN_004601,CUST_0049,STR_016,2025-03-25,1131.96,Debit Card
TXN_004602,CUST_0082,STR_007,2025-10-28,3059.8,Debit Card
TXN_004603,CUST_0381,STR_013,2025-05-15,652.86,Debit Card
TXN_004604,CUST_0317,STR_005,2025-07-17,634.87,Digital Wallet
TXN_004605,CUST_0277,STR_004,2025-10-20,1026.48,Debit Card
TXN_004606,CUST_0108,STR_007,2025-08-29,528.08,Credit Card
TXN_004607,CUST_0319,STR_012,2025-11-18,2130.97,Credit Card
TXN_004608,CUST_0005,STR_018,2025-11-08,2096.2,Debit Card
TXN_004609,CUST_0140,STR_001,2025-06-04,1102.08,Digital Wallet
TXN_004610,CUST_0274,STR_013,2025-11-09,595.15,Digital Wallet
TXN_004611,CUST_0482,STR_001,2025-08-17,744.83,Credit Card
TXN_004612,CUST_0208,STR_004,2025-04-19,788.67,Debit Card
TXN_004613,CUST_0236,STR_008,2025-08-08,54.1,Credit Card
TXN_004614,CUST_0163,STR_019,2025-06-13,1783.82,Cash
TXN_004615,CUST_0500,STR_020,2025-07-22,236.1,Credit Card
TXN_004616,CUST_0092,STR_001,2025-06-17,654.34,Cash
TXN_004617,CUST_0126,STR_003,2025-06-22,72.02,Digital Wallet
TXN_004618,CUST_0421,STR_002,2025-06-11,990.27,Credit Card
TXN_004619,CUST_0192,STR_012,2025-10-22,3431.46,Digital Wallet
TXN_004620,CUST_0141,STR_008,2025-12-01,721.91,Digital Wallet
TXN_004621,CUST_0007,STR_004,2025-02-22,106.31,Credit Card
TXN_004622,CUST_0164,STR_004,2025-04-29,706.28,Debit Card
TXN_004623,CUST_0455,STR_019,2025-05-17,546.47,Credit Card
TXN_004624,CUST_0104,STR_002,2025-03-22,456.98,Digital Wallet
TXN_004625,CUST_0253,STR_002,2025-06-06,1060.34,Credit Card
TXN_004626,CUST_0395,STR_005,2025-02-10,5007.81,Digital Wallet
TXN_004627,CUST_0313,STR_003,2025-01-13,369.01,Credit Card
TXN_004628,CUST_0327,STR_004,2025-12-05,403.78,Debit Card
TXN_004629,CUST_0335,STR_010,2025-05-05,913.84,Debit Card
TXN_004630,CUST_0353,STR_019,2025-05-28,54735.79,Credit Card
TXN_004631,CUST_0459,STR_018,2025-06-20,208.78,Credit Card
TXN_004632,CUST_0447,STR_007,2025-04-26,552.48,Credit Card
TXN_004633,CUST_0480,STR_020,2025-05-23,292.86,Credit Card
TXN_004634,CUST_0408,STR_004,2025-09-06,544.82,Credit Card
TXN_004635,CUST_0223,STR_005,2025-12-04,22.0,Debit Card
TXN_004636,CUST_0184,STR_005,2025-06-19,1227.63,Credit Card
TXN_004637,CUST_0471,STR_016,2025-02-16,608.7,Debit Card
TXN_004638,CUST_0169,STR_003,2025-03-13,1428.5,Credit Card
TXN_004639,CUST_0081,STR_011,2025-02-26,286.73,Digital Wallet
TXN_004640,CUST_0300,STR_003,2025-10-14,629.16,Debit Card
TXN_004641,CUST_0340,STR_014,2025-05-27,678.45,Debit Card
TXN_004642,CUST_0494,STR_004,2025-02-24,1299.44,Credit Card
TXN_004643,CUST_0046,STR_019,2025-07-06,1081.49,Credit Card
TXN_004644,CUST_0296,STR_006,2025-06-08,486.11,Credit Card
TXN_004645,CUST_0456,STR_002,2025-01-07,793.88,Debit Card
TXN_004646,CUST_0396,STR_009,2025-06-12,546.47,Credit Card
TXN_004647,CUST_0204,STR_017,2025-02-12,476.25,Credit Card
TXN_004648,CUST_0130,STR_012,2025-04-29,993.28,Credit Card
TXN_004649,CUST_0311,STR_011,2025-06-30,2313.98,Debit Card
TXN_004650,CUST_0412,STR_004,2025-09-29,489.99,Credit Card
TXN_004651,CUST_0307,STR_017,2025-05-07,427.5,Debit Card
TXN_004652,CUST_0055,STR_002,2025-12-19,112.35,Digital Wallet
TXN_004653,CUST_0295,STR_006,2025-02-09,961.36,Credit Card
TXN_004654,CUST_0069,STR_003,2025-04-18,164.2,Credit Card
TXN_004655,CUST_0372,STR_004,2025-11-13,2083.32,Credit Card
TXN_004656,CUST_0499,STR_005,2025-08-13,195.06,Credit Card
TXN_004657,CUST_0158,STR_019,2025-02-11,3011.27,Credit Card
TXN_004658,CUST_0382,STR_005,2025-11-29,313.12,Credit Card
TXN_004659,CUST_0447,STR_014,2025-12-03,27277.39,Credit Card
TXN_004660,CUST_0289,STR_002,2025-10-26,1885.87,Credit Card
TXN_004661,CUST_0095,STR_020,2025-04-09,1349.31,Debit Card
TXN_004662,CUST_0461,STR_013,2025-05-07,650.31,Debit Card
TXN_004663,CUST_0300,STR_005,2025-09-22,2129.54,Cash
TXN_004664,CUST_0147,STR_008,2025-07-08,643.03,Credit Card
TXN_004665,CUST_0115,STR_007,2025-04-30,1886.35,Credit Card
TXN_004666,CUST_0359,STR_007,2025-07-30,184.8,Credit Card
TXN_004667,CUST_0492,STR_014,2025-11-05,706.28,Cash
TXN_004668,CUST_0136,STR_019,2025-10-18,834.89,Digital Wallet
TXN_004669,CUST_0205,STR_007,2025-02-28,953.96,Credit Card
TXN_004670,CUST_0270,STR_001,2025-10-19,1473.12,Credit Card
TXN_004671,CUST_0430,STR_013,2025-10-21,518.81,Digital Wallet
TXN_004672,CUST_0050,STR_009,2025-02-24,106.31,Credit Card
TXN_004673,CUST_0095,STR_003,2025-04-27,2644.44,Debit Card
TXN_004674,CUST_0436,STR_018,2025-03-26,1197.07,Debit Card
TXN_004675,CUST_0342,STR_008,2025-09-05,598.24,Credit Card
TXN_004676,CUST_0292,STR_003,2025-12-02,2591.68,Debit Card
TXN_004677,CUST_0345,STR_020,2025-07-22,178.7,Credit Card
TXN_004678,CUST_0061,STR_004,2025-08-13,578.95,Credit Card
TXN_004679,CUST_0148,STR_015,2025-09-15,3239.03,Credit Card
TXN_004680,CUST_0249,STR_007,2025-03-01,1145.33,Debit Card
TXN_004681,CUST_0274,STR_019,2025-12-17,783.48,Credit Card
TXN_004682,CUST_0361,STR_016,2025-11-18,519.58,Credit Card
TXN_004683,CUST_0061,STR_013,2025-09-05,1198.71,Debit Card
TXN_004684,CUST_0090,STR_020,2025-06-15,306.17,Credit Card
TXN_004685,CUST_0204,STR_014,2025-06-08,1317.99,Credit Card
TXN_004686,CUST_0407,STR_009,2025-01-26,1426.83,Credit Card
TXN_004687,CUST_0163,STR_011,2025-12-24,1059.06,Credit Card
TXN_004688,CUST_0214,STR_001,2025-08-14,491.27,Debit Card
TXN_004689,CUST_0069,STR_014,2025-01-26,764.95,Credit Card
TXN_004690,CUST_0259,STR_005,2025-12-18,422.1,Credit Card
TXN_004691,CUST_0249,STR_003,2025-09-13,879.76,Debit Card
TXN_004692,CUST_0355,STR_009,2025-06-01,140.0,Credit Card
TXN_004693,CUST_0475,STR_002,2025-09-17,632.48,Digital Wallet
TXN_004694,CUST_0243,STR_007,2025-03-01,945.04,Credit Card
TXN_004695,CUST_0267,STR_020,2025-03-14,1662.11,Credit Card
TXN_004696,CUST_0278,STR_011,2025-05-14,1479.41,Digital Wallet
TXN_004697,CUST_0463,STR_010,2025-07-21,643.03,Credit Card
TXN_004698,CUST_0339,STR_018,2025-08-01,3041.2,Debit Card
TXN_004699,CUST_0258,STR_010,2025-03-03,472.52,Credit Card
TXN_004700,CUST_0201,STR_014,2025-11-22,1663.89,Cash
TXN_004701,CUST_0492,STR_012,2025-12-17,1157.45,Debit Card
TXN_004702,CUST_0347,STR_009,2025-10-17,57.75,Credit Card
TXN_004703,CUST_0260,STR_007,2025-10-22,921.83,Credit Card
TXN_004704,CUST_0239,STR_020,2025-10-15,484.67,Credit Card
TXN_004705,CUST_0044,STR_002,2025-09-03,1718.88,Credit Card
TXN_004706,CUST_0245,STR_011,2025-03-22,4444.1,Credit Card
TXN_004707,CUST_0232,STR_019,2025-11-07,896.04,Cash
TXN_004708,CUST_0170,STR_003,2025-06-19,752.3,Credit Card
TXN_004709,CUST_0209,STR_009,2025-03-06,604.08,Credit Card
TXN_004710,CUST_0290,STR_010,2025-03-31,1258.04,Credit Card
TXN_004711,CUST_0283,STR_008,2025-05-16,1125.76,Credit Card
TXN_004712,CUST_0176,STR_003,2025-02-24,962.06,Debit Card
TXN_004713,CUST_0337,STR_007,2025-05-08,846.49,Credit Card
TXN_004714,CUST_0397,STR_004,2025-09-30,1118.12,Credit Card
TXN_004715,CUST_0083,STR_014,2025-05-26,1856.86,Credit Card
TXN_004716,CUST_0283,STR_015,2025-09-05,63.0,Debit Card
TXN_004717,CUST_0390,STR_004,2025-07-01,368.57,Credit Card
TXN_004718,CUST_0286,STR_008,2025-03-03,362.7,Digital Wallet
TXN_004719,CUST_0005,STR_015,2025-02-05,521.06,Credit Card
TXN_004720,CUST_0036,STR_008,2025-08-10,2429.83,Credit Card
TXN_004721,CUST_0488,STR_008,2025-01-15,210.0,Credit Card
TXN_004722,CUST_0054,STR_018,2025-05-17,727.64,Cash
TXN_004723,CUST_0088,STR_002,2025-05-02,286.73,Credit Card
TXN_004724,CUST_0313,STR_008,2025-09-20,1442.04,Credit Card
TXN_004725,CUST_0247,STR_006,2025-04-09,481.03,Credit Card
TXN_004726,CUST_0497,STR_005,2025-06-04,1931.08,Credit Card
TXN_004727,CUST_0432,STR_001,2025-10-06,753.91,Credit Card
TXN_004728,CUST_0323,STR_014,2025-06-01,308.97,Credit Card
TXN_004729,CUST_0159,STR_008,2025-08-23,643.03,Debit Card
TXN_004730,CUST_0210,STR_013,2025-07-17,613.87,Credit Card
TXN_004731,CUST_0047,STR_004,2025-09-16,613.87,Credit Card
TXN_004732,CUST_0063,STR_005,2025-04-15,206.81,Credit Card
TXN_004733,CUST_0160,STR_018,2025-01-06,354.9,Credit Card
TXN_004734,CUST_0255,STR_011,2025-09-24,2026.47,Digital Wallet
TXN_004735,CUST_0399,STR_006,2025-12-20,572.41,Digital Wallet
TXN_004736,CUST_0324,STR_010,2025-02-23,883.89,Credit Card
TXN_004737,CUST_0495,STR_005,2025-03-29,1112.38,Cash
TXN_004738,CUST_0486,STR_006,2025-11-21,552.48,Credit Card
TXN_004739,CUST_0421,STR_014,2025-10-16,643.03,Credit Card
TXN_004740,CUST_0146,STR_015,2025-03-10,206.74,Debit Card
TXN_004741,CUST_0300,STR_003,2025-11-16,996.13,Credit Card
TXN_004742,CUST_0240,STR_012,2025-01-22,103.22,Credit Card
TXN_004743,CUST_0472,STR_011,2025-08-17,1188.68,Credit Card
TXN_004744,CUST_0087,STR_020,2025-08-11,844.2,Credit Card
TXN_004745,CUST_0099,STR_017,2025-06-28,1264.96,Credit Card
TXN_004746,CUST_0014,STR_015,2025-03-06,1541.52,Credit Card
TXN_004747,CUST_0473,STR_010,2025-08-03,177.45,Debit Card
TXN_004748,CUST_0439,STR_014,2025-02-02,345.36,Digital Wallet
TXN_004749,CUST_0155,STR_009,2025-10-05,328.27,Credit Card
TXN_004750,CUST_0109,STR_007,2025-07-15,2672.22,Credit Card
TXN_004751,CUST_0333,STR_019,2025-02-26,285.0,Credit Card
TXN_004752,CUST_0454,STR_006,2025-06-30,1181.06,Credit Card
TXN_004753,CUST_0480,STR_013,2025-05-20,210.24,Credit Card
TXN_004754,CUST_0453,STR_002,2025-01-26,2156.69,Credit Card
TXN_004755,CUST_0087,STR_007,2025-04-28,632.48,Credit Card
TXN_004756,CUST_0004,STR_014,2025-03-31,3061.04,Credit Card
TXN_004757,CUST_0460,STR_018,2025-11-19,354.9,Debit Card
TXN_004758,CUST_0233,STR_013,2025-02-15,949.73,Credit Card
TXN_004759,CUST_0348,STR_015,2025-06-10,505.37,Debit Card
TXN_004760,CUST_0382,STR_020,2025-11-25,627.74,Credit Card
TXN_004761,CUST_0311,STR_014,2025-05-05,612.06,Debit Card
TXN_004762,CUST_0401,STR_018,2025-01-23,955.78,Credit Card
TXN_004763,CUST_0096,STR_007,2025-02-05,282.99,Credit Card
TXN_004764,CUST_0442,STR_003,2025-12-09,586.75,Debit Card
TXN_004765,CUST_0090,STR_011,2025-02-18,639.43,Credit Card
TXN_004766,CUST_0165,STR_008,2025-03-23,2660.54,Debit Card
TXN_004767,CUST_0048,STR_003,2025-08-23,1341.15,Credit Card
TXN_004768,CUST_0256,STR_019,2025-04-19,691.68,Cash
TXN_004769,CUST_0191,STR_013,2025-10-13,3108.84,Credit Card
TXN_004770,CUST_0259,STR_009,2025-08-22,276.94,Debit Card
TXN_004771,CUST_0175,STR_019,2025-03-05,899.94,Debit Card
TXN_004772,CUST_0308,STR_010,2025-08-30,1276.93,Credit Card
TXN_004773,CUST_0416,STR_014,2025-02-27,63.65,Cash
TXN_004774,CUST_0365,STR_014,2025-10-12,854.39,Credit Card
TXN_004775,CUST_0141,STR_020,2025-07-23,1921.02,Credit Card
TXN_004776,CUST_0241,STR_020,2025-03-22,1050.76,Debit Card
TXN_004777,CUST_0067,STR_016,2025-12-28,444.41,Debit Card
TXN_004778,CUST_0013,STR_003,2025-10-02,872.25,Credit Card
TXN_004779,CUST_0427,STR_013,2025-03-20,529.62,Digital Wallet
TXN_004780,CUST_0063,STR_019,2025-07-26,1841.61,Debit Card
TXN_004781,CUST_0316,STR_013,2025-02-28,1311.56,Digital Wallet
TXN_004782,CUST_0045,STR_012,2025-03-31,223.88,Credit Card
TXN_004783,CUST_0302,STR_012,2025-03-10,60.47,Credit Card
TXN_004784,CUST_0322,STR_016,2025-06-28,510.18,Credit Card
TXN_004785,CUST_0306,STR_005,2025-07-05,2786.24,Credit Card
TXN_004786,CUST_0152,STR_019,2025-12-24,519.15,Credit Card
TXN_004787,CUST_0343,STR_001,2025-06-18,1486.87,Digital Wallet
TXN_004788,CUST_0073,STR_019,2025-08-31,57.28,Credit Card
TXN_004789,CUST_0494,STR_005,2025-08-22,1207.46,Debit Card
TXN_004790,CUST_0072,STR_005,2025-06-09,1173.5,Credit Card
TXN_004791,CUST_0496,STR_006,2025-05-13,22.0,Debit Card
TXN_004792,CUST_0472,STR_001,2025-08-20,344.56,Debit Card
TXN_004793,CUST_0097,STR_008,2025-04-03,520.83,Credit Card
TXN_004794,CUST_0383,STR_005,2025-02-03,1140.24,Credit Card
TXN_004795,CUST_0144,STR_015,2025-07-03,209.72,Credit Card
TXN_004796,CUST_0228,STR_014,2025-09-11,712.21,Credit Card
TXN_004797,CUST_0007,STR_013,2025-05-31,1588.86,Debit Card
TXN_004798,CUST_0170,STR_007,2025-03-15,664.32,Credit Card
TXN_004799,CUST_0113,STR_001,2025-01-11,481.03,Debit Card
TXN_004800,CUST_0302,STR_013,2025-06-25,1128.41,Cash
TXN_004801,CUST_0048,STR_010,2025-02-13,786.04,Credit Card
TXN_004802,CUST_0074,STR_013,2025-12-31,2614.65,Credit Card
TXN_004803,CUST_0450,STR_017,2025-12-05,661.28,Credit Card
TXN_004804,CUST_0319,STR_018,2025-02-05,181.86,Digital Wallet
TXN_004805,CUST_0476,STR_009,2025-05-17,121.06,Credit Card
TXN_004806,CUST_0445,STR_019,2025-08-06,1076.76,Credit Card
TXN_004807,CUST_0329,STR_006,2025-09-30,2886.33,Credit Card
TXN_004808,CUST_0159,STR_015,2025-01-17,661.28,Credit Card
TXN_004809,CUST_0392,STR_009,2025-11-22,3164.83,Credit Card
TXN_004810,CUST_0483,STR_015,2025-03-09,150.0,Credit Card
TXN_004811,CUST_0163,STR_001,2025-09-08,56340.04,Credit Card
TXN_004812,CUST_0102,STR_017,2025-10-07,115.7,Credit Card
TXN_004813,CUST_0153,STR_012,2025-04-09,2949.48,Debit Card
TXN_004814,CUST_0348,STR_011,2025-09-29,121.79,Credit Card
TXN_004815,CUST_0391,STR_015,2025-06-23,706.28,Credit Card
TXN_004816,CUST_0110,STR_007,2025-03-26,179.85,Digital Wallet
TXN_004817,CUST_0055,STR_018,2025-01-01,100.99,Credit Card
TXN_004818,CUST_0133,STR_006,2025-05-16,476.58,Debit Card
TXN_004819,CUST_0192,STR_018,2025-01-10,10465.28,Digital Wallet
TXN_004820,CUST_0442,STR_009,2025-05-15,972.15,Debit Card
TXN_004821,CUST_0056,STR_002,2025-07-03,199.73,Credit Card
TXN_004822,CUST_0358,STR_006,2025-06-08,466.1,Credit Card
TXN_004823,CUST_0339,STR_005,2025-12-15,1071.48,Credit Card
TXN_004824,CUST_0321,STR_004,2025-10-07,224.7,Credit Card
TXN_004825,CUST_0168,STR_002,2025-03-10,1482.16,Digital Wallet
TXN_004826,CUST_0250,STR_018,2025-12-10,682.01,Debit Card
TXN_004827,CUST_0342,STR_001,2025-06-07,1168.12,Credit Card
TXN_004828,CUST_0267,STR_009,2025-04-06,27.29,Credit Card
TXN_004829,CUST_0449,STR_013,2025-12-09,1362.67,Digital Wallet
TXN_004830,CUST_0323,STR_006,2025-04-21,872.19,Credit Card
TXN_004831,CUST_0183,STR_004,2025-01-27,1907.18,Credit Card
TXN_004832,CUST_0164,STR_003,2025-11-13,955.08,Digital Wallet
TXN_004833,CUST_0211,STR_008,2025-01-03,604.08,Debit Card
TXN_004834,CUST_0385,STR_020,2025-08-26,436.78,Credit Card
TXN_004835,CUST_0331,STR_009,2025-10-10,1490.64,Credit Card
TXN_004836,CUST_0091,STR_017,2025-03-17,1416.74,Credit Card
TXN_004837,CUST_0063,STR_005,2025-11-11,1453.02,Debit Card
TXN_004838,CUST_0494,STR_004,2025-03-13,1398.3,Credit Card
TXN_004839,CUST_0249,STR_004,2025-09-18,524.28,Digital Wallet
TXN_004840,CUST_0279,STR_008,2025-01-01,899.94,Credit Card
TXN_004841,CUST_0272,STR_010,2025-12-08,1799.88,Credit Card
TXN_004842,CUST_0056,STR_013,2025-09-10,598.48,Debit Card
TXN_004843,CUST_0300,STR_010,2025-02-24,83.48,Digital Wallet
TXN_004844,CUST_0314,STR_012,2025-07-17,472.59,Debit Card
TXN_004845,CUST_0082,STR_013,2025-12-17,1122.93,Digital Wallet
TXN_004846,CUST_0349,STR_012,2025-09-24,2878.33,Credit Card
TXN_004847,CUST_0447,STR_001,2025-03-26,514.99,Digital Wallet
TXN_004848,CUST_0104,STR_016,2025-07-25,2608.66,Debit Card
TXN_004849,CUST_0284,STR_011,2025-11-26,276.94,Digital Wallet
TXN_004850,CUST_0436,STR_018,2025-06-03,493.6,Credit Card
TXN_004851,CUST_0478,STR_015,2025-05-23,272.39,Credit Card
TXN_004852,CUST_0432,STR_017,2025-02-13,168.58,Credit Card
TXN_004853,CUST_0016,STR_001,2025-12-19,813.74,Credit Card
TXN_004854,CUST_0143,STR_005,2025-11-05,4603.23,Credit Card
TXN_004855,CUST_0494,STR_017,2025-07-21,224.7,Debit Card
TXN_004856,CUST_0066,STR_009,2025-10-05,448.89,Debit Card
TXN_004857,CUST_0285,STR_019,2025-10-10,872.25,Credit Card
TXN_004858,CUST_0328,STR_020,2025-03-11,919.28,Credit Card
TXN_004859,CUST_0347,STR_005,2025-10-01,64.17,Credit Card
TXN_004860,CUST_0420,STR_008,2025-11-10,337.05,Debit Card
TXN_004861,CUST_0102,STR_014,2025-11-26,476.53,Debit Card
TXN_004862,CUST_0430,STR_007,2025-08-04,911.02,Debit Card
TXN_004863,CUST_0374,STR_017,2025-11-23,1387.19,Digital Wallet
TXN_004864,CUST_0291,STR_010,2025-09-17,23.16,Credit Card
TXN_004865,CUST_0329,STR_019,2025-10-10,521.06,Credit Card
TXN_004866,CUST_0300,STR_011,2025-09-12,422.19,Credit Card
TXN_004867,CUST_0331,STR_006,2025-12-20,911.57,Debit Card
TXN_004868,CUST_0077,STR_018,2025-03-29,397.15,Debit Card
TXN_004869,CUST_0290,STR_014,2025-10-05,1708.78,Credit Card
TXN_004870,CUST_0039,STR_019,2025-01-22,726.43,Credit Card
TXN_004871,CUST_0126,STR_007,2025-02-12,741.35,Credit Card
TXN_004872,CUST_0353,STR_017,2025-09-25,1598.28,Debit Card
TXN_004873,CUST_0185,STR_006,2025-04-25,2660.68,Credit Card
TXN_004874,CUST_0205,STR_004,2025-04-23,2275.1,Credit Card
TXN_004875,CUST_0269,STR_016,2025-07-22,333.13,Digital Wallet
TXN_004876,CUST_0416,STR_012,2025-05-04,3040.71,Credit Card
TXN_004877,CUST_0209,STR_017,2025-09-24,590.2,Debit Card
TXN_004878,CUST_0338,STR_017,2025-05-28,551.04,Credit Card
TXN_004879,CUST_0301,STR_011,2025-06-17,4176.59,Debit Card
TXN_004880,CUST_0083,STR_012,2025-06-29,354.9,Credit Card
TXN_004881,CUST_0326,STR_005,2025-10-05,949.75,Debit Card
TXN_004882,CUST_0044,STR_006,2025-04-25,931.24,Credit Card
TXN_004883,CUST_0092,STR_002,2025-09-09,1822.76,Credit Card
TXN_004884,CUST_0314,STR_020,2025-11-25,1344.35,Credit Card
TXN_004885,CUST_0476,STR_019,2025-05-30,820.57,Credit Card
TXN_004886,CUST_0490,STR_009,2025-06-08,518.93,Credit Card
TXN_004887,CUST_0219,STR_009,2025-06-20,1692.21,Credit Card
TXN_004888,CUST_0486,STR_002,2025-05-30,726.43,Cash
TXN_004889,CUST_0377,STR_017,2025-07-23,377.5,Debit Card
TXN_004890,CUST_0219,STR_016,2025-12-22,1912.95,Credit Card
TXN_004891,CUST_0467,STR_002,2025-03-02,987.2,Digital Wallet
TXN_004892,CUST_0342,STR_012,2025-12-28,1268.41,Credit Card
TXN_004893,CUST_0094,STR_001,2025-09-18,128.34,Debit Card
TXN_004894,CUST_0203,STR_016,2025-10-19,212.9,Credit Card
TXN_004895,CUST_0361,STR_007,2025-10-05,654.34,Credit Card
TXN_004896,CUST_0035,STR_005,2025-07-23,1684.82,Credit Card
TXN_004897,CUST_0358,STR_008,2025-06-05,1365.12,Cash
TXN_004898,CUST_0118,STR_006,2025-02-18,804.71,Debit Card
TXN_004899,CUST_0306,STR_014,2025-07-27,1383.5,Digital Wallet
TXN_004900,CUST_0342,STR_002,2025-04-10,254.6,Credit Card
TXN_004901,CUST_0286,STR_015,2025-11-20,2113.21,Credit Card
TXN_004902,CUST_0109,STR_003,2025-05-10,945.04,Cash
TXN_004903,CUST_0136,STR_020,2025-01-26,140.0,Credit Card
TXN_004904,CUST_0128,STR_016,2025-12-28,610.88,Credit Card
TXN_004905,CUST_0365,STR_014,2025-10-11,179.1,Digital Wallet
TXN_004906,CUST_0026,STR_015,2025-06-27,37837.54,Credit Card
TXN_004907,CUST_0476,STR_019,2025-11-19,573.46,Credit Card
TXN_004908,CUST_0018,STR_015,2025-10-08,246.83,Debit Card
TXN_004909,CUST_0273,STR_016,2025-09-11,560.48,Credit Card
TXN_004910,CUST_0390,STR_009,2025-11-24,177.45,Credit Card
TXN_004911,CUST_0292,STR_007,2025-12-08,8402.83,Cash
TXN_004912,CUST_0146,STR_020,2025-07-14,1136.42,Debit Card
TXN_004913,CUST_0044,STR_002,2025-01-13,3367.52,Credit Card
TXN_004914,CUST_0215,STR_013,2025-04-29,1900.91,Credit Card
TXN_004915,CUST_0475,STR_016,2025-11-20,2608.75,Credit Card
TXN_004916,CUST_0272,STR_011,2025-01-07,872.25,Digital Wallet
TXN_004917,CUST_0030,STR_007,2025-06-29,3218.8,Credit Card
TXN_004918,CUST_0110,STR_001,2025-06-04,1238.62,Credit Card
TXN_004919,CUST_0305,STR_010,2025-11-27,578.95,Credit Card
TXN_004920,CUST_0105,STR_018,2025-03-31,150.0,Credit Card
TXN_004921,CUST_0119,STR_017,2025-07-15,842.1,Credit Card
TXN_004922,CUST_0469,STR_008,2025-05-25,114.74,Credit Card
TXN_004923,CUST_0464,STR_012,2025-01-23,1054.17,Debit Card
TXN_004924,CUST_0392,STR_013,2025-05-15,210.24,Digital Wallet
TXN_004925,CUST_0138,STR_005,2025-09-17,4168.9,Credit Card
TXN_004926,CUST_0273,STR_002,2025-06-27,769.44,Credit Card
TXN_004927,CUST_0189,STR_002,2025-07-05,1100.01,Digital Wallet
TXN_004928,CUST_0435,STR_009,2025-03-02,613.87,Debit Card
TXN_004929,CUST_0496,STR_015,2025-09-09,1002.65,Credit Card
TXN_004930,CUST_0480,STR_019,2025-01-01,562.09,Debit Card
TXN_004931,CUST_0383,STR_019,2025-11-15,1059.24,Debit Card
TXN_004932,CUST_0236,STR_005,2025-09-24,747.12,Credit Card
TXN_004933,CUST_0281,STR_017,2025-06-25,759.26,Digital Wallet
TXN_004934,CUST_0153,STR_020,2025-01-12,1843.91,Debit Card
TXN_004935,CUST_0413,STR_017,2025-03-19,2569.49,Credit Card
TXN_004936,CUST_0096,STR_007,2025-11-16,1250.07,Debit Card
TXN_004937,CUST_0100,STR_003,2025-07-08,1927.69,Credit Card
TXN_004938,CUST_0214,STR_014,2025-02-13,2441.22,Debit Card
TXN_004939,CUST_0422,STR_020,2025-02-10,790.08,Credit Card
TXN_004940,CUST_0219,STR_011,2025-07-10,541.91,Credit Card
TXN_004941,CUST_0276,STR_010,2025-08-01,1642.47,Digital Wallet
TXN_004942,CUST_0036,STR_009,2025-04-12,2200.47,Cash
TXN_004943,CUST_0130,STR_016,2025-10-05,498.07,Credit Card
TXN_004944,CUST_0416,STR_004,2025-02-13,1533.67,Cash
TXN_004945,CUST_0360,STR_008,2025-12-04,112.35,Digital Wallet
TXN_004946,CUST_0072,STR_001,2025-08-31,1137.61,Credit Card
TXN_004947,CUST_0469,STR_005,2025-07-28,42090.97,Digital Wallet
TXN_004948,CUST_0088,STR_001,2025-04-15,722.53,Credit Card
TXN_004949,CUST_0104,STR_015,2025-10-18,784.02,Digital Wallet
TXN_004950,CUST_0075,STR_020,2025-10-06,412.36,Debit Card
TXN_004951,CUST_0183,STR_011,2025-11-01,1290.65,Digital Wallet
TXN_004952,CUST_0401,STR_018,2025-05-03,2488.93,Cash
TXN_004953,CUST_0225,STR_003,2025-06-16,740.09,Credit Card
TXN_004954,CUST_0002,STR_010,2025-05-24,3279.75,Credit Card
TXN_004955,CUST_0260,STR_020,2025-09-13,309.27,Credit Card
TXN_004956,CUST_0185,STR_013,2025-08-22,1677.18,Credit Card
TXN_004957,CUST_0360,STR_012,2025-10-21,1314.55,Debit Card
TXN_004958,CUST_0167,STR_001,2025-06-07,1494.2,Digital Wallet
TXN_004959,CUST_0225,STR_012,2025-12-14,322.68,Credit Card
TXN_004960,CUST_0136,STR_007,2025-08-25,1578.91,Credit Card
TXN_004961,CUST_0198,STR_006,2025-12-28,1027.1,Debit Card
TXN_004962,CUST_0279,STR_002,2025-08-18,476.25,Credit Card
TXN_004963,CUST_0369,STR_003,2025-05-22,1739.13,Debit Card
TXN_004964,CUST_0030,STR_013,2025-06-27,210.24,Debit Card
TXN_004965,CUST_0251,STR_014,2025-06-28,2578.36,Credit Card
TXN_004966,CUST_0159,STR_004,2025-07-04,943.09,Credit Card
TXN_004967,CUST_0201,STR_006,2025-06-21,928.84,Debit Card
TXN_004968,CUST_0204,STR_007,2025-01-20,1802.57,Credit Card
TXN_004969,CUST_0142,STR_005,2025-09-01,561.81,Debit Card
TXN_004970,CUST_0001,STR_012,2025-01-21,1006.41,Credit Card
TXN_004971,CUST_0353,STR_001,2025-10-04,305.77,Credit Card
TXN_004972,CUST_0435,STR_020,2025-12-30,174.53,Credit Card
TXN_004973,CUST_0393,STR_014,2025-06-25,1909.66,Debit Card
TXN_004974,CUST_0452,STR_015,2025-10-09,12495.1,Digital Wallet
TXN_004975,CUST_0431,STR_009,2025-06-07,1824.39,Credit Card
TXN_004976,CUST_0324,STR_014,2025-08-22,404.81,Debit Card
TXN_004977,CUST_0046,STR_020,2025-11-14,593.32,Digital Wallet
TXN_004978,CUST_0196,STR_010,2025-04-22,70.0,Credit Card
TXN_004979,CUST_0145,STR_003,2025-09-01,958.21,Credit Card
TXN_004980,CUST_0237,STR_020,2025-03-09,316.91,Credit Card
TXN_004981,CUST_0244,STR_017,2025-06-13,1153.21,Credit Card
TXN_004982,CUST_0129,STR_014,2025-06-18,644.38,Credit Card
TXN_004983,CUST_0178,STR_012,2025-05-01,3589.74,Credit Card
TXN_004984,CUST_0341,STR_016,2025-06-26,442.53,Credit Card
TXN_004985,CUST_0156,STR_001,2025-09-19,762.06,Credit Card
TXN_004986,CUST_0062,STR_008,2025-02-17,401.0,Debit Card
TXN_004987,CUST_0104,STR_006,2025-09-29,412.76,Credit Card
TXN_004988,CUST_0011,STR_006,2025-08-03,1100.74,Credit Card
TXN_004989,CUST_0397,STR_003,2025-03-06,1372.95,Debit Card
TXN_004990,CUST_0422,STR_005,2025-02-14,885.76,Debit Card
TXN_004991,CUST_0302,STR_003,2025-10-21,503.14,Debit Card
TXN_004992,CUST_0343,STR_008,2025-04-20,1161.52,Credit Card
TXN_004993,CUST_0127,STR_014,2025-04-12,741.41,Digital Wallet
TXN_004994,CUST_0017,STR_015,2025-03-25,1998.48,Debit Card
TXN_004995,CUST_0474,STR_017,2025-12-07,11243.75,Credit Card
TXN_004996,CUST_0333,STR_017,2025-08-16,112.35,Credit Card
TXN_004997,CUST_0470,STR_017,2025-02-26,519.58,Credit Card
TXN_004998,CUST_0326,STR_019,2025-06-19,297.46,Debit Card
TXN_004999,CUST_0308,STR_014,2025-06-26,261.58,Digital Wallet
TXN_005000,CUST_0300,STR_005,2025-08-16,2650.15,Digital Wallet
TXN_005001,CUST_0092,STR_004,2025-08-13,170.86,Credit Card
TXN_005002,CUST_0407,STR_014,2025-05-11,478.57,Debit Card
TXN_005003,CUST_0149,STR_015,2025-11-14,593.08,Credit Card
TXN_005004,CUST_0127,STR_010,2025-11-10,206.81,Digital Wallet
TXN_005005,CUST_0283,STR_016,2025-07-21,448.22,Credit Card
TXN_005006,CUST_0320,STR_004,2025-08-13,949.71,Credit Card
TXN_005007,CUST_0010,STR_003,2025-07-07,375.8,Credit Card
TXN_005008,CUST_0055,STR_011,2025-08-06,1059.24,Credit Card
TXN_005009,CUST_0244,STR_002,2025-10-05,764.47,Credit Card
TXN_005010,CUST_0361,STR_002,2025-06-01,315.09,Debit Card
TXN_005011,CUST_0117,STR_013,2025-12-24,371.26,Debit Card
TXN_005012,CUST_0361,STR_008,2025-11-01,2575.23,Credit Card
TXN_005013,CUST_0219,STR_005,2025-02-22,2209.93,Credit Card
TXN_005014,CUST_0240,STR_006,2025-08-16,547.64,Debit Card
TXN_005015,CUST_0442,STR_002,2025-06-11,1565.48,Digital Wallet
TXN_005016,CUST_0041,STR_012,2025-06-08,397.22,Debit Card
TXN_005017,CUST_0489,STR_001,2025-09-18,2091.28,Credit Card
TXN_005018,CUST_0416,STR_008,2025-03-01,2716.42,Credit Card
TXN_005019,CUST_0054,STR_018,2025-09-06,713.68,Digital Wallet
TXN_005020,CUST_0310,STR_005,2025-02-10,519.05,Credit Card
TXN_005021,CUST_0066,STR_015,2025-03-03,1343.21,Debit Card
TXN_005022,CUST_0049,STR_016,2025-06-14,1896.76,Debit Card
TXN_005023,CUST_0140,STR_008,2025-04-22,75.81,Credit Card
TXN_005024,CUST_0330,STR_017,2025-12-11,1840.54,Digital Wallet
TXN_005025,CUST_0124,STR_016,2025-08-05,1685.08,Cash
TXN_005026,CUST_0310,STR_001,2025-10-07,1054.66,Credit Card
TXN_005027,CUST_0423,STR_006,2025-03-16,38411.37,Credit Card
TXN_005028,CUST_0452,STR_013,2025-08-22,1607.82,Digital Wallet
TXN_005029,CUST_0373,STR_011,2025-01-31,1043.68,Credit Card
TXN_005030,CUST_0048,STR_013,2025-04-20,112.35,Credit Card
TXN_005031,CUST_0473,STR_004,2025-08-11,798.17,Credit Card
TXN_005032,CUST_0404,STR_010,2025-12-15,1578.08,Digital Wallet
TXN_005033,CUST_0157,STR_001,2025-03-14,776.86,Digital Wallet
TXN_005034,CUST_0198,STR_017,2025-08-27,691.68,Debit Card
TXN_005035,CUST_0079,STR_007,2025-12-03,152.87,Digital Wallet
TXN_005036,CUST_0018,STR_019,2025-12-29,1310.26,Credit Card
TXN_005037,CUST_0101,STR_013,2025-12-07,2840.74,Credit Card
TXN_005038,CUST_0243,STR_004,2025-04-06,302.98,Debit Card
TXN_005039,CUST_0068,STR_020,2025-05-14,1882.77,Credit Card
TXN_005040,CUST_0008,STR_005,2025-10-11,2394.36,Digital Wallet
TXN_005041,CUST_0260,STR_018,2025-03-10,459.36,Credit Card
TXN_005042,CUST_0325,STR_010,2025-10-28,565.98,Digital Wallet
TXN_005043,CUST_0216,STR_006,2025-06-26,475.2,Credit Card
TXN_005044,CUST_0175,STR_018,2025-07-07,254.69,Credit Card
TXN_005045,CUST_0330,STR_011,2025-08-12,212.62,Credit Card
TXN_005046,CUST_0343,STR_020,2025-06-04,1396.49,Credit Card
TXN_005047,CUST_0386,STR_018,2025-10-09,420.4,Cash
TXN_005048,CUST_0444,STR_015,2025-04-04,700.62,Digital Wallet
TXN_005049,CUST_0075,STR_019,2025-09-17,773.05,Debit Card
TXN_005050,CUST_0050,STR_012,2025-05-01,1290.82,Debit Card
TXN_005051,CUST_0305,STR_005,2025-06-10,1059.24,Credit Card
TXN_005052,CUST_0275,STR_018,2025-10-16,3222.9,Credit Card
TXN_005053,CUST_0455,STR_011,2025-02-18,259.05,Credit Card
TXN_005054,CUST_0019,STR_003,2025-11-07,1939.37,Debit Card
TXN_005055,CUST_0423,STR_004,2025-08-05,472.52,Credit Card
TXN_005056,CUST_0303,STR_011,2025-08-12,1056.73,Credit Card
TXN_005057,CUST_0279,STR_007,2025-01-01,774.82,Debit Card
TXN_005058,CUST_0297,STR_017,2025-10-04,1380.22,Credit Card
TXN_005059,CUST_0392,STR_008,2025-12-21,578.95,Credit Card
TXN_005060,CUST_0237,STR_006,2025-01-01,1003.12,Digital Wallet
TXN_005061,CUST_0197,STR_004,2025-09-02,938.12,Debit Card
TXN_005062,CUST_0011,STR_006,2025-11-15,430.85,Credit Card
TXN_005063,CUST_0307,STR_020,2025-12-09,524.41,Credit Card
TXN_005064,CUST_0373,STR_012,2025-07-24,854.39,Debit Card
TXN_005065,CUST_0001,STR_019,2025-11-12,551.82,Credit Card
TXN_005066,CUST_0356,STR_017,2025-08-07,206.74,Credit Card
TXN_005067,CUST_0373,STR_020,2025-09-28,286.73,Credit Card
TXN_005068,CUST_0250,STR_013,2025-11-17,420.48,Credit Card
TXN_005069,CUST_0057,STR_011,2025-09-23,281.62,Cash
TXN_005070,CUST_0152,STR_020,2025-09-04,391.74,Credit Card
TXN_005071,CUST_0022,STR_020,2025-07-25,497.85,Credit Card
TXN_005072,CUST_0256,STR_018,2025-03-05,1944.44,Debit Card
TXN_005073,CUST_0194,STR_011,2025-08-17,1059.06,Credit Card
TXN_005074,CUST_0014,STR_012,2025-02-23,1260.29,Credit Card
TXN_005075,CUST_0140,STR_019,2025-12-10,169.64,Credit Card
TXN_005076,CUST_0272,STR_002,2025-09-20,281.62,Debit Card
TXN_005077,CUST_0470,STR_008,2025-05-06,212.09,Debit Card
TXN_005078,CUST_0097,STR_016,2025-05-08,545.58,Debit Card
TXN_005079,CUST_0065,STR_012,2025-07-05,1438.52,Credit Card
TXN_005080,CUST_0262,STR_012,2025-10-02,786.07,Debit Card
TXN_005081,CUST_0384,STR_006,2025-05-25,701.11,Credit Card
TXN_005082,CUST_0352,STR_008,2025-11-17,1232.14,Debit Card
TXN_005083,CUST_0079,STR_017,2025-02-10,580.98,Credit Card
TXN_005084,CUST_0316,STR_017,2025-11-14,205.33,Credit Card
TXN_005085,CUST_0083,STR_015,2025-06-10,1563.17,Credit Card
TXN_005086,CUST_0334,STR_017,2025-06-10,661.28,Debit Card
TXN_005087,CUST_0240,STR_006,2025-06-01,1757.08,Credit Card
TXN_005088,CUST_0492,STR_015,2025-06-01,783.84,Digital Wallet
TXN_005089,CUST_0310,STR_010,2025-09-21,1483.3,Credit Card
TXN_005090,CUST_0007,STR_012,2025-06-28,2368.13,Debit Card
TXN_005091,CUST_0011,STR_006,2025-09-10,313.17,Credit Card
TXN_005092,CUST_0302,STR_015,2025-06-09,150.0,Cash
TXN_005093,CUST_0093,STR_010,2025-04-12,4342.47,Credit Card
TXN_005094,CUST_0040,STR_002,2025-01-11,519.58,Debit Card
TXN_005095,CUST_0018,STR_020,2025-08-19,1002.82,Digital Wallet
TXN_005096,CUST_0036,STR_005,2025-07-14,561.81,Credit Card
TXN_005097,CUST_0198,STR_016,2025-10-16,859.44,Credit Card
TXN_005098,CUST_0272,STR_018,2025-11-05,1233.07,Credit Card
TXN_005099,CUST_0122,STR_007,2025-03-22,2243.05,Debit Card
TXN_005100,CUST_0326,STR_002,2025-07-05,205.33,Credit Card
TXN_005101,CUST_0313,STR_017,2025-02-13,954.44,Digital Wallet
TXN_005102,CUST_0062,STR_006,2025-05-03,66.5,Cash
TXN_005103,CUST_0259,STR_001,2025-09-05,209.72,Credit Card
TXN_005104,CUST_0294,STR_020,2025-03-05,1081.16,Credit Card
TXN_005105,CUST_0073,STR_016,2025-06-06,1057.57,Credit Card
TXN_005106,CUST_0443,STR_006,2025-06-16,1165.29,Debit Card
TXN_005107,CUST_0208,STR_001,2025-08-04,510.18,Credit Card
TXN_005108,CUST_0067,STR_005,2025-10-31,3082.7,Credit Card
TXN_005109,CUST_0125,STR_013,2025-03-16,9411.22,Credit Card
TXN_005110,CUST_0161,STR_014,2025-05-27,1417.97,Credit Card
TXN_005111,CUST_0357,STR_016,2025-07-07,1453.32,Digital Wallet
TXN_005112,CUST_0035,STR_013,2025-05-26,2687.26,Debit Card
TXN_005113,CUST_0259,STR_020,2025-08-29,693.54,Credit Card
TXN_005114,CUST_0409,STR_014,2025-10-30,2173.79,Cash
TXN_005115,CUST_0223,STR_016,2025-07-27,1315.07,Debit Card
TXN_005116,CUST_0499,STR_007,2025-04-16,276.94,Credit Card
TXN_005117,CUST_0173,STR_013,2025-05-11,221.44,Cash
TXN_005118,CUST_0404,STR_005,2025-12-15,1790.28,Debit Card
TXN_005119,CUST_0056,STR_004,2025-09-25,290.7,Debit Card
TXN_005120,CUST_0423,STR_015,2025-01-23,572.27,Credit Card
TXN_005121,CUST_0219,STR_013,2025-07-27,1162.91,Credit Card
TXN_005122,CUST_0096,STR_016,2025-03-08,706.28,Credit Card
TXN_005123,CUST_0231,STR_014,2025-02-13,3711.62,Credit Card
TXN_005124,CUST_0332,STR_018,2025-05-28,306.03,Credit Card
TXN_005125,CUST_0067,STR_013,2025-10-14,282.99,Digital Wallet
TXN_005126,CUST_0373,STR_019,2025-11-05,355.38,Debit Card
TXN_005127,CUST_0093,STR_012,2025-06-18,179.85,Credit Card
TXN_005128,CUST_0104,STR_009,2025-01-12,201.7,Credit Card
TXN_005129,CUST_0347,STR_020,2025-02-04,42517.85,Cash
TXN_005130,CUST_0405,STR_017,2025-05-03,865.08,Debit Card
TXN_005131,CUST_0188,STR_007,2025-10-02,2516.44,Credit Card
TXN_005132,CUST_0317,STR_014,2025-05-29,3428.7,Credit Card
TXN_005133,CUST_0031,STR_010,2025-10-22,684.54,Credit Card
TXN_005134,CUST_0174,STR_006,2025-06-17,529.62,Credit Card
TXN_005135,CUST_0302,STR_019,2025-03-28,28.73,Credit Card
TXN_005136,CUST_0083,STR_014,2025-10-04,899.94,Credit Card
TXN_005137,CUST_0200,STR_006,2025-05-01,99.17,Debit Card
TXN_005138,CUST_0130,STR_008,2025-06-16,2769.4,Credit Card
TXN_005139,CUST_0041,STR_012,2025-11-11,1609.52,Debit Card
TXN_005140,CUST_0423,STR_007,2025-08-12,100.99,Debit Card
TXN_005141,CUST_0442,STR_015,2025-01-09,548.84,Debit Card
TXN_005142,CUST_0059,STR_004,2025-04-06,422.1,Credit Card
TXN_005143,CUST_0192,STR_011,2025-11-13,1230.53,Debit Card
TXN_005144,CUST_0100,STR_011,2025-01-11,142.5,Digital Wallet
TXN_005145,CUST_0210,STR_014,2025-04-21,5424.39,Digital Wallet
TXN_005146,CUST_0296,STR_015,2025-09-03,621.62,Digital Wallet
TXN_005147,CUST_0206,STR_002,2025-04-26,1894.73,Credit Card
TXN_005148,CUST_0339,STR_018,2025-08-13,918.99,Credit Card
TXN_005149,CUST_0257,STR_008,2025-06-14,5487.47,Credit Card
TXN_005150,CUST_0409,STR_020,2025-04-26,556.19,Digital Wallet
TXN_005151,CUST_0207,STR_005,2025-04-09,1417.56,Digital Wallet
TXN_005152,CUST_0158,STR_013,2025-09-11,2367.72,Digital Wallet
TXN_005153,CUST_0025,STR_009,2025-09-06,672.33,Credit Card
TXN_005154,CUST_0432,STR_002,2025-10-19,1789.09,Digital Wallet
TXN_005155,CUST_0322,STR_006,2025-05-18,4100.97,Digital Wallet
TXN_005156,CUST_0135,STR_003,2025-05-23,686.38,Digital Wallet
TXN_005157,CUST_0466,STR_018,2025-08-10,274.25,Cash
TXN_005158,CUST_0027,STR_007,2025-10-06,1126.08,Credit Card
TXN_005159,CUST_0302,STR_001,2025-10-15,179.85,Cash
TXN_005160,CUST_0061,STR_001,2025-01-31,205.33,Digital Wallet
TXN_005161,CUST_0176,STR_002,2025-10-20,1112.61,Debit Card
TXN_005162,CUST_0044,STR_005,2025-10-18,990.04,Credit Card
TXN_005163,CUST_0109,STR_014,2025-06-29,445.64,Digital Wallet
TXN_005164,CUST_0052,STR_019,2025-09-30,1190.05,Credit Card
TXN_005165,CUST_0487,STR_009,2025-05-08,572.45,Debit Card
TXN_005166,CUST_0325,STR_019,2025-01-08,524.28,Credit Card
TXN_005167,CUST_0242,STR_001,2025-05-25,1872.9,Credit Card
TXN_005168,CUST_0155,STR_004,2025-04-13,1739.76,Credit Card
TXN_005169,CUST_0120,STR_017,2025-02-17,1634.09,Debit Card
TXN_005170,CUST_0240,STR_003,2025-11-24,863.61,Cash
TXN_005171,CUST_0491,STR_015,2025-09-03,538.11,Cash
TXN_005172,CUST_0457,STR_011,2025-05-21,260.13,Debit Card
TXN_005173,CUST_0232,STR_012,2025-10-22,613.87,Debit Card
TXN_005174,CUST_0416,STR_012,2025-11-23,1588.7,Credit Card
TXN_005175,CUST_0484,STR_010,2025-08-17,565.35,Digital Wallet
TXN_005176,CUST_0045,STR_008,2025-08-09,37594.41,Credit Card
TXN_005177,CUST_0395,STR_002,2025-01-05,1566.14,Debit Card
TXN_005178,CUST_0216,STR_013,2025-10-29,1174.54,Credit Card
TXN_005179,CUST_0189,STR_007,2025-08-09,666.15,Credit Card
TXN_005180,CUST_0159,STR_009,2025-12-05,548.5,Credit Card
TXN_005181,CUST_0150,STR_004,2025-01-28,495.02,Credit Card
TXN_005182,CUST_0018,STR_006,2025-11-04,375.77,Credit Card
TXN_005183,CUST_0099,STR_006,2025-08-06,414.05,Debit Card
TXN_005184,CUST_0488,STR_009,2025-04-09,1355.62,Credit Card
TXN_005185,CUST_0391,STR_013,2025-02-06,1308.68,Cash
TXN_005186,CUST_0047,STR_015,2025-05-03,596.76,Credit Card
TXN_005187,CUST_0137,STR_008,2025-07-15,27.29,Credit Card
TXN_005188,CUST_0161,STR_012,2025-11-10,1221.76,Cash
TXN_005189,CUST_0151,STR_010,2025-05-17,551.82,Credit Card
TXN_005190,CUST_0149,STR_010,2025-02-04,529.62,Debit Card
TXN_005191,CUST_0353,STR_010,2025-12-06,254.69,Credit Card
TXN_005192,CUST_0249,STR_016,2025-03-28,2900.38,Credit Card
TXN_005193,CUST_0306,STR_014,2025-11-29,391.74,Debit Card
TXN_005194,CUST_0327,STR_003,2025-07-04,355.38,Cash
TXN_005195,CUST_0184,STR_020,2025-11-11,1963.02,Credit Card
TXN_005196,CUST_0305,STR_006,2025-06-06,2314.39,Credit Card
TXN_005197,CUST_0472,STR_019,2025-05-18,726.43,Debit Card
TXN_005198,CUST_0362,STR_014,2025-12-22,31076.32,Credit Card
TXN_005199,CUST_0423,STR_018,2025-04-12,599.95,Debit Card
TXN_005200,CUST_0188,STR_002,2025-06-17,306.03,Credit Card
TXN_005201,CUST_0149,STR_007,2025-05-08,363.72,Credit Card
TXN_005202,CUST_0461,STR_015,2025-08-01,101.11,Debit Card
TXN_005203,CUST_0040,STR_011,2025-03-07,261.58,Debit Card
TXN_005204,CUST_0054,STR_017,2025-09-08,2401.2,Digital Wallet
TXN_005205,CUST_0314,STR_007,2025-12-12,104.39,Credit Card
TXN_005206,CUST_0004,STR_008,2025-06-17,1839.01,Credit Card
TXN_005207,CUST_0305,STR_002,2025-12-30,442.53,Credit Card
TXN_005208,CUST_0170,STR_009,2025-01-18,1446.86,Credit Card
TXN_005209,CUST_0304,STR_020,2025-01-14,2848.31,Digital Wallet
TXN_005210,CUST_0464,STR_007,2025-02-06,2995.39,Credit Card
TXN_005211,CUST_0382,STR_019,2025-12-21,69.48,Digital Wallet
TXN_005212,CUST_0468,STR_007,2025-11-08,650.31,Credit Card
TXN_005213,CUST_0072,STR_008,2025-12-27,260.54,Debit Card
TXN_005214,CUST_0292,STR_005,2025-09-02,206.74,Credit Card
TXN_005215,CUST_0065,STR_001,2025-11-18,3216.93,Cash
TXN_005216,CUST_0179,STR_005,2025-07-09,698.82,Credit Card
TXN_005217,CUST_0276,STR_018,2025-07-05,987.2,Credit Card
TXN_005218,CUST_0172,STR_009,2025-11-16,150.83,Debit Card
TXN_005219,CUST_0340,STR_007,2025-08-17,452.6,Credit Card
TXN_005220,CUST_0154,STR_013,2025-10-08,821.58,Debit Card
TXN_005221,CUST_0102,STR_002,2025-08-25,576.46,Debit Card
TXN_005222,CUST_0152,STR_003,2025-04-23,2669.94,Credit Card
TXN_005223,CUST_0118,STR_005,2025-11-11,1739.45,Credit Card
TXN_005224,CUST_0143,STR_010,2025-07-08,372.32,Credit Card
TXN_005225,CUST_0189,STR_007,2025-04-11,371.59,Credit Card
TXN_005226,CUST_0038,STR_020,2025-05-07,1281.8,Debit Card
TXN_005227,CUST_0327,STR_003,2025-12-05,3141.7,Credit Card
TXN_005228,CUST_0318,STR_012,2025-08-28,1806.88,Credit Card
TXN_005229,CUST_0237,STR_003,2025-10-18,169.64,Credit Card
TXN_005230,CUST_0008,STR_011,2025-05-30,652.16,Digital Wallet
TXN_005231,CUST_0116,STR_010,2025-10-21,443.03,Credit Card
TXN_005232,CUST_0277,STR_013,2025-05-18,780.36,Credit Card
TXN_005233,CUST_0177,STR_011,2025-07-27,1936.87,Credit Card
TXN_005234,CUST_0377,STR_018,2025-12-28,1256.43,Debit Card
TXN_005235,CUST_0061,STR_001,2025-07-21,1694.67,Digital Wallet
TXN_005236,CUST_0156,STR_011,2025-05-19,186.07,Credit Card
TXN_005237,CUST_0403,STR_006,2025-11-30,470.27,Credit Card
TXN_005238,CUST_0324,STR_001,2025-11-02,1397.5,Digital Wallet
TXN_005239,CUST_0390,STR_004,2025-02-09,2741.27,Credit Card
TXN_005240,CUST_0120,STR_015,2025-01-01,1271.71,Cash
TXN_005241,CUST_0165,STR_012,2025-10-01,1385.41,Digital Wallet
TXN_005242,CUST_0053,STR_016,2025-03-16,1414.0,Debit Card
TXN_005243,CUST_0493,STR_014,2025-01-10,1874.38,Cash
TXN_005244,CUST_0045,STR_015,2025-09-18,2201.56,Credit Card
TXN_005245,CUST_0411,STR_014,2025-01-19,2780.27,Debit Card
TXN_005246,CUST_0247,STR_020,2025-04-10,719.1,Debit Card
TXN_005247,CUST_0472,STR_004,2025-03-07,775.98,Digital Wallet
TXN_005248,CUST_0398,STR_008,2025-05-20,691.14,Credit Card
TXN_005249,CUST_0189,STR_020,2025-12-20,655.78,Debit Card
TXN_005250,CUST_0305,STR_006,2025-12-12,519.58,Credit Card
TXN_005251,CUST_0383,STR_007,2025-11-18,2137.66,Credit Card
TXN_005252,CUST_0469,STR_007,2025-04-18,1070.16,Credit Card
TXN_005253,CUST_0063,STR_020,2025-08-27,178.57,Digital Wallet
TXN_005254,CUST_0402,STR_016,2025-09-03,1227.74,Debit Card
TXN_005255,CUST_0022,STR_016,2025-07-03,1618.62,Digital Wallet
TXN_005256,CUST_0411,STR_012,2025-01-02,1562.49,Debit Card
TXN_005257,CUST_0056,STR_001,2025-02-28,726.43,Credit Card
TXN_005258,CUST_0258,STR_019,2025-10-31,982.64,Debit Card
TXN_005259,CUST_0365,STR_018,2025-10-17,467.62,Credit Card
TXN_005260,CUST_0305,STR_003,2025-04-19,1386.78,Credit Card
TXN_005261,CUST_0169,STR_014,2025-02-18,982.5,Cash
TXN_005262,CUST_0057,STR_004,2025-09-16,1053.2,Cash
TXN_005263,CUST_0188,STR_002,2025-12-27,1234.92,Debit Card
TXN_005264,CUST_0257,STR_020,2025-06-25,1424.53,Credit Card
TXN_005265,CUST_0314,STR_012,2025-03-25,1725.01,Debit Card
TXN_005266,CUST_0162,STR_019,2025-11-10,2097.05,Debit Card
TXN_005267,CUST_0206,STR_011,2025-07-06,248.5,Credit Card
TXN_005268,CUST_0313,STR_002,2025-07-28,620.57,Credit Card
TXN_005269,CUST_0203,STR_012,2025-08-03,60.1,Cash
TXN_005270,CUST_0093,STR_020,2025-11-08,1357.44,Digital Wallet
TXN_005271,CUST_0261,STR_019,2025-02-08,1207.12,Credit Card
TXN_005272,CUST_0269,STR_020,2025-10-17,2738.16,Credit Card
TXN_005273,CUST_0138,STR_007,2025-09-27,87.74,Digital Wallet
TXN_005274,CUST_0246,STR_013,2025-12-04,471.64,Credit Card
TXN_005275,CUST_0135,STR_005,2025-02-13,98.21,Credit Card
TXN_005276,CUST_0008,STR_016,2025-05-08,940.54,Credit Card
TXN_005277,CUST_0103,STR_009,2025-08-11,778.62,Debit Card
TXN_005278,CUST_0302,STR_008,2025-04-23,2439.27,Credit Card
TXN_005279,CUST_0030,STR_007,2025-12-02,940.7,Debit Card
TXN_005280,CUST_0275,STR_007,2025-12-27,879.74,Debit Card
TXN_005281,CUST_0177,STR_006,2025-10-08,2037.38,Credit Card
TXN_005282,CUST_0142,STR_005,2025-09-21,852.95,Digital Wallet
TXN_005283,CUST_0078,STR_019,2025-01-26,520.83,Digital Wallet
TXN_005284,CUST_0037,STR_011,2025-10-24,800.5,Debit Card
TXN_005285,CUST_0212,STR_004,2025-03-09,1946.36,Digital Wallet
TXN_005286,CUST_0124,STR_016,2025-07-12,23.16,Credit Card
TXN_005287,CUST_0130,STR_008,2025-09-05,432.35,Credit Card
TXN_005288,CUST_0016,STR_013,2025-09-27,968.29,Digital Wallet
TXN_005289,CUST_0012,STR_006,2025-12-24,513.47,Credit Card
TXN_005290,CUST_0355,STR_007,2025-06-25,13904.89,Debit Card
TXN_005291,CUST_0425,STR_014,2025-08-16,221.44,Debit Card
TXN_005292,CUST_0339,STR_010,2025-09-30,169.64,Digital Wallet
TXN_005293,CUST_0186,STR_014,2025-03-21,783.84,Debit Card
TXN_005294,CUST_0252,STR_020,2025-10-28,597.7,Credit Card
TXN_005295,CUST_0319,STR_017,2025-01-18,1056.07,Debit Card
TXN_005296,CUST_0086,STR_007,2025-11-12,706.28,Credit Card
TXN_005297,CUST_0153,STR_016,2025-01-11,3149.81,Debit Card
TXN_005298,CUST_0265,STR_004,2025-04-08,551.04,Credit Card
TXN_005299,CUST_0060,STR_012,2025-07-16,1250.2,Credit Card
TXN_005300,CUST_0165,STR_004,2025-11-19,923.61,Credit Card
TXN_005301,CUST_0116,STR_018,2025-06-02,100.99,Credit Card
TXN_005302,CUST_0135,STR_001,2025-09-02,3199.81,Cash
TXN_005303,CUST_0109,STR_010,2025-09-24,63.26,Credit Card
TXN_005304,CUST_0027,STR_008,2025-05-03,576.46,Credit Card
TXN_005305,CUST_0473,STR_019,2025-04-30,269.77,Digital Wallet
TXN_005306,CUST_0156,STR_011,2025-04-13,233.11,Credit Card
TXN_005307,CUST_0318,STR_009,2025-08-20,2383.46,Debit Card
TXN_005308,CUST_0091,STR_012,2025-10-22,851.16,Digital Wallet
TXN_005309,CUST_0468,STR_008,2025-08-28,445.52,Credit Card
TXN_005310,CUST_0500,STR_013,2025-01-29,754.47,Debit Card
TXN_005311,CUST_0188,STR_005,2025-10-23,59.5,Credit Card
TXN_005312,CUST_0121,STR_011,2025-01-11,196.4,Digital Wallet
TXN_005313,CUST_0219,STR_005,2025-11-30,1126.48,Debit Card
TXN_005314,CUST_0436,STR_020,2025-01-05,2563.12,Credit Card
TXN_005315,CUST_0326,STR_013,2025-05-12,1319.78,Credit Card
TXN_005316,CUST_0041,STR_003,2025-03-02,1360.26,Debit Card
TXN_005317,CUST_0286,STR_017,2025-10-29,92.9,Credit Card
TXN_005318,CUST_0118,STR_011,2025-07-09,1162.01,Debit Card
TXN_005319,CUST_0239,STR_017,2025-08-15,706.28,Debit Card
TXN_005320,CUST_0373,STR_016,2025-01-15,561.81,Credit Card
TXN_005321,CUST_0191,STR_001,2025-05-25,150.0,Credit Card
TXN_005322,CUST_0314,STR_002,2025-10-18,554.89,Credit Card
TXN_005323,CUST_0063,STR_007,2025-09-11,1537.9,Credit Card
TXN_005324,CUST_0117,STR_002,2025-09-24,1701.07,Credit Card
TXN_005325,CUST_0412,STR_002,2025-06-19,355.38,Debit Card
TXN_005326,CUST_0404,STR_004,2025-03-08,401.0,Credit Card
TXN_005327,CUST_0212,STR_011,2025-05-15,277.44,Debit Card
TXN_005328,CUST_0059,STR_004,2025-03-15,2256.04,Credit Card
TXN_005329,CUST_0383,STR_002,2025-11-01,4194.15,Debit Card
TXN_005330,CUST_0442,STR_002,2025-08-24,670.97,Debit Card
TXN_005331,CUST_0231,STR_004,2025-07-17,515.6,Credit Card
TXN_005332,CUST_0336,STR_005,2025-07-30,1018.77,Debit Card
TXN_005333,CUST_0015,STR_020,2025-05-22,494.79,Credit Card
TXN_005334,CUST_0413,STR_017,2025-07-21,237.55,Debit Card
TXN_005335,CUST_0219,STR_002,2025-05-08,1419.91,Credit Card
TXN_005336,CUST_0352,STR_020,2025-07-17,1215.28,Credit Card
TXN_005337,CUST_0225,STR_003,2025-11-10,2197.1,Credit Card
TXN_005338,CUST_0460,STR_014,2025-11-18,898.47,Debit Card
TXN_005339,CUST_0389,STR_017,2025-02-13,721.91,Credit Card
TXN_005340,CUST_0095,STR_017,2025-05-19,257.75,Digital Wallet
TXN_005341,CUST_0339,STR_014,2025-01-27,51836.54,Debit Card
TXN_005342,CUST_0184,STR_020,2025-02-06,486.11,Credit Card
TXN_005343,CUST_0356,STR_015,2025-12-02,764.69,Credit Card
TXN_005344,CUST_0107,STR_014,2025-07-16,98.21,Digital Wallet
TXN_005345,CUST_0290,STR_013,2025-05-20,1183.87,Credit Card
TXN_005346,CUST_0309,STR_008,2025-08-16,212.62,Credit Card
TXN_005347,CUST_0151,STR_006,2025-02-17,3265.93,Credit Card
TXN_005348,CUST_0066,STR_017,2025-12-23,1086.97,Digital Wallet
TXN_005349,CUST_0086,STR_015,2025-11-12,486.11,Debit Card
TXN_005350,CUST_0218,STR_001,2025-03-15,584.34,Debit Card
TXN_005351,CUST_0050,STR_004,2025-07-24,2558.91,Credit Card
TXN_005352,CUST_0387,STR_013,2025-10-20,510.18,Digital Wallet
TXN_005353,CUST_0389,STR_017,2025-07-21,636.5,Credit Card
TXN_005354,CUST_0218,STR_004,2025-05-06,425.4,Debit Card
TXN_005355,CUST_0464,STR_011,2025-04-12,551.04,Debit Card
TXN_005356,CUST_0126,STR_010,2025-05-21,1379.95,Credit Card
TXN_005357,CUST_0087,STR_006,2025-01-07,1475.06,Debit Card
TXN_005358,CUST_0140,STR_009,2025-10-12,2045.09,Credit Card
TXN_005359,CUST_0182,STR_017,2025-06-30,28.73,Credit Card
TXN_005360,CUST_0250,STR_017,2025-02-18,488.36,Credit Card
TXN_005361,CUST_0473,STR_013,2025-06-05,221.44,Credit Card
TXN_005362,CUST_0145,STR_016,2025-09-10,653.09,Credit Card
TXN_005363,CUST_0113,STR_018,2025-05-25,98.21,Credit Card
TXN_005364,CUST_0078,STR_016,2025-03-09,599.16,Debit Card
TXN_005365,CUST_0047,STR_018,2025-12-16,1264.96,Credit Card
TXN_005366,CUST_0248,STR_007,2025-12-23,248.5,Debit Card
TXN_005367,CUST_0453,STR_004,2025-08-15,1424.34,Credit Card
TXN_005368,CUST_0003,STR_001,2025-01-05,2264.05,Credit Card
TXN_005369,CUST_0207,STR_006,2025-11-11,1254.93,Credit Card
TXN_005370,CUST_0155,STR_013,2025-12-13,614.15,Cash
TXN_005371,CUST_0167,STR_018,2025-12-11,764.31,Credit Card
TXN_005372,CUST_0352,STR_010,2025-03-23,1734.08,Credit Card
TXN_005373,CUST_0308,STR_019,2025-12-01,578.95,Credit Card
TXN_005374,CUST_0274,STR_012,2025-03-05,235.66,Credit Card
TXN_005375,CUST_0307,STR_013,2025-10-26,5746.27,Credit Card
TXN_005376,CUST_0309,STR_017,2025-05-10,519.58,Debit Card
TXN_005377,CUST_0203,STR_008,2025-09-25,212.9,Credit Card
TXN_005378,CUST_0212,STR_017,2025-01-24,3823.0,Credit Card
TXN_005379,CUST_0018,STR_002,2025-07-22,420.4,Debit Card
TXN_005380,CUST_0272,STR_012,2025-12-21,1911.1,Credit Card
TXN_005381,CUST_0361,STR_016,2025-12-05,181.86,Credit Card
TXN_005382,CUST_0468,STR_018,2025-01-02,1369.08,Credit Card
TXN_005383,CUST_0467,STR_019,2025-11-15,802.62,Digital Wallet
TXN_005384,CUST_0096,STR_018,2025-07-28,2713.04,Debit Card
TXN_005385,CUST_0151,STR_010,2025-12-21,1968.89,Credit Card
TXN_005386,CUST_0132,STR_003,2025-02-24,2172.72,Debit Card
TXN_005387,CUST_0159,STR_017,2025-05-19,635.65,Digital Wallet
TXN_005388,CUST_0146,STR_003,2025-10-11,1414.75,Credit Card
TXN_005389,CUST_0293,STR_017,2025-02-09,4281.75,Credit Card
TXN_005390,CUST_0500,STR_008,2025-03-28,206.81,Debit Card
TXN_005391,CUST_0402,STR_012,2025-07-12,945.04,Digital Wallet
TXN_005392,CUST_0014,STR_007,2025-12-16,1871.39,Credit Card
TXN_005393,CUST_0111,STR_011,2025-12-30,768.95,Credit Card
TXN_005394,CUST_0139,STR_010,2025-11-07,470.35,Credit Card
TXN_005395,CUST_0445,STR_007,2025-05-14,306.03,Credit Card
TXN_005396,CUST_0320,STR_006,2025-09-22,498.94,Digital Wallet
TXN_005397,CUST_0164,STR_020,2025-07-21,323.73,Credit Card
TXN_005398,CUST_0481,STR_005,2025-04-02,2996.19,Credit Card
TXN_005399,CUST_0366,STR_014,2025-12-08,140.0,Credit Card
TXN_005400,CUST_0112,STR_008,2025-10-02,524.05,Credit Card
TXN_005401,CUST_0326,STR_020,2025-06-13,476.25,Credit Card
TXN_005402,CUST_0440,STR_018,2025-05-16,520.83,Debit Card
TXN_005403,CUST_0398,STR_001,2025-05-03,1059.34,Credit Card
TXN_005404,CUST_0084,STR_016,2025-06-01,746.35,Digital Wallet
TXN_005405,CUST_0273,STR_018,2025-10-27,653.79,Credit Card
TXN_005406,CUST_0179,STR_005,2025-03-01,558.44,Debit Card
TXN_005407,CUST_0270,STR_005,2025-11-22,1589.26,Credit Card
TXN_005408,CUST_0054,STR_001,2025-10-20,5897.15,Credit Card
TXN_005409,CUST_0319,STR_005,2025-11-21,104.39,Credit Card
TXN_005410,CUST_0420,STR_002,2025-11-18,375.77,Credit Card
TXN_005411,CUST_0423,STR_018,2025-03-30,823.97,Cash
TXN_005412,CUST_0259,STR_007,2025-10-10,655.78,Digital Wallet
TXN_005413,CUST_0191,STR_014,2025-03-16,445.52,Credit Card
TXN_005414,CUST_0100,STR_015,2025-05-24,8157.07,Debit Card
TXN_005415,CUST_0424,STR_005,2025-09-25,626.24,Cash
TXN_005416,CUST_0102,STR_012,2025-04-17,1533.77,Credit Card
TXN_005417,CUST_0143,STR_014,2025-08-29,432.93,Credit Card
TXN_005418,CUST_0053,STR_015,2025-12-25,471.85,Cash
TXN_005419,CUST_0396,STR_002,2025-04-22,189.0,Debit Card
TXN_005420,CUST_0454,STR_016,2025-02-02,590.2,Credit Card
TXN_005421,CUST_0452,STR_003,2025-11-03,432.79,Credit Card
TXN_005422,CUST_0277,STR_014,2025-10-02,1449.94,Digital Wallet
TXN_005423,CUST_0384,STR_005,2025-05-14,1349.54,Credit Card
TXN_005424,CUST_0113,STR_006,2025-05-20,614.75,Debit Card
TXN_005425,CUST_0069,STR_014,2025-09-13,991.87,Debit Card
TXN_005426,CUST_0020,STR_001,2025-10-13,690.11,Credit Card
TXN_005427,CUST_0337,STR_001,2025-11-18,1012.19,Debit Card
TXN_005428,CUST_0052,STR_014,2025-07-14,140.91,Digital Wallet
TXN_005429,CUST_0447,STR_004,2025-07-19,470.35,Debit Card
TXN_005430,CUST_0005,STR_011,2025-10-29,924.81,Credit Card
TXN_005431,CUST_0394,STR_004,2025-05-24,721.91,Digital Wallet
TXN_005432,CUST_0041,STR_002,2025-09-09,540.58,Credit Card
TXN_005433,CUST_0449,STR_020,2025-08-07,1774.99,Credit Card
TXN_005434,CUST_0406,STR_001,2025-11-20,822.74,Debit Card
TXN_005435,CUST_0113,STR_001,2025-07-29,1524.62,Debit Card
TXN_005436,CUST_0017,STR_019,2025-04-27,2022.26,Digital Wallet
TXN_005437,CUST_0386,STR_016,2025-10-21,391.74,Debit Card
TXN_005438,CUST_0356,STR_001,2025-09-22,1932.27,Credit Card
TXN_005439,CUST_0284,STR_014,2025-01-12,846.49,Credit Card
TXN_005440,CUST_0050,STR_001,2025-02-04,1978.29,Credit Card
TXN_005441,CUST_0021,STR_006,2025-09-07,2476.72,Credit Card
TXN_005442,CUST_0292,STR_018,2025-12-19,670.97,Credit Card
TXN_005443,CUST_0077,STR_014,2025-02-06,166.08,Credit Card
TXN_005444,CUST_0198,STR_002,2025-01-07,1493.54,Cash
TXN_005445,CUST_0222,STR_007,2025-05-02,267.54,Debit Card
TXN_005446,CUST_0010,STR_017,2025-12-26,934.67,Credit Card
TXN_005447,CUST_0337,STR_006,2025-09-18,442.8,Debit Card
TXN_005448,CUST_0120,STR_004,2025-02-12,845.92,Debit Card
TXN_005449,CUST_0116,STR_004,2025-07-05,369.01,Digital Wallet
TXN_005450,CUST_0126,STR_007,2025-07-03,308.27,Debit Card
TXN_005451,CUST_0351,STR_018,2025-03-01,538.38,Credit Card
TXN_005452,CUST_0463,STR_006,2025-01-23,1965.2,Credit Card
TXN_005453,CUST_0407,STR_012,2025-02-01,602.11,Credit Card
TXN_005454,CUST_0396,STR_017,2025-03-03,476.66,Credit Card
TXN_005455,CUST_0063,STR_006,2025-09-13,1157.9,Credit Card
TXN_005456,CUST_0119,STR_003,2025-04-30,209.72,Credit Card
TXN_005457,CUST_0114,STR_004,2025-02-06,272.13,Debit Card
TXN_005458,CUST_0498,STR_009,2025-02-25,1340.26,Debit Card
TXN_005459,CUST_0178,STR_018,2025-06-27,758.37,Digital Wallet
TXN_005460,CUST_0384,STR_007,2025-02-09,1067.29,Cash
TXN_005461,CUST_0075,STR_012,2025-05-02,2801.28,Debit Card
TXN_005462,CUST_0331,STR_018,2025-09-11,1688.24,Credit Card
TXN_005463,CUST_0155,STR_005,2025-08-30,842.59,Credit Card
TXN_005464,CUST_0383,STR_008,2025-01-03,690.11,Digital Wallet
TXN_005465,CUST_0068,STR_005,2025-11-18,2001.43,Debit Card
TXN_005466,CUST_0208,STR_005,2025-05-02,674.96,Cash
TXN_005467,CUST_0342,STR_014,2025-10-28,170.86,Credit Card
TXN_005468,CUST_0372,STR_005,2025-04-12,546.47,Credit Card
TXN_005469,CUST_0225,STR_012,2025-05-24,445.44,Debit Card
TXN_005470,CUST_0136,STR_011,2025-11-22,751.54,Credit Card
TXN_005471,CUST_0273,STR_007,2025-12-22,523.15,Credit Card
TXN_005472,CUST_0232,STR_020,2025-07-29,1166.77,Digital Wallet
TXN_005473,CUST_0174,STR_001,2025-04-01,1451.57,Credit Card
TXN_005474,CUST_0081,STR_011,2025-09-23,479.11,Debit Card
TXN_005475,CUST_0294,STR_016,2025-08-05,121.79,Debit Card
TXN_005476,CUST_0113,STR_009,2025-07-29,388.43,Credit Card
TXN_005477,CUST_0102,STR_008,2025-09-20,551.04,Credit Card
TXN_005478,CUST_0332,STR_014,2025-01-12,483.66,Digital Wallet
TXN_005479,CUST_0253,STR_011,2025-06-03,422.1,Debit Card
TXN_005480,CUST_0130,STR_018,2025-02-27,293.94,Credit Card
TXN_005481,CUST_0292,STR_015,2025-11-16,1375.22,Credit Card
TXN_005482,CUST_0001,STR_008,2025-10-06,1517.48,Credit Card
TXN_005483,CUST_0224,STR_008,2025-10-28,2140.14,Credit Card
TXN_005484,CUST_0290,STR_002,2025-08-07,21.0,Credit Card
TXN_005485,CUST_0337,STR_004,2025-02-20,990.04,Digital Wallet
TXN_005486,CUST_0350,STR_008,2025-10-12,561.81,Credit Card
TXN_005487,CUST_0026,STR_004,2025-05-25,2420.2,Digital Wallet
TXN_005488,CUST_0244,STR_002,2025-08-25,561.81,Credit Card
TXN_005489,CUST_0431,STR_018,2025-08-16,95.68,Credit Card
TXN_005490,CUST_0350,STR_006,2025-04-09,206.81,Credit Card
TXN_005491,CUST_0239,STR_004,2025-08-17,296.66,Credit Card
TXN_005492,CUST_0079,STR_005,2025-05-14,595.0,Debit Card
TXN_005493,CUST_0046,STR_007,2025-01-13,3539.64,Debit Card
TXN_005494,CUST_0073,STR_011,2025-10-02,466.1,Credit Card
TXN_005495,CUST_0318,STR_017,2025-03-18,751.54,Digital Wallet
TXN_005496,CUST_0379,STR_007,2025-02-24,932.2,Debit Card
TXN_005497,CUST_0247,STR_020,2025-05-23,206.81,Credit Card
TXN_005498,CUST_0390,STR_012,2025-07-04,816.34,Debit Card
TXN_005499,CUST_0360,STR_006,2025-12-17,2166.2,Credit Card
TXN_005500,CUST_0305,STR_019,2025-06-27,189.22,Credit Card
TXN_005501,CUST_0032,STR_020,2025-08-19,1093.15,Credit Card
TXN_005502,CUST_0366,STR_016,2025-10-27,510.18,Credit Card
TXN_005503,CUST_0083,STR_012,2025-11-03,640.53,Digital Wallet
TXN_005504,CUST_0350,STR_018,2025-03-29,1507.95,Credit Card
TXN_005505,CUST_0064,STR_012,2025-04-03,442.88,Digital Wallet
TXN_005506,CUST_0003,STR_001,2025-05-22,56.93,Credit Card
TXN_005507,CUST_0276,STR_015,2025-03-06,510.18,Credit Card
TXN_005508,CUST_0252,STR_011,2025-07-19,103.22,Credit Card
TXN_005509,CUST_0210,STR_008,2025-09-26,1230.41,Debit Card
TXN_005510,CUST_0371,STR_016,2025-04-29,1289.34,Debit Card
TXN_005511,CUST_0081,STR_010,2025-11-11,2539.47,Credit Card
TXN_005512,CUST_0242,STR_007,2025-02-17,540.58,Credit Card
TXN_005513,CUST_0313,STR_011,2025-10-26,613.87,Credit Card
TXN_005514,CUST_0174,STR_008,2025-03-14,550.0,Cash
TXN_005515,CUST_0172,STR_009,2025-06-29,411.21,Credit Card
TXN_005516,CUST_0303,STR_012,2025-07-15,804.17,Debit Card
TXN_005517,CUST_0465,STR_010,2025-08-11,731.17,Cash
TXN_005518,CUST_0500,STR_019,2025-10-29,4613.1,Credit Card
TXN_005519,CUST_0157,STR_012,2025-09-06,481.03,Digital Wallet
TXN_005520,CUST_0172,STR_016,2025-02-15,1686.79,Cash
TXN_005521,CUST_0497,STR_020,2025-11-26,1974.33,Credit Card
TXN_005522,CUST_0445,STR_003,2025-07-21,4919.56,Debit Card
TXN_005523,CUST_0431,STR_019,2025-02-04,99.17,Debit Card
TXN_005524,CUST_0241,STR_011,2025-06-24,2714.78,Digital Wallet
TXN_005525,CUST_0108,STR_009,2025-04-28,741.41,Credit Card
TXN_005526,CUST_0345,STR_001,2025-03-16,254.07,Debit Card
TXN_005527,CUST_0216,STR_017,2025-04-20,1660.39,Credit Card
TXN_005528,CUST_0088,STR_005,2025-12-23,481.03,Credit Card
TXN_005529,CUST_0084,STR_013,2025-12-11,5918.21,Credit Card
TXN_005530,CUST_0195,STR_019,2025-06-02,1107.03,Credit Card
TXN_005531,CUST_0034,STR_015,2025-02-23,670.97,Credit Card
TXN_005532,CUST_0375,STR_002,2025-01-05,104.39,Credit Card
TXN_005533,CUST_0055,STR_015,2025-07-24,596.76,Credit Card
TXN_005534,CUST_0185,STR_002,2025-09-21,2282.39,Credit Card
TXN_005535,CUST_0093,STR_007,2025-08-22,292.86,Debit Card
TXN_005536,CUST_0436,STR_008,2025-08-27,199.0,Credit Card
TXN_005537,CUST_0194,STR_018,2025-02-07,1436.26,Debit Card
TXN_005538,CUST_0463,STR_014,2025-11-07,641.97,Digital Wallet
TXN_005539,CUST_0191,STR_013,2025-08-31,1078.9,Credit Card
TXN_005540,CUST_0205,STR_019,2025-03-09,8863.57,Cash
TXN_005541,CUST_0021,STR_016,2025-06-05,189.05,Credit Card
TXN_005542,CUST_0272,STR_017,2025-03-10,561.81,Credit Card
TXN_005543,CUST_0016,STR_007,2025-03-30,1087.77,Debit Card
TXN_005544,CUST_0209,STR_006,2025-01-03,1450.83,Debit Card
TXN_005545,CUST_0154,STR_001,2025-06-06,632.48,Debit Card
TXN_005546,CUST_0196,STR_019,2025-08-22,466.1,Debit Card
TXN_005547,CUST_0295,STR_015,2025-02-20,913.46,Credit Card
TXN_005548,CUST_0196,STR_014,2025-07-01,181.86,Credit Card
TXN_005549,CUST_0499,STR_010,2025-06-04,176.78,Credit Card
TXN_005550,CUST_0361,STR_020,2025-08-08,165.35,Credit Card
TXN_005551,CUST_0312,STR_013,2025-09-12,391.92,Debit Card
TXN_005552,CUST_0291,STR_004,2025-12-19,636.76,Debit Card
TXN_005553,CUST_0357,STR_006,2025-01-16,1978.72,Credit Card
TXN_005554,CUST_0063,STR_017,2025-02-27,2121.7,Digital Wallet
TXN_005555,CUST_0349,STR_002,2025-12-14,577.86,Credit Card
TXN_005556,CUST_0220,STR_001,2025-05-18,2877.97,Credit Card
TXN_005557,CUST_0266,STR_019,2025-06-27,63.26,Credit Card
TXN_005558,CUST_0432,STR_018,2025-04-10,285.08,Digital Wallet
TXN_005559,CUST_0022,STR_006,2025-09-12,999.97,Digital Wallet
TXN_005560,CUST_0445,STR_007,2025-03-22,66.5,Credit Card
TXN_005561,CUST_0236,STR_001,2025-02-21,46.32,Cash
TXN_005562,CUST_0234,STR_014,2025-12-05,281.62,Credit Card
TXN_005563,CUST_0252,STR_005,2025-01-19,952.5,Credit Card
TXN_005564,CUST_0480,STR_006,2025-01-31,672.95,Digital Wallet
TXN_005565,CUST_0035,STR_001,2025-12-21,853.23,Credit Card
TXN_005566,CUST_0267,STR_015,2025-03-20,104.39,Credit Card
TXN_005567,CUST_0063,STR_003,2025-05-14,2045.44,Debit Card
TXN_005568,CUST_0186,STR_005,2025-08-09,2420.29,Digital Wallet
TXN_005569,CUST_0455,STR_017,2025-04-08,965.24,Credit Card
TXN_005570,CUST_0108,STR_019,2025-07-27,868.28,Digital Wallet
TXN_005571,CUST_0371,STR_013,2025-08-21,2453.52,Debit Card
TXN_005572,CUST_0193,STR_003,2025-02-01,2577.43,Debit Card
TXN_005573,CUST_0355,STR_012,2025-05-28,706.28,Credit Card
TXN_005574,CUST_0431,STR_010,2025-10-25,95.68,Credit Card
TXN_005575,CUST_0246,STR_018,2025-06-02,2664.48,Digital Wallet
TXN_005576,CUST_0004,STR_001,2025-02-28,281.62,Credit Card
TXN_005577,CUST_0472,STR_002,2025-10-01,1892.04,Credit Card
TXN_005578,CUST_0457,STR_013,2025-04-22,1488.87,Debit Card
TXN_005579,CUST_0178,STR_006,2025-06-20,313.58,Credit Card
TXN_005580,CUST_0290,STR_014,2025-05-10,444.99,Credit Card
TXN_005581,CUST_0289,STR_010,2025-01-07,938.7,Credit Card
TXN_005582,CUST_0403,STR_012,2025-06-10,2625.72,Digital Wallet
TXN_005583,CUST_0262,STR_006,2025-11-18,199.0,Credit Card
TXN_005584,CUST_0471,STR_009,2025-04-25,961.46,Debit Card
TXN_005585,CUST_0300,STR_004,2025-10-12,1158.93,Digital Wallet
TXN_005586,CUST_0363,STR_017,2025-05-21,674.91,Debit Card
TXN_005587,CUST_0117,STR_012,2025-05-31,286.05,Credit Card
TXN_005588,CUST_0031,STR_002,2025-11-13,1133.02,Digital Wallet
TXN_005589,CUST_0239,STR_004,2025-01-12,620.87,Credit Card
TXN_005590,CUST_0028,STR_013,2025-05-15,854.39,Digital Wallet
TXN_005591,CUST_0248,STR_002,2025-04-26,528.08,Debit Card
TXN_005592,CUST_0173,STR_014,2025-11-28,370.6,Digital Wallet
TXN_005593,CUST_0030,STR_004,2025-10-28,546.47,Credit Card
TXN_005594,CUST_0063,STR_005,2025-03-07,70.0,Credit Card
TXN_005595,CUST_0303,STR_010,2025-07-13,140.91,Debit Card
TXN_005596,CUST_0099,STR_010,2025-02-20,444.99,Debit Card
TXN_005597,CUST_0351,STR_014,2025-12-27,2229.35,Credit Card
TXN_005598,CUST_0345,STR_009,2025-02-04,1551.17,Credit Card
TXN_005599,CUST_0381,STR_016,2025-04-18,1192.71,Debit Card
TXN_005600,CUST_0113,STR_001,2025-05-07,296.66,Digital Wallet
TXN_005601,CUST_0412,STR_007,2025-01-26,842.63,Digital Wallet
TXN_005602,CUST_0161,STR_002,2025-03-23,1215.37,Debit Card
TXN_005603,CUST_0219,STR_003,2025-04-19,1515.17,Cash
TXN_005604,CUST_0385,STR_015,2025-08-25,161.87,Credit Card
TXN_005605,CUST_0366,STR_009,2025-09-26,891.31,Cash
TXN_005606,CUST_0133,STR_012,2025-06-30,359.7,Digital Wallet
TXN_005607,CUST_0098,STR_009,2025-09-17,20160.29,Cash
TXN_005608,CUST_0426,STR_007,2025-06-13,3195.71,Credit Card
TXN_005609,CUST_0481,STR_018,2025-04-16,1218.38,Credit Card
TXN_005610,CUST_0209,STR_019,2025-10-29,1099.19,Credit Card
TXN_005611,CUST_0265,STR_015,2025-11-02,1511.52,Debit Card
TXN_005612,CUST_0455,STR_016,2025-02-07,708.37,Digital Wallet
TXN_005613,CUST_0148,STR_011,2025-10-23,464.13,Debit Card
TXN_005614,CUST_0088,STR_013,2025-11-05,726.43,Credit Card
TXN_005615,CUST_0188,STR_018,2025-06-05,148.33,Credit Card
TXN_005616,CUST_0306,STR_008,2025-09-08,618.0,Cash
TXN_005617,CUST_0014,STR_013,2025-10-21,2065.11,Credit Card
TXN_005618,CUST_0119,STR_006,2025-12-22,1951.09,Credit Card
TXN_005619,CUST_0229,STR_003,2025-01-13,551.04,Credit Card
TXN_005620,CUST_0152,STR_001,2025-10-31,269.98,Debit Card
TXN_005621,CUST_0220,STR_002,2025-06-18,1492.55,Credit Card
TXN_005622,CUST_0201,STR_016,2025-03-15,1308.68,Credit Card
TXN_005623,CUST_0362,STR_018,2025-05-27,1832.96,Digital Wallet
TXN_005624,CUST_0051,STR_009,2025-01-19,60.47,Debit Card
TXN_005625,CUST_0057,STR_007,2025-10-05,306.03,Credit Card
TXN_005626,CUST_0490,STR_004,2025-04-28,21706.68,Debit Card
TXN_005627,CUST_0476,STR_007,2025-03-28,756.51,Digital Wallet
TXN_005628,CUST_0206,STR_005,2025-11-26,613.87,Debit Card
TXN_005629,CUST_0274,STR_009,2025-04-30,308.27,Debit Card
TXN_005630,CUST_0270,STR_003,2025-07-24,628.17,Credit Card
TXN_005631,CUST_0203,STR_006,2025-01-18,3710.15,Credit Card
TXN_005632,CUST_0222,STR_016,2025-01-03,1346.53,Credit Card
TXN_005633,CUST_0072,STR_020,2025-11-14,281.83,Credit Card
TXN_005634,CUST_0001,STR_010,2025-02-05,510.18,Credit Card
TXN_005635,CUST_0430,STR_004,2025-08-18,471.64,Credit Card
TXN_005636,CUST_0094,STR_010,2025-09-23,811.36,Credit Card
TXN_005637,CUST_0224,STR_015,2025-04-19,804.17,Debit Card
TXN_005638,CUST_0162,STR_010,2025-11-03,1049.98,Debit Card
TXN_005639,CUST_0252,STR_005,2025-10-27,1417.56,Cash
TXN_005640,CUST_0216,STR_006,2025-07-12,75.81,Debit Card
TXN_005641,CUST_0130,STR_011,2025-02-04,505.73,Debit Card
TXN_005642,CUST_0378,STR_015,2025-06-21,744.65,Debit Card
TXN_005643,CUST_0258,STR_020,2025-04-19,729.16,Credit Card
TXN_005644,CUST_0428,STR_016,2025-02-15,936.77,Credit Card
TXN_005645,CUST_0451,STR_005,2025-04-27,1864.87,Debit Card
TXN_005646,CUST_0286,STR_013,2025-11-19,1974.61,Credit Card
TXN_005647,CUST_0438,STR_014,2025-01-31,1077.88,Credit Card
TXN_005648,CUST_0169,STR_003,2025-06-08,1991.46,Credit Card
TXN_005649,CUST_0486,STR_016,2025-04-11,962.06,Digital Wallet
TXN_005650,CUST_0374,STR_012,2025-06-29,641.8,Debit Card
TXN_005651,CUST_0350,STR_012,2025-12-12,554.31,Credit Card
TXN_005652,CUST_0445,STR_018,2025-05-15,854.94,Debit Card
TXN_005653,CUST_0238,STR_006,2025-04-07,613.87,Credit Card
TXN_005654,CUST_0380,STR_017,2025-07-04,706.28,Digital Wallet
TXN_005655,CUST_0248,STR_004,2025-12-19,613.62,Digital Wallet
TXN_005656,CUST_0069,STR_013,2025-07-14,1657.45,Debit Card
TXN_005657,CUST_0413,STR_018,2025-10-10,326.43,Debit Card
TXN_005658,CUST_0103,STR_006,2025-12-02,552.78,Credit Card
TXN_005659,CUST_0411,STR_012,2025-07-25,459.16,Credit Card
TXN_005660,CUST_0262,STR_015,2025-02-11,1013.82,Debit Card
TXN_005661,CUST_0354,STR_019,2025-11-07,3217.64,Credit Card
TXN_005662,CUST_0392,STR_007,2025-05-13,1572.15,Credit Card
TXN_005663,CUST_0281,STR_013,2025-02-03,930.79,Credit Card
TXN_005664,CUST_0028,STR_011,2025-06-29,595.17,Credit Card
TXN_005665,CUST_0204,STR_005,2025-09-14,179.85,Credit Card
TXN_005666,CUST_0444,STR_009,2025-11-23,169.64,Credit Card
TXN_005667,CUST_0074,STR_004,2025-02-09,286.73,Debit Card
TXN_005668,CUST_0154,STR_003,2025-09-05,1102.08,Credit Card
TXN_005669,CUST_0373,STR_014,2025-08-29,398.28,Debit Card
TXN_005670,CUST_0345,STR_020,2025-12-16,1151.72,Credit Card
TXN_005671,CUST_0366,STR_010,2025-04-27,616.09,Credit Card
TXN_005672,CUST_0296,STR_011,2025-06-29,1439.34,Digital Wallet
TXN_005673,CUST_0307,STR_008,2025-11-19,459.77,Credit Card
TXN_005674,CUST_0320,STR_002,2025-04-25,714.64,Credit Card
TXN_005675,CUST_0420,STR_007,2025-05-05,1232.17,Credit Card
TXN_005676,CUST_0279,STR_003,2025-10-07,1041.66,Credit Card
TXN_005677,CUST_0313,STR_020,2025-11-04,1112.96,Credit Card
TXN_005678,CUST_0449,STR_010,2025-11-16,1935.35,Credit Card
TXN_005679,CUST_0198,STR_020,2025-10-26,1575.93,Digital Wallet
TXN_005680,CUST_0127,STR_007,2025-10-04,872.25,Digital Wallet
TXN_005681,CUST_0281,STR_013,2025-02-14,1275.77,Credit Card
TXN_005682,CUST_0107,STR_003,2025-08-26,1742.89,Digital Wallet
TXN_005683,CUST_0372,STR_020,2025-11-06,4618.05,Digital Wallet
TXN_005684,CUST_0006,STR_005,2025-04-10,1311.29,Credit Card
TXN_005685,CUST_0383,STR_004,2025-07-31,24169.78,Cash
TXN_005686,CUST_0331,STR_016,2025-09-26,1965.4,Debit Card
TXN_005687,CUST_0199,STR_019,2025-06-22,1099.78,Debit Card
TXN_005688,CUST_0025,STR_007,2025-10-01,551.82,Credit Card
TXN_005689,CUST_0052,STR_020,2025-10-07,274.25,Debit Card
TXN_005690,CUST_0115,STR_018,2025-05-26,105.0,Digital Wallet
TXN_005691,CUST_0041,STR_014,2025-02-04,402.0,Credit Card
TXN_005692,CUST_0374,STR_005,2025-12-09,104.39,Debit Card
TXN_005693,CUST_0211,STR_006,2025-03-19,545.86,Digital Wallet
TXN_005694,CUST_0113,STR_018,2025-03-31,1244.56,Credit Card
TXN_005695,CUST_0404,STR_005,2025-07-16,600.34,Digital Wallet
TXN_005696,CUST_0392,STR_010,2025-12-23,1157.9,Credit Card
TXN_005697,CUST_0255,STR_019,2025-07-06,1581.03,Debit Card
TXN_005698,CUST_0348,STR_018,2025-01-20,546.58,Credit Card
TXN_005699,CUST_0426,STR_003,2025-05-18,963.87,Credit Card
TXN_005700,CUST_0128,STR_001,2025-10-11,344.56,Credit Card
TXN_005701,CUST_0453,STR_020,2025-02-04,1978.18,Credit Card
TXN_005702,CUST_0417,STR_015,2025-02-02,127.3,Credit Card
TXN_005703,CUST_0025,STR_004,2025-07-22,22.0,Credit Card
TXN_005704,CUST_0121,STR_009,2025-03-01,2133.75,Digital Wallet
TXN_005705,CUST_0206,STR_017,2025-11-06,762.48,Debit Card
TXN_005706,CUST_0202,STR_007,2025-06-11,725.4,Credit Card
TXN_005707,CUST_0360,STR_003,2025-05-27,1006.11,Credit Card
TXN_005708,CUST_0046,STR_004,2025-12-15,41835.17,Credit Card
TXN_005709,CUST_0175,STR_007,2025-07-30,212.9,Credit Card
TXN_005710,CUST_0143,STR_002,2025-03-09,1544.45,Credit Card
TXN_005711,CUST_0183,STR_007,2025-08-30,687.46,Debit Card
TXN_005712,CUST_0194,STR_010,2025-03-31,796.99,Debit Card
TXN_005713,CUST_0088,STR_007,2025-03-21,1010.72,Digital Wallet
TXN_005714,CUST_0294,STR_007,2025-01-03,425.81,Credit Card
TXN_005715,CUST_0250,STR_002,2025-08-10,1863.49,Debit Card
TXN_005716,CUST_0445,STR_004,2025-07-17,3041.73,Credit Card
TXN_005717,CUST_0210,STR_010,2025-07-07,1702.58,Credit Card
TXN_005718,CUST_0345,STR_005,2025-09-30,98.21,Digital Wallet
TXN_005719,CUST_0350,STR_012,2025-07-01,212.62,Credit Card
TXN_005720,CUST_0280,STR_003,2025-08-18,98.21,Debit Card
TXN_005721,CUST_0359,STR_006,2025-12-22,170.86,Credit Card
TXN_005722,CUST_0096,STR_012,2025-09-09,1161.44,Credit Card
TXN_005723,CUST_0169,STR_008,2025-06-13,540.58,Credit Card
TXN_005724,CUST_0412,STR_010,2025-09-08,1371.63,Debit Card
TXN_005725,CUST_0436,STR_014,2025-08-16,1262.43,Credit Card
TXN_005726,CUST_0340,STR_015,2025-01-04,178.57,Cash
TXN_005727,CUST_0462,STR_003,2025-03-29,600.86,Credit Card
TXN_005728,CUST_0035,STR_008,2025-09-09,112.35,Credit Card
TXN_005729,CUST_0066,STR_013,2025-06-23,1421.52,Credit Card
TXN_005730,CUST_0414,STR_019,2025-06-04,1147.56,Debit Card
TXN_005731,CUST_0247,STR_006,2025-06-27,6282.16,Digital Wallet
TXN_005732,CUST_0278,STR_014,2025-12-20,1827.42,Debit Card
TXN_005733,CUST_0083,STR_008,2025-11-03,1592.87,Credit Card
TXN_005734,CUST_0460,STR_009,2025-11-27,412.36,Credit Card
TXN_005735,CUST_0125,STR_012,2025-10-11,731.86,Credit Card
TXN_005736,CUST_0347,STR_016,2025-08-25,1355.41,Credit Card
TXN_005737,CUST_0288,STR_013,2025-01-28,632.31,Credit Card
TXN_005738,CUST_0077,STR_018,2025-06-24,157.87,Credit Card
TXN_005739,CUST_0116,STR_011,2025-03-03,11319.21,Credit Card
TXN_005740,CUST_0314,STR_001,2025-05-31,559.06,Debit Card
TXN_005741,CUST_0452,STR_002,2025-10-27,497.85,Credit Card
TXN_005742,CUST_0484,STR_011,2025-05-11,1492.83,Credit Card
TXN_005743,CUST_0111,STR_013,2025-12-29,1676.96,Credit Card
TXN_005744,CUST_0330,STR_008,2025-10-18,611.51,Credit Card
TXN_005745,CUST_0436,STR_013,2025-01-17,2476.05,Credit Card
TXN_005746,CUST_0187,STR_017,2025-06-28,456.98,Credit Card
TXN_005747,CUST_0019,STR_001,2025-05-16,995.07,Credit Card
TXN_005748,CUST_0225,STR_001,2025-01-10,4458.42,Debit Card
TXN_005749,CUST_0176,STR_007,2025-09-25,140.0,Debit Card
TXN_005750,CUST_0192,STR_014,2025-03-05,987.99,Credit Card
TXN_005751,CUST_0342,STR_006,2025-10-03,616.59,Credit Card
TXN_005752,CUST_0172,STR_015,2025-08-23,316.85,Credit Card
TXN_005753,CUST_0135,STR_007,2025-05-09,411.38,Debit Card
TXN_005754,CUST_0439,STR_001,2025-05-27,1239.98,Digital Wallet
TXN_005755,CUST_0157,STR_012,2025-01-28,1774.5,Credit Card
TXN_005756,CUST_0135,STR_015,2025-09-25,1429.26,Credit Card
TXN_005757,CUST_0135,STR_014,2025-05-12,392.81,Debit Card
TXN_005758,CUST_0318,STR_018,2025-08-13,224.7,Credit Card
TXN_005759,CUST_0040,STR_009,2025-05-03,3068.24,Credit Card
TXN_005760,CUST_0270,STR_020,2025-03-31,89.66,Credit Card
TXN_005761,CUST_0478,STR_005,2025-01-13,245.12,Credit Card
TXN_005762,CUST_0352,STR_008,2025-04-30,1692.81,Debit Card
TXN_005763,CUST_0366,STR_009,2025-11-22,2570.9,Credit Card
TXN_005764,CUST_0157,STR_011,2025-11-07,1571.23,Debit Card
TXN_005765,CUST_0100,STR_003,2025-07-06,1107.03,Cash
TXN_005766,CUST_0301,STR_013,2025-05-06,1929.71,Credit Card
TXN_005767,CUST_0357,STR_006,2025-03-30,470.8,Digital Wallet
TXN_005768,CUST_0342,STR_010,2025-12-15,1108.62,Debit Card
TXN_005769,CUST_0050,STR_019,2025-09-07,369.01,Credit Card
TXN_005770,CUST_0496,STR_004,2025-05-10,408.51,Credit Card
TXN_005771,CUST_0117,STR_006,2025-11-22,1493.34,Credit Card
TXN_005772,CUST_0377,STR_014,2025-07-05,760.04,Digital Wallet
TXN_005773,CUST_0402,STR_019,2025-11-18,835.69,Credit Card
TXN_005774,CUST_0433,STR_014,2025-05-02,481.03,Debit Card
TXN_005775,CUST_0296,STR_008,2025-08-14,713.96,Digital Wallet
TXN_005776,CUST_0077,STR_019,2025-04-23,1305.23,Digital Wallet
TXN_005777,CUST_0318,STR_003,2025-02-16,557.41,Debit Card
TXN_005778,CUST_0103,STR_019,2025-04-07,637.68,Credit Card
TXN_005779,CUST_0450,STR_012,2025-01-30,992.63,Debit Card
TXN_005780,CUST_0185,STR_002,2025-11-06,687.46,Credit Card
TXN_005781,CUST_0268,STR_011,2025-02-19,489.73,Credit Card
TXN_005782,CUST_0176,STR_001,2025-11-06,879.32,Credit Card
TXN_005783,CUST_0099,STR_014,2025-01-09,763.16,Credit Card
TXN_005784,CUST_0259,STR_012,2025-09-12,70.0,Debit Card
TXN_005785,CUST_0105,STR_011,2025-10-18,1350.3,Credit Card
TXN_005786,CUST_0150,STR_004,2025-07-01,4310.88,Cash
TXN_005787,CUST_0382,STR_015,2025-09-28,1474.16,Credit Card
TXN_005788,CUST_0093,STR_005,2025-04-30,1965.57,Credit Card
TXN_005789,CUST_0005,STR_002,2025-11-07,1950.94,Debit Card
TXN_005790,CUST_0205,STR_006,2025-01-29,1178.78,Credit Card
TXN_005791,CUST_0256,STR_008,2025-02-20,3057.16,Credit Card
TXN_005792,CUST_0338,STR_017,2025-02-08,696.47,Debit Card
TXN_005793,CUST_0285,STR_016,2025-08-08,755.09,Debit Card
TXN_005794,CUST_0023,STR_015,2025-01-21,563.24,Debit Card
TXN_005795,CUST_0465,STR_012,2025-07-06,538.38,Debit Card
TXN_005796,CUST_0244,STR_009,2025-06-02,2017.77,Credit Card
TXN_005797,CUST_0269,STR_007,2025-12-03,748.9,Debit Card
TXN_005798,CUST_0023,STR_020,2025-06-23,599.05,Credit Card
TXN_005799,CUST_0342,STR_019,2025-06-07,854.94,Credit Card
TXN_005800,CUST_0435,STR_008,2025-09-07,1319.9,Credit Card
TXN_005801,CUST_0133,STR_002,2025-06-18,355.38,Digital Wallet
TXN_005802,CUST_0362,STR_017,2025-11-23,422.19,Credit Card
TXN_005803,CUST_0246,STR_004,2025-08-12,583.18,Credit Card
TXN_005804,CUST_0164,STR_013,2025-11-13,456.98,Credit Card
TXN_005805,CUST_0382,STR_001,2025-12-16,551.82,Credit Card
TXN_005806,CUST_0093,STR_014,2025-10-09,578.6,Digital Wallet
TXN_005807,CUST_0214,STR_001,2025-02-10,326.43,Credit Card
TXN_005808,CUST_0403,STR_014,2025-11-26,168.58,Digital Wallet
TXN_005809,CUST_0107,STR_002,2025-05-01,792.79,Debit Card
TXN_005810,CUST_0273,STR_010,2025-03-14,842.63,Credit Card
TXN_005811,CUST_0453,STR_017,2025-09-03,404.97,Credit Card
TXN_005812,CUST_0230,STR_013,2025-03-09,282.99,Digital Wallet
TXN_005813,CUST_0205,STR_001,2025-03-08,466.1,Debit Card
TXN_005814,CUST_0001,STR_014,2025-07-01,767.26,Credit Card
TXN_005815,CUST_0372,STR_004,2025-04-07,1464.73,Credit Card
TXN_005816,CUST_0021,STR_018,2025-04-26,1949.5,Digital Wallet
TXN_005817,CUST_0252,STR_004,2025-09-02,5367.28,Digital Wallet
TXN_005818,CUST_0105,STR_018,2025-06-11,207.7,Debit Card
TXN_005819,CUST_0450,STR_009,2025-10-28,678.34,Credit Card
TXN_005820,CUST_0286,STR_020,2025-05-15,1362.93,Credit Card
TXN_005821,CUST_0026,STR_012,2025-03-28,953.32,Credit Card
TXN_005822,CUST_0025,STR_018,2025-11-07,1975.53,Credit Card
TXN_005823,CUST_0103,STR_007,2025-01-20,224.11,Credit Card
TXN_005824,CUST_0209,STR_015,2025-11-18,2480.61,Credit Card
TXN_005825,CUST_0437,STR_001,2025-03-26,724.3,Credit Card
TXN_005826,CUST_0470,STR_012,2025-03-14,60.96,Digital Wallet
TXN_005827,CUST_0294,STR_017,2025-06-09,100.99,Credit Card
TXN_005828,CUST_0057,STR_004,2025-02-23,1017.18,Debit Card
TXN_005829,CUST_0491,STR_015,2025-08-09,1808.67,Credit Card
TXN_005830,CUST_0342,STR_017,2025-06-24,121.79,Credit Card
TXN_005831,CUST_0028,STR_010,2025-07-08,445.52,Credit Card
TXN_005832,CUST_0234,STR_005,2025-11-14,319.84,Credit Card
TXN_005833,CUST_0055,STR_009,2025-12-19,726.43,Credit Card
TXN_005834,CUST_0035,STR_004,2025-04-25,1421.52,Credit Card
TXN_005835,CUST_0327,STR_008,2025-10-24,885.06,Debit Card
TXN_005836,CUST_0299,STR_010,2025-06-27,333.31,Credit Card
TXN_005837,CUST_0392,STR_005,2025-01-31,2125.76,Credit Card
TXN_005838,CUST_0191,STR_004,2025-10-16,899.98,Credit Card
TXN_005839,CUST_0470,STR_003,2025-02-20,620.16,Digital Wallet
TXN_005840,CUST_0440,STR_004,2025-10-22,945.04,Credit Card
TXN_005841,CUST_0077,STR_011,2025-07-27,1214.39,Credit Card
TXN_005842,CUST_0462,STR_013,2025-05-03,2347.0,Credit Card
TXN_005843,CUST_0303,STR_002,2025-08-21,1242.46,Digital Wallet
TXN_005844,CUST_0158,STR_014,2025-11-12,205.33,Credit Card
TXN_005845,CUST_0234,STR_015,2025-09-30,1909.19,Digital Wallet
TXN_005846,CUST_0120,STR_006,2025-12-11,600.87,Debit Card
TXN_005847,CUST_0227,STR_006,2025-05-16,1590.6,Debit Card
TXN_005848,CUST_0051,STR_012,2025-10-11,363.72,Credit Card
TXN_005849,CUST_0347,STR_014,2025-03-25,552.25,Credit Card
TXN_005850,CUST_0317,STR_020,2025-11-06,130.45,Credit Card
TXN_005851,CUST_0430,STR_013,2025-05-23,983.65,Credit Card
TXN_005852,CUST_0361,STR_013,2025-02-02,2525.36,Digital Wallet
TXN_005853,CUST_0201,STR_005,2025-10-11,23696.23,Debit Card
TXN_005854,CUST_0388,STR_010,2025-01-30,1554.28,Credit Card
TXN_005855,CUST_0348,STR_016,2025-12-31,670.37,Debit Card
TXN_005856,CUST_0046,STR_003,2025-05-16,220.02,Debit Card
TXN_005857,CUST_0187,STR_018,2025-06-07,546.47,Credit Card
TXN_005858,CUST_0068,STR_018,2025-06-20,1630.83,Digital Wallet
TXN_005859,CUST_0487,STR_012,2025-04-27,540.58,Credit Card
TXN_005860,CUST_0018,STR_018,2025-09-17,628.17,Debit Card
TXN_005861,CUST_0030,STR_005,2025-06-01,1947.84,Cash
TXN_005862,CUST_0430,STR_007,2025-09-26,5846.12,Credit Card
TXN_005863,CUST_0135,STR_020,2025-06-16,1330.03,Credit Card
TXN_005864,CUST_0379,STR_016,2025-06-01,1416.74,Credit Card
TXN_005865,CUST_0179,STR_001,2025-07-18,369.01,Credit Card
TXN_005866,CUST_0208,STR_013,2025-08-01,559.06,Debit Card
TXN_005867,CUST_0317,STR_020,2025-05-20,313.12,Debit Card
TXN_005868,CUST_0015,STR_003,2025-04-04,444.41,Debit Card
TXN_005869,CUST_0082,STR_003,2025-02-09,2545.07,Debit Card
TXN_005870,CUST_0401,STR_019,2025-06-09,1378.67,Digital Wallet
TXN_005871,CUST_0049,STR_015,2025-10-31,563.65,Digital Wallet
TXN_005872,CUST_0254,STR_001,2025-08-14,653.09,Credit Card
TXN_005873,CUST_0278,STR_001,2025-08-07,127.5,Debit Card
TXN_005874,CUST_0032,STR_007,2025-08-06,942.25,Cash
TXN_005875,CUST_0435,STR_002,2025-05-02,4456.38,Credit Card
TXN_005876,CUST_0105,STR_003,2025-09-07,801.99,Credit Card
TXN_005877,CUST_0197,STR_009,2025-11-05,227.43,Debit Card
TXN_005878,CUST_0489,STR_017,2025-07-31,281.62,Cash
TXN_005879,CUST_0159,STR_017,2025-08-30,2070.6,Digital Wallet
TXN_005880,CUST_0297,STR_005,2025-03-25,199.0,Digital Wallet
TXN_005881,CUST_0379,STR_001,2025-12-24,3288.28,Debit Card
TXN_005882,CUST_0066,STR_020,2025-06-15,442.8,Debit Card
TXN_005883,CUST_0063,STR_015,2025-03-15,520.83,Debit Card
TXN_005884,CUST_0443,STR_002,2025-11-17,555.37,Credit Card
TXN_005885,CUST_0111,STR_012,2025-07-11,476.36,Credit Card
TXN_005886,CUST_0383,STR_008,2025-09-30,106.73,Credit Card
TXN_005887,CUST_0100,STR_020,2025-06-12,64249.86,Credit Card
TXN_005888,CUST_0172,STR_008,2025-09-07,1821.1,Debit Card
TXN_005889,CUST_0387,STR_009,2025-06-03,654.34,Credit Card
TXN_005890,CUST_0064,STR_003,2025-01-30,1095.27,Credit Card
TXN_005891,CUST_0348,STR_002,2025-09-18,834.72,Credit Card
TXN_005892,CUST_0436,STR_018,2025-06-22,773.45,Credit Card
TXN_005893,CUST_0356,STR_001,2025-12-12,196.47,Credit Card
TXN_005894,CUST_0435,STR_019,2025-09-21,854.39,Credit Card
TXN_005895,CUST_0091,STR_009,2025-09-15,1287.48,Cash
TXN_005896,CUST_0219,STR_011,2025-08-26,104.39,Credit Card
TXN_005897,CUST_0019,STR_020,2025-02-26,282.99,Credit Card
TXN_005898,CUST_0489,STR_006,2025-01-02,710.76,Credit Card
TXN_005899,CUST_0066,STR_006,2025-03-27,1434.54,Credit Card
TXN_005900,CUST_0129,STR_016,2025-05-25,2206.76,Digital Wallet
TXN_005901,CUST_0220,STR_019,2025-11-26,1812.24,Credit Card
TXN_005902,CUST_0255,STR_012,2025-01-23,1969.94,Credit Card
TXN_005903,CUST_0022,STR_002,2025-10-13,319.4,Credit Card
TXN_005904,CUST_0285,STR_004,2025-08-11,391.74,Digital Wallet
TXN_005905,CUST_0275,STR_005,2025-08-11,330.47,Credit Card
TXN_005906,CUST_0258,STR_001,2025-02-02,478.42,Credit Card
TXN_005907,CUST_0349,STR_016,2025-02-01,804.71,Credit Card
TXN_005908,CUST_0343,STR_002,2025-02-04,22182.19,Credit Card
TXN_005909,CUST_0353,STR_017,2025-11-20,486.52,Credit Card
TXN_005910,CUST_0151,STR_010,2025-05-31,2430.88,Credit Card
TXN_005911,CUST_0161,STR_017,2025-02-09,634.87,Debit Card
TXN_005912,CUST_0468,STR_014,2025-05-27,178.7,Credit Card
TXN_005913,CUST_0107,STR_020,2025-04-19,1538.28,Cash
TXN_005914,CUST_0052,STR_011,2025-12-09,613.73,Debit Card
TXN_005915,CUST_0018,STR_001,2025-12-13,112.35,Credit Card
TXN_005916,CUST_0265,STR_007,2025-06-28,401.64,Credit Card
TXN_005917,CUST_0496,STR_004,2025-11-22,477.94,Digital Wallet
TXN_005918,CUST_0127,STR_018,2025-03-16,2954.82,Credit Card
TXN_005919,CUST_0056,STR_007,2025-02-08,2266.31,Credit Card
TXN_005920,CUST_0386,STR_016,2025-10-11,403.78,Credit Card
TXN_005921,CUST_0025,STR_012,2025-12-19,501.09,Credit Card
TXN_005922,CUST_0497,STR_007,2025-05-20,1056.15,Credit Card
TXN_005923,CUST_0070,STR_016,2025-09-23,1064.76,Credit Card
TXN_005924,CUST_0143,STR_015,2025-10-11,1035.0,Credit Card
TXN_005925,CUST_0141,STR_006,2025-10-11,602.11,Debit Card
TXN_005926,CUST_0141,STR_001,2025-12-01,1623.34,Credit Card
TXN_005927,CUST_0215,STR_015,2025-05-06,196.47,Credit Card
TXN_005928,CUST_0193,STR_015,2025-06-29,2082.89,Debit Card
TXN_005929,CUST_0253,STR_019,2025-05-30,814.06,Debit Card
TXN_005930,CUST_0198,STR_008,2025-03-13,498.07,Cash
TXN_005931,CUST_0460,STR_017,2025-03-31,2750.69,Credit Card
TXN_005932,CUST_0164,STR_003,2025-04-02,1665.2,Debit Card
TXN_005933,CUST_0218,STR_016,2025-06-17,862.43,Debit Card
TXN_005934,CUST_0204,STR_003,2025-10-27,150.0,Digital Wallet
TXN_005935,CUST_0397,STR_011,2025-12-19,1644.16,Credit Card
TXN_005936,CUST_0176,STR_013,2025-04-01,1540.4,Credit Card
TXN_005937,CUST_0377,STR_019,2025-06-25,215.05,Credit Card
TXN_005938,CUST_0261,STR_016,2025-07-01,1570.05,Debit Card
TXN_005939,CUST_0403,STR_009,2025-07-26,2641.16,Credit Card
TXN_005940,CUST_0479,STR_001,2025-06-01,1640.01,Digital Wallet
TXN_005941,CUST_0042,STR_007,2025-07-07,864.81,Digital Wallet
TXN_005942,CUST_0390,STR_011,2025-09-17,161.87,Digital Wallet
TXN_005943,CUST_0209,STR_003,2025-10-25,2182.88,Digital Wallet
TXN_005944,CUST_0475,STR_012,2025-12-10,617.38,Credit Card
TXN_005945,CUST_0413,STR_015,2025-11-11,1529.26,Credit Card
TXN_005946,CUST_0102,STR_019,2025-09-30,1687.79,Credit Card
TXN_005947,CUST_0406,STR_010,2025-08-02,519.58,Digital Wallet
TXN_005948,CUST_0416,STR_007,2025-06-30,547.73,Credit Card
TXN_005949,CUST_0372,STR_015,2025-08-07,318.93,Credit Card
TXN_005950,CUST_0141,STR_006,2025-10-27,450.1,Digital Wallet
TXN_005951,CUST_0224,STR_009,2025-12-06,1876.86,Credit Card
TXN_005952,CUST_0398,STR_019,2025-06-27,1148.58,Credit Card
TXN_005953,CUST_0288,STR_015,2025-07-14,354.3,Credit Card
TXN_005954,CUST_0057,STR_007,2025-06-02,281.81,Credit Card
TXN_005955,CUST_0299,STR_016,2025-06-02,2255.35,Debit Card
TXN_005956,CUST_0066,STR_015,2025-07-05,442.53,Credit Card
TXN_005957,CUST_0118,STR_011,2025-03-26,902.31,Credit Card
TXN_005958,CUST_0389,STR_020,2025-10-05,277.44,Credit Card
TXN_005959,CUST_0395,STR_015,2025-01-06,847.88,Debit Card
TXN_005960,CUST_0068,STR_008,2025-08-20,70.0,Credit Card
TXN_005961,CUST_0117,STR_013,2025-11-07,621.62,Debit Card
TXN_005962,CUST_0273,STR_018,2025-11-16,561.81,Digital Wallet
TXN_005963,CUST_0379,STR_010,2025-08-02,3005.85,Debit Card
TXN_005964,CUST_0405,STR_015,2025-03-11,199.0,Debit Card
TXN_005965,CUST_0485,STR_009,2025-12-23,393.04,Debit Card
TXN_005966,CUST_0278,STR_007,2025-05-19,104.39,Digital Wallet
TXN_005967,CUST_0474,STR_002,2025-11-29,466.1,Credit Card
TXN_005968,CUST_0038,STR_013,2025-10-23,1287.78,Credit Card
TXN_005969,CUST_0326,STR_020,2025-06-30,492.16,Debit Card
TXN_005970,CUST_0374,STR_018,2025-08-27,1152.45,Digital Wallet
TXN_005971,CUST_0058,STR_017,2025-01-28,2364.06,Debit Card
TXN_005972,CUST_0484,STR_015,2025-09-05,481.03,Credit Card
TXN_005973,CUST_0227,STR_011,2025-05-16,2990.59,Credit Card
TXN_005974,CUST_0054,STR_007,2025-08-12,842.3,Credit Card
TXN_005975,CUST_0098,STR_020,2025-08-20,1166.65,Credit Card
TXN_005976,CUST_0275,STR_009,2025-03-18,899.94,Credit Card
TXN_005977,CUST_0051,STR_008,2025-09-04,168.06,Digital Wallet
TXN_005978,CUST_0282,STR_007,2025-03-10,826.39,Credit Card
TXN_005979,CUST_0319,STR_001,2025-04-09,469.05,Debit Card
TXN_005980,CUST_0247,STR_001,2025-05-13,989.99,Credit Card
TXN_005981,CUST_0215,STR_004,2025-03-15,1678.18,Digital Wallet
TXN_005982,CUST_0319,STR_005,2025-06-30,292.65,Debit Card
TXN_005983,CUST_0413,STR_012,2025-08-03,2714.12,Debit Card
TXN_005984,CUST_0278,STR_009,2025-01-01,1481.84,Debit Card
TXN_005985,CUST_0339,STR_010,2025-08-05,1866.65,Credit Card
TXN_005986,CUST_0344,STR_001,2025-03-23,474.04,Debit Card
TXN_005987,CUST_0063,STR_012,2025-06-28,325.1,Debit Card
TXN_005988,CUST_0338,STR_008,2025-01-20,721.91,Digital Wallet
TXN_005989,CUST_0407,STR_018,2025-04-01,741.46,Credit Card
TXN_005990,CUST_0459,STR_006,2025-11-24,538.38,Debit Card
TXN_005991,CUST_0262,STR_010,2025-09-01,529.62,Credit Card
TXN_005992,CUST_0498,STR_006,2025-02-26,286.73,Digital Wallet
TXN_005993,CUST_0233,STR_019,2025-02-13,547.27,Credit Card
TXN_005994,CUST_0391,STR_004,2025-08-12,1341.05,Credit Card
TXN_005995,CUST_0362,STR_020,2025-11-12,490.91,Credit Card
TXN_005996,CUST_0324,STR_014,2025-03-16,842.63,Credit Card
TXN_005997,CUST_0194,STR_015,2025-08-08,190.95,Credit Card
TXN_005998,CUST_0204,STR_009,2025-10-27,64.17,Credit Card
TXN_005999,CUST_0372,STR_018,2025-03-31,1386.74,Credit Card
TXN_006000,CUST_0004,STR_017,2025-03-25,1185.86,Credit Card
TXN_006001,CUST_0204,STR_012,2025-10-03,3252.27,Credit Card
TXN_006002,CUST_0316,STR_010,2025-01-24,7511.95,Debit Card
TXN_006003,CUST_0235,STR_011,2025-03-31,690.11,Credit Card
TXN_006004,CUST_0197,STR_006,2025-01-20,18819.1,Digital Wallet
TXN_006005,CUST_0431,STR_013,2025-03-26,2280.68,Credit Card
TXN_006006,CUST_0191,STR_013,2025-10-22,337.15,Debit Card
TXN_006007,CUST_0496,STR_001,2025-09-11,159.7,Digital Wallet
TXN_006008,CUST_0118,STR_020,2025-10-22,1082.49,Credit Card
TXN_006009,CUST_0390,STR_017,2025-09-05,655.78,Credit Card
TXN_006010,CUST_0304,STR_013,2025-02-15,1687.98,Credit Card
TXN_006011,CUST_0148,STR_007,2025-12-02,398.28,Credit Card
TXN_006012,CUST_0337,STR_007,2025-08-11,1914.83,Credit Card
TXN_006013,CUST_0219,STR_016,2025-11-29,899.94,Credit Card
TXN_006014,CUST_0340,STR_019,2025-12-05,1255.96,Credit Card
TXN_006015,CUST_0328,STR_015,2025-09-13,4228.3,Credit Card
TXN_006016,CUST_0469,STR_002,2025-08-17,529.62,Credit Card
TXN_006017,CUST_0066,STR_018,2025-03-31,576.46,Cash
TXN_006018,CUST_0154,STR_019,2025-09-28,789.71,Digital Wallet
TXN_006019,CUST_0067,STR_013,2025-03-13,412.36,Debit Card
TXN_006020,CUST_0376,STR_020,2025-10-19,103.22,Credit Card
TXN_006021,CUST_0411,STR_002,2025-09-22,1443.82,Cash
TXN_006022,CUST_0227,STR_013,2025-05-19,911.28,Credit Card
TXN_006023,CUST_0335,STR_001,2025-03-01,654.14,Credit Card
TXN_006024,CUST_0394,STR_015,2025-06-13,1264.73,Credit Card
TXN_006025,CUST_0088,STR_019,2025-06-01,1706.69,Cash
TXN_006026,CUST_0260,STR_018,2025-05-04,1699.63,Credit Card
TXN_006027,CUST_0272,STR_002,2025-08-09,20.84,Debit Card
TXN_006028,CUST_0494,STR_010,2025-09-21,263.49,Debit Card
TXN_006029,CUST_0287,STR_006,2025-06-16,442.53,Credit Card
TXN_006030,CUST_0175,STR_018,2025-05-17,588.91,Digital Wallet
TXN_006031,CUST_0221,STR_016,2025-07-09,818.82,Debit Card
TXN_006032,CUST_0287,STR_007,2025-12-01,470.35,Credit Card
TXN_006033,CUST_0048,STR_018,2025-02-04,808.32,Credit Card
TXN_006034,CUST_0274,STR_020,2025-12-13,650.31,Digital Wallet
TXN_006035,CUST_0188,STR_020,2025-01-16,1406.77,Debit Card
TXN_006036,CUST_0445,STR_011,2025-07-29,624.5,Debit Card
TXN_006037,CUST_0167,STR_003,2025-07-17,806.33,Credit Card
TXN_006038,CUST_0220,STR_006,2025-10-09,1042.08,Debit Card
TXN_006039,CUST_0151,STR_010,2025-09-17,208.78,Credit Card
TXN_006040,CUST_0160,STR_012,2025-05-28,1236.72,Credit Card
TXN_006041,CUST_0285,STR_020,2025-02-02,2308.14,Credit Card
TXN_006042,CUST_0443,STR_010,2025-07-25,567.23,Credit Card
TXN_006043,CUST_0438,STR_011,2025-03-04,892.55,Credit Card
TXN_006044,CUST_0023,STR_015,2025-07-29,63.65,Digital Wallet
TXN_006045,CUST_0109,STR_020,2025-09-02,859.37,Credit Card
TXN_006046,CUST_0231,STR_007,2025-01-15,2771.47,Debit Card
TXN_006047,CUST_0495,STR_005,2025-04-07,403.78,Debit Card
TXN_006048,CUST_0283,STR_016,2025-04-10,1645.68,Credit Card
TXN_006049,CUST_0214,STR_011,2025-08-05,1039.16,Digital Wallet
TXN_006050,CUST_0102,STR_010,2025-11-06,1516.73,Credit Card
TXN_006051,CUST_0408,STR_013,2025-09-07,2157.32,Credit Card
TXN_006052,CUST_0292,STR_009,2025-05-10,398.0,Credit Card
TXN_006053,CUST_0100,STR_004,2025-05-23,66.5,Credit Card
TXN_006054,CUST_0457,STR_003,2025-07-05,2212.17,Credit Card
TXN_006055,CUST_0220,STR_008,2025-12-05,1527.87,Credit Card
TXN_006056,CUST_0474,STR_001,2025-08-01,390.62,Digital Wallet
TXN_006057,CUST_0488,STR_013,2025-12-20,261.58,Debit Card
TXN_006058,CUST_0327,STR_006,2025-06-24,524.28,Credit Card
TXN_006059,CUST_0063,STR_009,2025-12-08,1627.48,Debit Card
TXN_006060,CUST_0329,STR_007,2025-08-09,633.21,Cash
TXN_006061,CUST_0354,STR_017,2025-11-24,551.82,Credit Card
TXN_006062,CUST_0284,STR_009,2025-06-10,1434.89,Debit Card
TXN_006063,CUST_0278,STR_008,2025-02-02,559.06,Debit Card
TXN_006064,CUST_0187,STR_009,2025-05-01,975.82,Credit Card
TXN_006065,CUST_0142,STR_013,2025-09-16,626.24,Credit Card
TXN_006066,CUST_0308,STR_009,2025-05-15,231.4,Debit Card
TXN_006067,CUST_0072,STR_005,2025-09-16,1135.25,Digital Wallet
TXN_006068,CUST_0276,STR_007,2025-08-04,114.74,Credit Card
TXN_006069,CUST_0210,STR_006,2025-10-24,1322.25,Debit Card
TXN_006070,CUST_0097,STR_009,2025-03-11,442.8,Cash
TXN_006071,CUST_0360,STR_006,2025-03-03,109.61,Credit Card
TXN_006072,CUST_0305,STR_016,2025-06-16,523.16,Debit Card
TXN_006073,CUST_0308,STR_018,2025-08-14,2563.17,Credit Card
TXN_006074,CUST_0267,STR_017,2025-03-04,1627.48,Credit Card
TXN_006075,CUST_0242,STR_016,2025-06-08,626.24,Digital Wallet
TXN_006076,CUST_0202,STR_020,2025-06-05,46.32,Digital Wallet
TXN_006077,CUST_0348,STR_015,2025-12-22,98.21,Credit Card
TXN_006078,CUST_0312,STR_017,2025-08-02,684.0,Credit Card
TXN_006079,CUST_0444,STR_010,2025-11-05,1962.19,Credit Card
TXN_006080,CUST_0454,STR_003,2025-06-01,1885.83,Credit Card
TXN_006081,CUST_0184,STR_008,2025-06-06,359.7,Credit Card
TXN_006082,CUST_0435,STR_001,2025-06-03,199.3,Credit Card
TXN_006083,CUST_0157,STR_001,2025-10-31,5228.11,Debit Card
TXN_006084,CUST_0382,STR_013,2025-07-28,640.79,Credit Card
TXN_006085,CUST_0086,STR_005,2025-09-02,2495.7,Credit Card
TXN_006086,CUST_0470,STR_009,2025-10-10,604.08,Digital Wallet
TXN_006087,CUST_0112,STR_008,2025-01-27,286.73,Debit Card
TXN_006088,CUST_0017,STR_013,2025-12-10,179.85,Digital Wallet
TXN_006089,CUST_0012,STR_013,2025-08-17,224.11,Credit Card
TXN_006090,CUST_0151,STR_016,2025-09-16,4450.1,Credit Card
TXN_006091,CUST_0449,STR_010,2025-12-23,319.84,Credit Card
TXN_006092,CUST_0112,STR_010,2025-03-18,494.79,Credit Card
TXN_006093,CUST_0430,STR_008,2025-09-06,2306.11,Credit Card
TXN_006094,CUST_0300,STR_012,2025-01-27,478.7,Credit Card
TXN_006095,CUST_0212,STR_009,2025-03-26,120.93,Credit Card
TXN_006096,CUST_0404,STR_006,2025-11-15,2399.06,Credit Card
TXN_006097,CUST_0089,STR_017,2025-06-30,47150.6,Credit Card
TXN_006098,CUST_0484,STR_009,2025-03-23,410.66,Credit Card
TXN_006099,CUST_0195,STR_003,2025-03-07,75.81,Credit Card
TXN_006100,CUST_0271,STR_015,2025-04-04,693.29,Credit Card
TXN_006101,CUST_0274,STR_013,2025-10-26,2279.06,Credit Card
TXN_006102,CUST_0462,STR_017,2025-05-16,2082.16,Debit Card
TXN_006103,CUST_0223,STR_010,2025-11-21,2647.59,Credit Card
TXN_006104,CUST_0409,STR_009,2025-03-04,769.33,Cash
TXN_006105,CUST_0297,STR_011,2025-02-05,4460.0,Credit Card
TXN_006106,CUST_0425,STR_001,2025-01-24,44.0,Debit Card
TXN_006107,CUST_0183,STR_008,2025-09-21,362.7,Debit Card
TXN_006108,CUST_0082,STR_008,2025-08-12,1118.12,Credit Card
TXN_006109,CUST_0020,STR_018,2025-10-20,1028.36,Debit Card
TXN_006110,CUST_0149,STR_012,2025-07-09,5877.94,Debit Card
TXN_006111,CUST_0117,STR_013,2025-06-25,1751.36,Digital Wallet
TXN_006112,CUST_0216,STR_003,2025-09-02,952.5,Digital Wallet
TXN_006113,CUST_0437,STR_013,2025-03-08,77.41,Debit Card
TXN_006114,CUST_0336,STR_004,2025-04-15,1794.48,Credit Card
TXN_006115,CUST_0023,STR_017,2025-09-10,115.7,Credit Card
TXN_006116,CUST_0133,STR_003,2025-05-25,4137.51,Credit Card
TXN_006117,CUST_0437,STR_020,2025-07-07,1003.17,Cash
TXN_006118,CUST_0492,STR_006,2025-06-30,804.71,Credit Card
TXN_006119,CUST_0145,STR_012,2025-04-09,1174.11,Debit Card
TXN_006120,CUST_0108,STR_015,2025-05-21,2468.03,Debit Card
TXN_006121,CUST_0046,STR_001,2025-06-05,845.42,Debit Card
TXN_006122,CUST_0466,STR_019,2025-03-11,115.7,Credit Card
TXN_006123,CUST_0146,STR_006,2025-04-04,2783.45,Credit Card
TXN_006124,CUST_0245,STR_012,2025-05-22,41969.05,Credit Card
TXN_006125,CUST_0411,STR_013,2025-02-12,140.0,Digital Wallet
TXN_006126,CUST_0402,STR_007,2025-04-22,1139.66,Credit Card
TXN_006127,CUST_0429,STR_019,2025-02-24,1457.77,Debit Card
TXN_006128,CUST_0459,STR_003,2025-11-21,2825.12,Credit Card
TXN_006129,CUST_0236,STR_001,2025-05-14,224.11,Credit Card
TXN_006130,CUST_0138,STR_017,2025-01-06,1238.59,Credit Card
TXN_006131,CUST_0490,STR_001,2025-11-01,2168.22,Credit Card
TXN_006132,CUST_0475,STR_002,2025-03-31,276.94,Debit Card
TXN_006133,CUST_0303,STR_008,2025-09-27,420.4,Cash
TXN_006134,CUST_0285,STR_009,2025-10-27,189.22,Digital Wallet
TXN_006135,CUST_0471,STR_006,2025-08-07,523.16,Credit Card
TXN_006136,CUST_0086,STR_003,2025-07-16,524.05,Credit Card
TXN_006137,CUST_0076,STR_019,2025-02-14,421.36,Cash
TXN_006138,CUST_0114,STR_005,2025-02-01,496.64,Debit Card
TXN_006139,CUST_0403,STR_015,2025-07-30,276.94,Credit Card
TXN_006140,CUST_0354,STR_016,2025-01-05,854.94,Digital Wallet
TXN_006141,CUST_0380,STR_020,2025-07-27,1819.57,Credit Card
TXN_006142,CUST_0005,STR_003,2025-11-22,469.68,Credit Card
TXN_006143,CUST_0382,STR_011,2025-04-29,445.56,Debit Card
TXN_006144,CUST_0224,STR_005,2025-03-26,282.99,Credit Card
TXN_006145,CUST_0268,STR_004,2025-04-12,494.79,Credit Card
TXN_006146,CUST_0080,STR_006,2025-02-09,557.41,Debit Card
TXN_006147,CUST_0442,STR_002,2025-07-30,1793.47,Credit Card
TXN_006148,CUST_0063,STR_010,2025-02-23,297.46,Credit Card
TXN_006149,CUST_0100,STR_010,2025-08-04,813.69,Debit Card
TXN_006150,CUST_0169,STR_010,2025-12-29,1251.24,Digital Wallet
TXN_006151,CUST_0239,STR_007,2025-07-20,872.77,Credit Card
TXN_006152,CUST_0289,STR_015,2025-06-22,15373.11,Debit Card
TXN_006153,CUST_0347,STR_008,2025-08-19,53.77,Debit Card
TXN_006154,CUST_0151,STR_002,2025-11-24,670.97,Credit Card
TXN_006155,CUST_0324,STR_018,2025-12-09,1349.91,Credit Card
TXN_006156,CUST_0225,STR_014,2025-11-17,604.15,Credit Card
TXN_006157,CUST_0273,STR_018,2025-09-19,721.91,Credit Card
TXN_006158,CUST_0352,STR_016,2025-08-18,988.05,Credit Card
TXN_006159,CUST_0379,STR_007,2025-10-29,927.98,Credit Card
TXN_006160,CUST_0235,STR_016,2025-01-17,503.14,Credit Card
TXN_006161,CUST_0343,STR_010,2025-12-19,290.73,Credit Card
TXN_006162,CUST_0065,STR_014,2025-01-18,715.58,Credit Card
TXN_006163,CUST_0065,STR_007,2025-03-30,1893.18,Credit Card
TXN_006164,CUST_0063,STR_008,2025-04-09,46.32,Credit Card
TXN_006165,CUST_0466,STR_005,2025-08-08,899.94,Credit Card
TXN_006166,CUST_0431,STR_010,2025-03-13,804.71,Credit Card
TXN_006167,CUST_0345,STR_017,2025-08-22,524.05,Cash
TXN_006168,CUST_0398,STR_013,2025-01-03,6861.54,Debit Card
TXN_006169,CUST_0278,STR_004,2025-06-02,1926.11,Digital Wallet
TXN_006170,CUST_0163,STR_012,2025-07-29,1293.32,Credit Card
TXN_006171,CUST_0291,STR_018,2025-01-13,5695.42,Credit Card
TXN_006172,CUST_0317,STR_001,2025-10-26,1776.21,Credit Card
TXN_006173,CUST_0319,STR_017,2025-08-19,169.64,Debit Card
TXN_006174,CUST_0348,STR_003,2025-12-23,2756.11,Credit Card
TXN_006175,CUST_0484,STR_003,2025-04-11,1716.77,Credit Card
TXN_006176,CUST_0063,STR_014,2025-06-01,1090.39,Credit Card
TXN_006177,CUST_0262,STR_011,2025-07-31,842.63,Credit Card
TXN_006178,CUST_0265,STR_019,2025-03-04,206.74,Credit Card
TXN_006179,CUST_0094,STR_019,2025-09-29,1006.28,Credit Card
TXN_006180,CUST_0453,STR_006,2025-08-04,301.66,Cash
TXN_006181,CUST_0134,STR_010,2025-12-03,559.06,Credit Card
TXN_006182,CUST_0016,STR_006,2025-03-02,616.09,Credit Card
TXN_006183,CUST_0049,STR_013,2025-01-24,3442.63,Debit Card
TXN_006184,CUST_0369,STR_019,2025-09-03,533.72,Credit Card
TXN_006185,CUST_0123,STR_002,2025-04-14,496.64,Debit Card
TXN_006186,CUST_0079,STR_007,2025-04-02,613.87,Cash
TXN_006187,CUST_0399,STR_005,2025-01-30,1989.06,Debit Card
TXN_006188,CUST_0245,STR_005,2025-03-29,1065.45,Credit Card
TXN_006189,CUST_0120,STR_014,2025-10-17,546.47,Debit Card
TXN_006190,CUST_0387,STR_004,2025-07-09,546.47,Debit Card
TXN_006191,CUST_0157,STR_013,2025-11-05,482.27,Credit Card
TXN_006192,CUST_0102,STR_016,2025-07-19,1320.36,Debit Card
TXN_006193,CUST_0339,STR_016,2025-10-15,613.87,Credit Card
TXN_006194,CUST_0415,STR_014,2025-06-26,811.67,Credit Card
TXN_006195,CUST_0341,STR_005,2025-03-22,1013.72,Debit Card
TXN_006196,CUST_0344,STR_015,2025-06-09,2180.17,Debit Card
TXN_006197,CUST_0336,STR_020,2025-09-28,655.78,Credit Card
TXN_006198,CUST_0154,STR_016,2025-07-31,524.05,Digital Wallet
TXN_006199,CUST_0462,STR_001,2025-03-11,1836.07,Digital Wallet
TXN_006200,CUST_0271,STR_013,2025-03-05,753.73,Debit Card
TXN_006201,CUST_0446,STR_015,2025-04-04,789.7,Credit Card
TXN_006202,CUST_0067,STR_005,2025-12-06,1485.2,Credit Card
TXN_006203,CUST_0329,STR_009,2025-05-10,3144.65,Debit Card
TXN_006204,CUST_0359,STR_018,2025-07-23,376.32,Credit Card
TXN_006205,CUST_0169,STR_019,2025-11-11,1401.55,Credit Card
TXN_006206,CUST_0335,STR_017,2025-06-30,1460.23,Credit Card
TXN_006207,CUST_0112,STR_009,2025-04-28,2167.53,Credit Card
TXN_006208,CUST_0357,STR_003,2025-10-17,5069.74,Debit Card
TXN_006209,CUST_0264,STR_003,2025-12-03,209.72,Debit Card
TXN_006210,CUST_0447,STR_007,2025-08-23,1377.49,Debit Card
TXN_006211,CUST_0321,STR_010,2025-02-11,492.11,Credit Card
TXN_006212,CUST_0278,STR_001,2025-03-13,268.84,Credit Card
TXN_006213,CUST_0064,STR_017,2025-09-12,1977.95,Debit Card
TXN_006214,CUST_0418,STR_014,2025-02-02,643.03,Credit Card
TXN_006215,CUST_0410,STR_017,2025-05-19,622.99,Credit Card
TXN_006216,CUST_0240,STR_015,2025-02-23,680.61,Credit Card
TXN_006217,CUST_0401,STR_002,2025-11-08,868.36,Digital Wallet
TXN_006218,CUST_0313,STR_015,2025-05-12,578.95,Cash
TXN_006219,CUST_0070,STR_012,2025-02-23,276.94,Credit Card
TXN_006220,CUST_0365,STR_017,2025-05-02,1627.31,Debit Card
TXN_006221,CUST_0005,STR_008,2025-12-17,10933.63,Credit Card
TXN_006222,CUST_0396,STR_019,2025-01-21,1745.96,Debit Card
TXN_006223,CUST_0455,STR_006,2025-10-17,1595.6,Debit Card
TXN_006224,CUST_0391,STR_014,2025-04-29,470.35,Credit Card
TXN_006225,CUST_0341,STR_020,2025-12-30,782.43,Credit Card
TXN_006226,CUST_0307,STR_017,2025-06-24,20.84,Credit Card
TXN_006227,CUST_0408,STR_012,2025-07-04,911.93,Credit Card
TXN_006228,CUST_0445,STR_019,2025-02-18,444.41,Digital Wallet
TXN_006229,CUST_0473,STR_014,2025-06-24,1019.65,Debit Card
TXN_006230,CUST_0127,STR_012,2025-12-31,363.94,Credit Card
TXN_006231,CUST_0082,STR_010,2025-02-15,209.72,Credit Card
TXN_006232,CUST_0230,STR_013,2025-03-19,576.46,Credit Card
TXN_006233,CUST_0057,STR_006,2025-11-16,546.47,Digital Wallet
TXN_006234,CUST_0179,STR_007,2025-03-04,1105.37,Debit Card
TXN_006235,CUST_0138,STR_002,2025-09-19,1128.34,Credit Card
TXN_006236,CUST_0225,STR_004,2025-01-28,2331.58,Debit Card
TXN_006237,CUST_0289,STR_009,2025-11-28,1875.77,Credit Card
TXN_006238,CUST_0405,STR_011,2025-12-02,6281.7,Credit Card
TXN_006239,CUST_0156,STR_012,2025-02-21,1884.65,Digital Wallet
TXN_006240,CUST_0469,STR_001,2025-09-02,1452.86,Credit Card
TXN_006241,CUST_0259,STR_020,2025-01-04,221.44,Credit Card
TXN_006242,CUST_0207,STR_002,2025-12-31,559.06,Debit Card
TXN_006243,CUST_0216,STR_019,2025-07-05,98.21,Credit Card
TXN_006244,CUST_0388,STR_008,2025-02-25,434.06,Credit Card
TXN_006245,CUST_0342,STR_017,2025-09-16,1227.74,Debit Card
TXN_006246,CUST_0391,STR_001,2025-05-19,548.5,Credit Card
TXN_006247,CUST_0366,STR_019,2025-05-10,503.15,Credit Card
TXN_006248,CUST_0429,STR_004,2025-05-07,1109.62,Credit Card
TXN_006249,CUST_0182,STR_002,2025-06-13,859.53,Debit Card
TXN_006250,CUST_0144,STR_020,2025-01-23,588.22,Digital Wallet
TXN_006251,CUST_0291,STR_001,2025-03-06,1289.41,Credit Card
TXN_006252,CUST_0349,STR_010,2025-01-22,306.03,Credit Card
TXN_006253,CUST_0452,STR_019,2025-10-26,1882.59,Credit Card
TXN_006254,CUST_0168,STR_018,2025-01-27,1628.58,Debit Card
TXN_006255,CUST_0476,STR_012,2025-02-27,316.58,Debit Card
TXN_006256,CUST_0310,STR_005,2025-05-29,1056.22,Cash
TXN_006257,CUST_0436,STR_006,2025-11-13,2024.19,Credit Card
TXN_006258,CUST_0011,STR_007,2025-09-13,1146.92,Credit Card
TXN_006259,CUST_0362,STR_007,2025-04-27,804.71,Debit Card
TXN_006260,CUST_0105,STR_003,2025-10-03,1897.59,Credit Card
TXN_006261,CUST_0254,STR_009,2025-12-13,1915.82,Credit Card
TXN_006262,CUST_0409,STR_014,2025-06-08,1195.37,Credit Card
TXN_006263,CUST_0101,STR_003,2025-04-12,126.08,Credit Card
TXN_006264,CUST_0319,STR_002,2025-12-14,72.02,Debit Card
TXN_006265,CUST_0060,STR_010,2025-01-19,8047.1,Digital Wallet
TXN_006266,CUST_0020,STR_014,2025-02-10,8809.87,Debit Card
TXN_006267,CUST_0066,STR_009,2025-11-13,540.58,Credit Card
TXN_006268,CUST_0336,STR_013,2025-08-25,3412.4,Debit Card
TXN_006269,CUST_0065,STR_002,2025-06-14,2706.67,Debit Card
TXN_006270,CUST_0169,STR_002,2025-05-09,1048.56,Cash
TXN_006271,CUST_0030,STR_015,2025-01-11,1352.77,Digital Wallet
TXN_006272,CUST_0142,STR_019,2025-07-06,674.87,Debit Card
TXN_006273,CUST_0093,STR_013,2025-01-23,1285.23,Credit Card
TXN_006274,CUST_0412,STR_013,2025-03-10,190.95,Debit Card
TXN_006275,CUST_0282,STR_016,2025-11-12,337.61,Credit Card
TXN_006276,CUST_0371,STR_015,2025-04-15,5441.96,Credit Card
TXN_006277,CUST_0225,STR_008,2025-09-05,2039.17,Credit Card
TXN_006278,CUST_0255,STR_007,2025-01-15,60.96,Credit Card
TXN_006279,CUST_0225,STR_006,2025-09-08,3300.11,Digital Wallet
TXN_006280,CUST_0172,STR_011,2025-05-22,923.1,Debit Card
TXN_006281,CUST_0378,STR_010,2025-01-23,420.74,Credit Card
TXN_006282,CUST_0375,STR_013,2025-06-06,593.32,Credit Card
TXN_006283,CUST_0490,STR_011,2025-02-03,1056.15,Credit Card
TXN_006284,CUST_0157,STR_017,2025-09-23,559.06,Credit Card
TXN_006285,CUST_0231,STR_008,2025-11-26,471.13,Credit Card
TXN_006286,CUST_0362,STR_007,2025-08-28,701.01,Credit Card
TXN_006287,CUST_0411,STR_020,2025-10-17,120.19,Credit Card
TXN_006288,CUST_0051,STR_020,2025-10-14,503.14,Credit Card
TXN_006289,CUST_0361,STR_017,2025-12-25,811.79,Digital Wallet
TXN_006290,CUST_0214,STR_009,2025-05-03,1668.05,Debit Card
TXN_006291,CUST_0025,STR_004,2025-08-06,422.1,Credit Card
TXN_006292,CUST_0194,STR_010,2025-09-11,170.86,Debit Card
TXN_006293,CUST_0035,STR_016,2025-08-08,1706.23,Debit Card
TXN_006294,CUST_0417,STR_001,2025-01-31,1097.51,Credit Card
TXN_006295,CUST_0459,STR_001,2025-01-20,494.79,Debit Card
TXN_006296,CUST_0391,STR_002,2025-10-16,1443.82,Debit Card
TXN_006297,CUST_0018,STR_016,2025-04-18,1624.22,Debit Card
TXN_006298,CUST_0267,STR_004,2025-04-02,546.47,Credit Card
TXN_006299,CUST_0126,STR_013,2025-05-24,63.26,Cash
TXN_006300,CUST_0070,STR_004,2025-04-12,1085.41,Debit Card
TXN_006301,CUST_0480,STR_015,2025-05-15,412.36,Debit Card
TXN_006302,CUST_0114,STR_018,2025-03-17,774.78,Digital Wallet
TXN_006303,CUST_0401,STR_018,2025-10-22,308.27,Credit Card
TXN_006304,CUST_0415,STR_017,2025-06-04,46.32,Cash
TXN_006305,CUST_0439,STR_010,2025-02-04,276.94,Digital Wallet
TXN_006306,CUST_0494,STR_005,2025-12-11,222.34,Credit Card
TXN_006307,CUST_0008,STR_009,2025-09-10,277.44,Digital Wallet
TXN_006308,CUST_0352,STR_005,2025-02-17,112.5,Credit Card
TXN_006309,CUST_0405,STR_020,2025-03-30,655.78,Credit Card
TXN_006310,CUST_0164,STR_007,2025-04-22,859.43,Credit Card
TXN_006311,CUST_0492,STR_004,2025-04-02,785.02,Credit Card
TXN_006312,CUST_0066,STR_011,2025-05-11,767.01,Debit Card
TXN_006313,CUST_0151,STR_008,2025-09-25,3542.98,Credit Card
TXN_006314,CUST_0491,STR_007,2025-10-11,937.49,Cash
TXN_006315,CUST_0354,STR_018,2025-11-30,199.0,Credit Card
TXN_006316,CUST_0060,STR_019,2025-05-17,903.88,Credit Card
TXN_006317,CUST_0359,STR_013,2025-04-21,918.23,Debit Card
TXN_006318,CUST_0025,STR_011,2025-07-31,832.95,Credit Card
TXN_006319,CUST_0419,STR_001,2025-06-07,206.74,Digital Wallet
TXN_006320,CUST_0455,STR_004,2025-10-28,596.04,Credit Card
TXN_006321,CUST_0309,STR_017,2025-02-09,354.38,Credit Card
TXN_006322,CUST_0460,STR_008,2025-11-02,291.32,Credit Card
TXN_006323,CUST_0447,STR_007,2025-12-06,177.45,Debit Card
TXN_006324,CUST_0157,STR_012,2025-06-23,106.31,Digital Wallet
TXN_006325,CUST_0062,STR_003,2025-06-03,1731.91,Credit Card
TXN_006326,CUST_0288,STR_018,2025-12-03,878.79,Debit Card
TXN_006327,CUST_0028,STR_012,2025-12-06,54707.52,Debit Card
TXN_006328,CUST_0149,STR_016,2025-10-23,1181.31,Debit Card
TXN_006329,CUST_0297,STR_005,2025-12-29,72.02,Credit Card
TXN_006330,CUST_0491,STR_016,2025-09-10,248.5,Credit Card
TXN_006331,CUST_0290,STR_002,2025-02-26,1681.64,Credit Card
TXN_006332,CUST_0336,STR_006,2025-12-04,195.06,Digital Wallet
TXN_006333,CUST_0120,STR_015,2025-09-04,36684.69,Cash
TXN_006334,CUST_0016,STR_011,2025-05-17,1597.05,Debit Card
TXN_006335,CUST_0007,STR_012,2025-08-20,764.47,Debit Card
TXN_006336,CUST_0094,STR_020,2025-09-22,684.44,Credit Card
TXN_006337,CUST_0272,STR_006,2025-07-11,1642.91,Credit Card
TXN_006338,CUST_0149,STR_001,2025-12-09,1029.34,Debit Card
TXN_006339,CUST_0157,STR_006,2025-10-08,482.99,Credit Card
TXN_006340,CUST_0027,STR_001,2025-06-19,1753.9,Credit Card
TXN_006341,CUST_0430,STR_004,2025-10-19,870.34,Digital Wallet
TXN_006342,CUST_0130,STR_020,2025-04-03,665.68,Debit Card
TXN_006343,CUST_0304,STR_017,2025-08-11,2118.48,Credit Card
TXN_006344,CUST_0153,STR_009,2025-06-11,706.28,Credit Card
TXN_006345,CUST_0470,STR_018,2025-10-10,41111.2,Credit Card
TXN_006346,CUST_0288,STR_016,2025-12-18,503.15,Debit Card
TXN_006347,CUST_0131,STR_001,2025-06-09,1639.73,Credit Card
TXN_006348,CUST_0430,STR_002,2025-11-26,654.19,Credit Card
TXN_006349,CUST_0367,STR_010,2025-02-05,546.47,Credit Card
TXN_006350,CUST_0099,STR_005,2025-03-08,914.89,Credit Card
TXN_006351,CUST_0273,STR_016,2025-08-21,1708.78,Credit Card
TXN_006352,CUST_0161,STR_005,2025-09-30,28866.9,Debit Card
TXN_006353,CUST_0111,STR_008,2025-01-19,964.11,Credit Card
TXN_006354,CUST_0125,STR_006,2025-12-31,313.12,Debit Card
TXN_006355,CUST_0065,STR_003,2025-10-10,654.34,Credit Card
TXN_006356,CUST_0470,STR_019,2025-05-20,206.81,Credit Card
TXN_006357,CUST_0219,STR_010,2025-12-06,2162.32,Credit Card
TXN_006358,CUST_0158,STR_013,2025-10-09,220.66,Debit Card
TXN_006359,CUST_0275,STR_004,2025-04-18,1834.25,Debit Card
TXN_006360,CUST_0361,STR_017,2025-08-08,992.74,Cash
TXN_006361,CUST_0067,STR_017,2025-03-12,70.0,Credit Card
TXN_006362,CUST_0293,STR_014,2025-06-25,2787.73,Credit Card
TXN_006363,CUST_0490,STR_002,2025-10-29,1043.07,Credit Card
TXN_006364,CUST_0481,STR_013,2025-01-13,1744.5,Credit Card
TXN_006365,CUST_0126,STR_012,2025-07-10,842.63,Credit Card
TXN_006366,CUST_0481,STR_015,2025-05-01,1300.63,Credit Card
TXN_006367,CUST_0405,STR_004,2025-09-13,1823.9,Digital Wallet
TXN_006368,CUST_0196,STR_001,2025-10-07,837.77,Credit Card
TXN_006369,CUST_0073,STR_004,2025-11-11,112.35,Debit Card
TXN_006370,CUST_0095,STR_014,2025-05-26,799.94,Credit Card
TXN_006371,CUST_0210,STR_012,2025-03-22,2290.38,Credit Card
TXN_006372,CUST_0425,STR_008,2025-12-02,198.34,Digital Wallet
TXN_006373,CUST_0177,STR_020,2025-05-07,412.36,Digital Wallet
TXN_006374,CUST_0433,STR_013,2025-11-07,425.81,Credit Card
TXN_006375,CUST_0293,STR_020,2025-10-02,524.28,Debit Card
TXN_006376,CUST_0457,STR_015,2025-04-14,3292.4,Credit Card
TXN_006377,CUST_0288,STR_005,2025-11-21,98.21,Credit Card
TXN_006378,CUST_0099,STR_004,2025-03-27,1978.31,Credit Card
TXN_006379,CUST_0027,STR_009,2025-10-08,1178.44,Credit Card
TXN_006380,CUST_0353,STR_010,2025-01-10,524.05,Credit Card
TXN_006381,CUST_0028,STR_011,2025-09-10,3702.11,Debit Card
TXN_006382,CUST_0278,STR_003,2025-12-29,1555.14,Credit Card
TXN_006383,CUST_0069,STR_007,2025-03-09,1539.57,Credit Card
TXN_006384,CUST_0255,STR_018,2025-05-22,1239.35,Debit Card
TXN_006385,CUST_0136,STR_001,2025-09-28,412.36,Digital Wallet
TXN_006386,CUST_0068,STR_018,2025-04-02,1260.82,Debit Card
TXN_006387,CUST_0435,STR_011,2025-10-07,1323.66,Debit Card
TXN_006388,CUST_0019,STR_013,2025-11-23,3637.41,Credit Card
TXN_006389,CUST_0199,STR_018,2025-05-16,1655.96,Credit Card
TXN_006390,CUST_0113,STR_006,2025-04-03,1478.19,Credit Card
TXN_006391,CUST_0409,STR_007,2025-07-16,1222.19,Credit Card
TXN_006392,CUST_0075,STR_019,2025-09-22,647.96,Debit Card
TXN_006393,CUST_0466,STR_010,2025-08-25,207.7,Credit Card
TXN_006394,CUST_0066,STR_016,2025-01-07,880.57,Debit Card
TXN_006395,CUST_0223,STR_002,2025-12-08,398.59,Credit Card
TXN_006396,CUST_0316,STR_002,2025-10-05,23.16,Credit Card
TXN_006397,CUST_0378,STR_002,2025-12-07,338.3,Credit Card
TXN_006398,CUST_0121,STR_011,2025-09-17,404.97,Credit Card
TXN_006399,CUST_0449,STR_009,2025-08-23,3262.94,Credit Card
TXN_006400,CUST_0479,STR_007,2025-04-17,444.41,Credit Card
TXN_006401,CUST_0014,STR_011,2025-10-25,1389.2,Credit Card
TXN_006402,CUST_0357,STR_010,2025-05-01,1284.73,Digital Wallet
TXN_006403,CUST_0333,STR_004,2025-02-23,1567.68,Debit Card
TXN_006404,CUST_0127,STR_009,2025-02-16,388.43,Credit Card
TXN_006405,CUST_0136,STR_008,2025-09-01,481.03,Debit Card
TXN_006406,CUST_0084,STR_006,2025-11-19,354.9,Credit Card
TXN_006407,CUST_0093,STR_011,2025-03-17,2266.17,Debit Card
TXN_006408,CUST_0438,STR_011,2025-09-15,1630.83,Debit Card
TXN_006409,CUST_0091,STR_020,2025-01-10,988.2,Debit Card
TXN_006410,CUST_0009,STR_012,2025-01-03,3049.35,Credit Card
TXN_006411,CUST_0279,STR_016,2025-05-06,655.78,Credit Card
TXN_006412,CUST_0358,STR_007,2025-05-03,576.46,Cash
TXN_006413,CUST_0056,STR_002,2025-03-04,811.67,Credit Card
TXN_006414,CUST_0219,STR_013,2025-12-15,3415.83,Credit Card
TXN_006415,CUST_0182,STR_019,2025-01-21,2239.11,Credit Card
TXN_006416,CUST_0310,STR_010,2025-07-31,567.11,Digital Wallet
TXN_006417,CUST_0148,STR_009,2025-09-06,142.5,Credit Card
TXN_006418,CUST_0162,STR_018,2025-04-12,2025.23,Debit Card
TXN_006419,CUST_0425,STR_014,2025-10-05,1503.08,Credit Card
TXN_006420,CUST_0368,STR_012,2025-05-08,672.95,Debit Card
TXN_006421,CUST_0473,STR_004,2025-08-11,95.5,Digital Wallet
TXN_006422,CUST_0214,STR_012,2025-10-05,150.0,Digital Wallet
TXN_006423,CUST_0254,STR_018,2025-11-16,486.11,Debit Card
TXN_006424,CUST_0200,STR_005,2025-06-04,2198.34,Debit Card
TXN_006425,CUST_0447,STR_015,2025-12-29,1786.04,Digital Wallet
TXN_006426,CUST_0302,STR_010,2025-07-09,60.47,Debit Card
TXN_006427,CUST_0365,STR_007,2025-11-12,1227.74,Digital Wallet
TXN_006428,CUST_0206,STR_020,2025-06-04,3011.17,Credit Card
TXN_006429,CUST_0007,STR_009,2025-11-22,176.75,Digital Wallet
TXN_006430,CUST_0263,STR_007,2025-04-18,1910.54,Credit Card
TXN_006431,CUST_0216,STR_012,2025-07-29,196.42,Debit Card
TXN_006432,CUST_0454,STR_012,2025-11-20,2696.3,Credit Card
TXN_006433,CUST_0150,STR_016,2025-06-11,1619.1,Debit Card
TXN_006434,CUST_0175,STR_005,2025-12-07,650.31,Cash
TXN_006435,CUST_0074,STR_014,2025-10-25,196.4,Credit Card
TXN_006436,CUST_0108,STR_001,2025-07-30,1609.42,Credit Card
TXN_006437,CUST_0105,STR_011,2025-09-04,266.19,Credit Card
TXN_006438,CUST_0422,STR_005,2025-10-02,1104.53,Cash
TXN_006439,CUST_0200,STR_006,2025-06-04,1932.93,Debit Card
TXN_006440,CUST_0224,STR_019,2025-06-27,632.6,Debit Card
TXN_006441,CUST_0114,STR_006,2025-04-27,1356.79,Debit Card
TXN_006442,CUST_0223,STR_011,2025-11-11,897.79,Credit Card
TXN_006443,CUST_0473,STR_006,2025-09-21,2850.37,Cash
TXN_006444,CUST_0390,STR_019,2025-03-09,1107.76,Credit Card
TXN_006445,CUST_0281,STR_006,2025-05-01,710.76,Credit Card
TXN_006446,CUST_0306,STR_001,2025-03-04,560.1,Debit Card
TXN_006447,CUST_0078,STR_020,2025-05-29,817.66,Debit Card
TXN_006448,CUST_0028,STR_013,2025-03-19,628.17,Debit Card
TXN_006449,CUST_0072,STR_020,2025-12-12,156.56,Debit Card
TXN_006450,CUST_0031,STR_011,2025-07-07,106.31,Credit Card
TXN_006451,CUST_0284,STR_011,2025-05-15,783.48,Debit Card
TXN_006452,CUST_0481,STR_005,2025-10-27,828.64,Credit Card
TXN_006453,CUST_0029,STR_003,2025-04-28,281.83,Debit Card
TXN_006454,CUST_0130,STR_018,2025-03-01,872.25,Credit Card
TXN_006455,CUST_0472,STR_013,2025-07-13,1615.38,Debit Card
TXN_006456,CUST_0287,STR_011,2025-08-05,759.78,Credit Card
TXN_006457,CUST_0017,STR_003,2025-07-24,3454.91,Credit Card
TXN_006458,CUST_0305,STR_008,2025-11-30,545.45,Credit Card
TXN_006459,CUST_0015,STR_019,2025-03-04,519.58,Digital Wallet
TXN_006460,CUST_0144,STR_016,2025-01-15,739.05,Cash
TXN_006461,CUST_0329,STR_019,2025-07-08,28.73,Credit Card
TXN_006462,CUST_0455,STR_008,2025-08-08,1276.03,Credit Card
TXN_006463,CUST_0048,STR_017,2025-05-24,706.98,Debit Card
TXN_006464,CUST_0177,STR_008,2025-08-03,466.1,Credit Card
TXN_006465,CUST_0162,STR_010,2025-01-14,872.25,Debit Card
TXN_006466,CUST_0489,STR_018,2025-12-06,1227.74,Digital Wallet
TXN_006467,CUST_0252,STR_020,2025-12-13,98.06,Debit Card
TXN_006468,CUST_0260,STR_016,2025-08-09,282.99,Credit Card
TXN_006469,CUST_0357,STR_002,2025-04-24,431.34,Credit Card
TXN_006470,CUST_0270,STR_003,2025-05-23,1389.19,Credit Card
TXN_006471,CUST_0485,STR_013,2025-09-03,595.15,Credit Card
TXN_006472,CUST_0207,STR_010,2025-05-17,2255.65,Digital Wallet
TXN_006473,CUST_0019,STR_019,2025-03-15,249.25,Credit Card
TXN_006474,CUST_0471,STR_013,2025-09-30,831.78,Credit Card
TXN_006475,CUST_0357,STR_005,2025-05-17,1227.74,Credit Card
TXN_006476,CUST_0257,STR_015,2025-03-12,1165.25,Credit Card
TXN_006477,CUST_0343,STR_020,2025-11-16,391.92,Cash
TXN_006478,CUST_0315,STR_019,2025-03-27,221.44,Credit Card
TXN_006479,CUST_0499,STR_015,2025-10-20,1350.04,Debit Card
TXN_006480,CUST_0342,STR_015,2025-11-02,2279.41,Credit Card
TXN_006481,CUST_0151,STR_013,2025-11-28,267.37,Credit Card
TXN_006482,CUST_0052,STR_008,2025-02-22,448.22,Debit Card
TXN_006483,CUST_0475,STR_010,2025-12-02,1348.07,Credit Card
TXN_006484,CUST_0139,STR_018,2025-07-17,758.73,Credit Card
TXN_006485,CUST_0246,STR_016,2025-08-01,2698.66,Credit Card
TXN_006486,CUST_0296,STR_013,2025-02-27,871.99,Credit Card
TXN_006487,CUST_0028,STR_002,2025-04-19,1734.33,Credit Card
TXN_006488,CUST_0399,STR_002,2025-05-04,995.6,Credit Card
TXN_006489,CUST_0047,STR_006,2025-01-24,2179.29,Debit Card
TXN_006490,CUST_0352,STR_015,2025-05-06,1044.7,Credit Card
TXN_006491,CUST_0125,STR_018,2025-11-06,778.85,Digital Wallet
TXN_006492,CUST_0217,STR_008,2025-07-31,804.71,Debit Card
TXN_006493,CUST_0051,STR_006,2025-12-16,977.2,Credit Card
TXN_006494,CUST_0152,STR_001,2025-07-27,5521.0,Debit Card
TXN_006495,CUST_0206,STR_004,2025-11-27,831.51,Digital Wallet
TXN_006496,CUST_0160,STR_015,2025-12-21,120.93,Credit Card
TXN_006497,CUST_0008,STR_013,2025-11-03,1211.42,Credit Card
TXN_006498,CUST_0290,STR_001,2025-08-30,2005.78,Credit Card
TXN_006499,CUST_0276,STR_004,2025-05-02,5287.14,Credit Card
TXN_006500,CUST_0489,STR_019,2025-06-14,2957.96,Credit Card
TXN_006501,CUST_0252,STR_007,2025-11-22,523.49,Debit Card
TXN_006502,CUST_0287,STR_020,2025-12-09,1755.66,Credit Card
TXN_006503,CUST_0096,STR_009,2025-04-17,876.36,Debit Card
TXN_006504,CUST_0231,STR_018,2025-10-01,403.4,Digital Wallet
TXN_006505,CUST_0395,STR_014,2025-09-10,64.17,Debit Card
TXN_006506,CUST_0431,STR_006,2025-03-05,983.55,Credit Card
TXN_006507,CUST_0031,STR_009,2025-10-09,444.41,Debit Card
TXN_006508,CUST_0300,STR_016,2025-08-07,9512.58,Digital Wallet
TXN_006509,CUST_0498,STR_017,2025-07-01,1095.27,Credit Card
TXN_006510,CUST_0293,STR_001,2025-06-10,929.76,Cash
TXN_006511,CUST_0171,STR_016,2025-09-01,1791.49,Debit Card
TXN_006512,CUST_0104,STR_011,2025-02-23,1694.59,Debit Card
TXN_006513,CUST_0451,STR_014,2025-06-25,554.28,Credit Card
TXN_006514,CUST_0348,STR_004,2025-07-04,310.93,Credit Card
TXN_006515,CUST_0151,STR_010,2025-04-14,872.25,Credit Card
TXN_006516,CUST_0496,STR_007,2025-04-18,2771.12,Credit Card
TXN_006517,CUST_0380,STR_005,2025-05-20,519.58,Debit Card
TXN_006518,CUST_0370,STR_010,2025-01-01,804.71,Credit Card
TXN_006519,CUST_0148,STR_012,2025-08-23,996.83,Credit Card
TXN_006520,CUST_0357,STR_014,2025-03-22,833.39,Credit Card
TXN_006521,CUST_0465,STR_016,2025-03-13,548.54,Credit Card
TXN_006522,CUST_0273,STR_006,2025-01-21,1619.47,Credit Card
TXN_006523,CUST_0100,STR_017,2025-11-28,713.96,Credit Card
TXN_006524,CUST_0139,STR_004,2025-12-28,23.16,Debit Card
TXN_006525,CUST_0133,STR_015,2025-03-03,561.81,Credit Card
TXN_006526,CUST_0339,STR_014,2025-12-09,644.69,Credit Card
TXN_006527,CUST_0298,STR_012,2025-09-29,3825.0,Debit Card
TXN_006528,CUST_0279,STR_014,2025-12-31,758.37,Digital Wallet
TXN_006529,CUST_0406,STR_004,2025-11-21,7701.56,Debit Card
TXN_006530,CUST_0145,STR_010,2025-11-25,623.32,Debit Card
TXN_006531,CUST_0185,STR_003,2025-12-30,128.24,Credit Card
TXN_006532,CUST_0391,STR_013,2025-06-04,519.15,Credit Card
TXN_006533,CUST_0485,STR_019,2025-07-22,372.32,Debit Card
TXN_006534,CUST_0311,STR_015,2025-03-26,721.91,Credit Card
TXN_006535,CUST_0258,STR_018,2025-12-30,1935.04,Credit Card
TXN_006536,CUST_0188,STR_017,2025-11-12,7954.83,Credit Card
TXN_006537,CUST_0263,STR_015,2025-08-18,776.55,Debit Card
TXN_006538,CUST_0163,STR_016,2025-11-26,885.87,Credit Card
TXN_006539,CUST_0429,STR_006,2025-01-12,1627.48,Digital Wallet
TXN_006540,CUST_0390,STR_012,2025-09-26,2435.01,Credit Card
TXN_006541,CUST_0338,STR_006,2025-02-25,205.33,Digital Wallet
TXN_006542,CUST_0354,STR_009,2025-07-31,1721.93,Cash
TXN_006543,CUST_0245,STR_018,2025-03-01,281.62,Credit Card
TXN_006544,CUST_0209,STR_013,2025-06-30,1039.16,Digital Wallet
TXN_006545,CUST_0426,STR_008,2025-01-16,2691.54,Credit Card
TXN_006546,CUST_0362,STR_017,2025-12-16,2616.95,Credit Card
TXN_006547,CUST_0064,STR_009,2025-08-12,60.96,Digital Wallet
TXN_006548,CUST_0176,STR_018,2025-07-09,641.4,Credit Card
TXN_006549,CUST_0032,STR_011,2025-03-20,235.66,Cash
TXN_006550,CUST_0204,STR_009,2025-07-11,491.02,Credit Card
TXN_006551,CUST_0275,STR_014,2025-08-19,1370.94,Credit Card
TXN_006552,CUST_0383,STR_006,2025-07-04,525.66,Credit Card
TXN_006553,CUST_0338,STR_006,2025-12-17,412.36,Credit Card
TXN_006554,CUST_0463,STR_012,2025-08-20,1739.3,Credit Card
TXN_006555,CUST_0445,STR_011,2025-03-13,206.44,Debit Card
TXN_006556,CUST_0351,STR_010,2025-08-29,292.86,Credit Card
TXN_006557,CUST_0493,STR_013,2025-03-02,785.26,Debit Card
TXN_006558,CUST_0036,STR_016,2025-05-08,804.71,Credit Card
TXN_006559,CUST_0257,STR_004,2025-10-20,276.94,Digital Wallet
TXN_006560,CUST_0091,STR_005,2025-05-08,1798.17,Debit Card
TXN_006561,CUST_0445,STR_012,2025-07-24,503.45,Digital Wallet
TXN_006562,CUST_0339,STR_009,2025-10-28,399.97,Credit Card
TXN_006563,CUST_0116,STR_019,2025-06-18,199.0,Credit Card
TXN_006564,CUST_0297,STR_011,2025-06-01,872.25,Credit Card
TXN_006565,CUST_0011,STR_001,2025-03-13,242.55,Credit Card
TXN_006566,CUST_0065,STR_010,2025-08-22,235.4,Credit Card
TXN_006567,CUST_0290,STR_006,2025-06-01,1072.46,Credit Card
TXN_006568,CUST_0358,STR_007,2025-03-14,1774.32,Debit Card
TXN_006569,CUST_0272,STR_016,2025-02-01,1317.06,Digital Wallet
TXN_006570,CUST_0050,STR_012,2025-09-30,1194.69,Debit Card
TXN_006571,CUST_0006,STR_016,2025-06-10,199.0,Credit Card
TXN_006572,CUST_0331,STR_005,2025-10-10,520.83,Digital Wallet
TXN_006573,CUST_0184,STR_007,2025-01-28,422.1,Credit Card
TXN_006574,CUST_0083,STR_016,2025-05-11,923.74,Credit Card
TXN_006575,CUST_0027,STR_004,2025-10-07,121.92,Credit Card
TXN_006576,CUST_0192,STR_004,2025-11-09,206.81,Credit Card
TXN_006577,CUST_0054,STR_015,2025-05-02,1073.98,Debit Card
TXN_006578,CUST_0419,STR_003,2025-05-08,519.58,Credit Card
TXN_006579,CUST_0288,STR_009,2025-07-15,2096.37,Debit Card
TXN_006580,CUST_0420,STR_014,2025-01-22,758.37,Credit Card
TXN_006581,CUST_0348,STR_005,2025-10-09,1444.74,Credit Card
TXN_006582,CUST_0138,STR_004,2025-06-20,442.71,Credit Card
TXN_006583,CUST_0380,STR_013,2025-12-15,177.45,Debit Card
TXN_006584,CUST_0197,STR_012,2025-09-30,3086.05,Digital Wallet
TXN_006585,CUST_0189,STR_015,2025-06-28,442.53,Credit Card
TXN_006586,CUST_0413,STR_008,2025-03-24,1022.63,Debit Card
TXN_006587,CUST_0491,STR_007,2025-08-08,1365.41,Credit Card
TXN_006588,CUST_0021,STR_010,2025-04-09,3811.42,Credit Card
TXN_006589,CUST_0229,STR_016,2025-05-27,2236.93,Credit Card
TXN_006590,CUST_0105,STR_008,2025-06-28,90.36,Credit Card
TXN_006591,CUST_0234,STR_006,2025-01-12,825.35,Credit Card
TXN_006592,CUST_0318,STR_011,2025-09-20,804.71,Credit Card
TXN_006593,CUST_0032,STR_011,2025-11-20,28.73,Credit Card
TXN_006594,CUST_0034,STR_015,2025-04-14,208.78,Cash
TXN_006595,CUST_0297,STR_012,2025-02-22,1963.02,Cash
TXN_006596,CUST_0455,STR_008,2025-04-24,1613.65,Debit Card
TXN_006597,CUST_0380,STR_020,2025-10-26,1451.61,Digital Wallet
TXN_006598,CUST_0232,STR_013,2025-09-14,663.32,Debit Card
TXN_006599,CUST_0404,STR_017,2025-08-05,1245.98,Credit Card
TXN_006600,CUST_0321,STR_008,2025-09-01,1399.64,Credit Card
TXN_006601,CUST_0175,STR_010,2025-08-14,1688.4,Credit Card
TXN_006602,CUST_0351,STR_011,2025-12-15,476.25,Credit Card
TXN_006603,CUST_0337,STR_002,2025-01-26,1657.27,Credit Card
TXN_006604,CUST_0174,STR_002,2025-03-10,3042.23,Digital Wallet
TXN_006605,CUST_0258,STR_009,2025-05-12,5212.16,Credit Card
TXN_006606,CUST_0213,STR_002,2025-06-08,2985.01,Debit Card
TXN_006607,CUST_0319,STR_002,2025-11-01,518.81,Credit Card
TXN_006608,CUST_0236,STR_001,2025-09-02,838.98,Debit Card
TXN_006609,CUST_0367,STR_002,2025-08-27,103.22,Digital Wallet
TXN_006610,CUST_0158,STR_015,2025-05-17,493.51,Digital Wallet
TXN_006611,CUST_0188,STR_008,2025-12-01,398.0,Cash
TXN_006612,CUST_0468,STR_017,2025-07-16,2635.56,Debit Card
TXN_006613,CUST_0451,STR_010,2025-10-13,75.81,Credit Card
TXN_006614,CUST_0086,STR_018,2025-03-29,1600.64,Cash
TXN_006615,CUST_0105,STR_004,2025-05-17,1799.88,Debit Card
TXN_006616,CUST_0163,STR_014,2025-06-12,524.05,Credit Card
TXN_006617,CUST_0276,STR_004,2025-07-23,563.24,Credit Card
TXN_006618,CUST_0289,STR_016,2025-06-07,425.52,Debit Card
TXN_006619,CUST_0016,STR_004,2025-07-13,503.14,Digital Wallet
TXN_006620,CUST_0154,STR_011,2025-06-05,494.05,Cash
TXN_006621,CUST_0086,STR_009,2025-10-09,1350.3,Digital Wallet
TXN_006622,CUST_0496,STR_008,2025-04-27,34248.79,Debit Card
TXN_006623,CUST_0158,STR_016,2025-12-07,2506.05,Credit Card
TXN_006624,CUST_0416,STR_012,2025-03-28,422.19,Credit Card
TXN_006625,CUST_0226,STR_010,2025-03-22,498.74,Credit Card
TXN_006626,CUST_0431,STR_001,2025-01-15,1043.49,Credit Card
TXN_006627,CUST_0387,STR_009,2025-12-29,416.61,Credit Card
TXN_006628,CUST_0112,STR_006,2025-05-16,2698.29,Digital Wallet
TXN_006629,CUST_0074,STR_014,2025-06-07,559.06,Credit Card
TXN_006630,CUST_0398,STR_019,2025-07-29,710.76,Digital Wallet
TXN_006631,CUST_0035,STR_007,2025-01-26,2012.9,Debit Card
TXN_006632,CUST_0178,STR_006,2025-04-30,762.66,Credit Card
TXN_006633,CUST_0436,STR_007,2025-07-02,1312.91,Credit Card
TXN_006634,CUST_0024,STR_003,2025-10-18,972.22,Digital Wallet
TXN_006635,CUST_0049,STR_008,2025-02-09,447.75,Credit Card
TXN_006636,CUST_0119,STR_019,2025-04-30,947.91,Credit Card
TXN_006637,CUST_0010,STR_012,2025-09-21,1369.08,Debit Card
TXN_006638,CUST_0327,STR_003,2025-10-24,2610.74,Debit Card
TXN_006639,CUST_0207,STR_010,2025-01-12,29783.63,Credit Card
TXN_006640,CUST_0383,STR_013,2025-09-11,1313.33,Debit Card
TXN_006641,CUST_0030,STR_007,2025-06-21,433.65,Cash
TXN_006642,CUST_0291,STR_016,2025-05-28,210.24,Digital Wallet
TXN_006643,CUST_0236,STR_017,2025-08-27,2660.53,Credit Card
TXN_006644,CUST_0263,STR_019,2025-11-14,1546.86,Credit Card
TXN_006645,CUST_0471,STR_008,2025-02-14,553.88,Debit Card
TXN_006646,CUST_0240,STR_002,2025-01-28,25.86,Debit Card
TXN_006647,CUST_0356,STR_004,2025-08-07,2224.92,Digital Wallet
TXN_006648,CUST_0263,STR_007,2025-09-02,394.28,Credit Card
TXN_006649,CUST_0404,STR_020,2025-06-20,313.12,Credit Card
TXN_006650,CUST_0457,STR_002,2025-12-02,63.65,Cash
TXN_006651,CUST_0051,STR_019,2025-11-16,1920.36,Credit Card
TXN_006652,CUST_0340,STR_011,2025-08-19,4016.42,Digital Wallet
TXN_006653,CUST_0142,STR_002,2025-02-14,625.98,Credit Card
TXN_006654,CUST_0046,STR_007,2025-11-10,1016.26,Credit Card
TXN_006655,CUST_0161,STR_011,2025-07-11,1948.27,Credit Card
TXN_006656,CUST_0398,STR_007,2025-07-18,56.93,Debit Card
TXN_006657,CUST_0351,STR_002,2025-10-16,6679.19,Credit Card
TXN_006658,CUST_0297,STR_008,2025-05-05,799.79,Credit Card
TXN_006659,CUST_0241,STR_001,2025-07-01,600.34,Credit Card
TXN_006660,CUST_0330,STR_010,2025-09-13,1112.89,Credit Card
TXN_006661,CUST_0457,STR_013,2025-01-08,969.68,Credit Card
TXN_006662,CUST_0462,STR_002,2025-01-02,4425.3,Credit Card
TXN_006663,CUST_0235,STR_020,2025-03-03,2648.54,Cash
TXN_006664,CUST_0221,STR_005,2025-07-20,372.32,Credit Card
TXN_006665,CUST_0086,STR_008,2025-02-12,524.28,Credit Card
TXN_006666,CUST_0311,STR_001,2025-05-13,327.75,Credit Card
TXN_006667,CUST_0210,STR_010,2025-07-02,530.24,Digital Wallet
TXN_006668,CUST_0127,STR_007,2025-11-28,1396.13,Credit Card
TXN_006669,CUST_0273,STR_005,2025-05-17,391.92,Digital Wallet
TXN_006670,CUST_0367,STR_005,2025-08-24,199.23,Digital Wallet
TXN_006671,CUST_0073,STR_018,2025-08-21,806.09,Credit Card
TXN_006672,CUST_0154,STR_008,2025-08-18,2527.89,Credit Card
TXN_006673,CUST_0332,STR_018,2025-05-21,1317.56,Credit Card
TXN_006674,CUST_0473,STR_018,2025-12-04,1481.23,Debit Card
TXN_006675,CUST_0060,STR_020,2025-01-21,830.82,Credit Card
TXN_006676,CUST_0020,STR_001,2025-06-18,824.96,Digital Wallet
TXN_006677,CUST_0386,STR_002,2025-11-06,1130.71,Digital Wallet
TXN_006678,CUST_0361,STR_001,2025-07-29,1059.06,Digital Wallet
TXN_006679,CUST_0275,STR_001,2025-07-10,209.72,Credit Card
TXN_006680,CUST_0131,STR_018,2025-01-20,578.95,Debit Card
TXN_006681,CUST_0258,STR_002,2025-01-04,888.82,Credit Card
TXN_006682,CUST_0315,STR_009,2025-02-05,690.11,Debit Card
TXN_006683,CUST_0291,STR_013,2025-09-04,683.28,Debit Card
TXN_006684,CUST_0199,STR_015,2025-03-21,114.74,Credit Card
TXN_006685,CUST_0111,STR_018,2025-10-12,38203.08,Debit Card
TXN_006686,CUST_0460,STR_009,2025-06-22,761.54,Digital Wallet
TXN_006687,CUST_0449,STR_006,2025-09-09,351.58,Debit Card
TXN_006688,CUST_0369,STR_009,2025-09-28,984.6,Digital Wallet
TXN_006689,CUST_0158,STR_003,2025-11-06,362.7,Credit Card
TXN_006690,CUST_0231,STR_016,2025-03-11,982.79,Debit Card
TXN_006691,CUST_0049,STR_001,2025-03-23,4009.95,Debit Card
TXN_006692,CUST_0404,STR_007,2025-02-19,169.15,Credit Card
TXN_006693,CUST_0135,STR_008,2025-04-03,1357.53,Credit Card
TXN_006694,CUST_0222,STR_003,2025-08-12,621.62,Debit Card
TXN_006695,CUST_0310,STR_006,2025-04-04,899.94,Debit Card
TXN_006696,CUST_0072,STR_014,2025-01-22,853.78,Credit Card
TXN_006697,CUST_0036,STR_016,2025-06-01,1203.21,Credit Card
TXN_006698,CUST_0004,STR_020,2025-05-23,2918.55,Credit Card
TXN_006699,CUST_0240,STR_013,2025-12-11,645.98,Debit Card
TXN_006700,CUST_0144,STR_013,2025-12-10,2557.97,Debit Card
TXN_006701,CUST_0121,STR_015,2025-04-27,223.88,Credit Card
TXN_006702,CUST_0471,STR_010,2025-01-02,2410.66,Credit Card
TXN_006703,CUST_0340,STR_002,2025-01-02,1479.75,Credit Card
TXN_006704,CUST_0337,STR_002,2025-07-04,620.26,Debit Card
TXN_006705,CUST_0464,STR_003,2025-11-16,1963.87,Digital Wallet
TXN_006706,CUST_0088,STR_006,2025-09-18,1517.04,Digital Wallet
TXN_006707,CUST_0421,STR_020,2025-12-05,566.69,Debit Card
TXN_006708,CUST_0397,STR_013,2025-02-28,1047.1,Credit Card
TXN_006709,CUST_0130,STR_005,2025-02-11,1032.67,Digital Wallet
TXN_006710,CUST_0468,STR_015,2025-10-06,1653.89,Debit Card
TXN_006711,CUST_0353,STR_018,2025-05-29,392.84,Digital Wallet
TXN_006712,CUST_0499,STR_003,2025-06-10,150.83,Digital Wallet
TXN_006713,CUST_0329,STR_010,2025-06-06,1121.59,Credit Card
TXN_006714,CUST_0132,STR_015,2025-01-21,2690.69,Digital Wallet
TXN_006715,CUST_0074,STR_009,2025-11-23,22.0,Credit Card
TXN_006716,CUST_0169,STR_003,2025-07-22,64.17,Digital Wallet
TXN_006717,CUST_0324,STR_016,2025-01-13,423.32,Digital Wallet
TXN_006718,CUST_0454,STR_010,2025-01-16,294.63,Credit Card
TXN_006719,CUST_0499,STR_009,2025-09-23,212.09,Credit Card
TXN_006720,CUST_0339,STR_014,2025-06-14,103.52,Credit Card
TXN_006721,CUST_0406,STR_004,2025-10-25,2760.6,Credit Card
TXN_006722,CUST_0191,STR_016,2025-11-05,523.49,Credit Card
TXN_006723,CUST_0362,STR_016,2025-07-18,1526.27,Credit Card
TXN_006724,CUST_0372,STR_018,2025-05-30,632.48,Digital Wallet
TXN_006725,CUST_0073,STR_014,2025-07-09,547.64,Digital Wallet
TXN_006726,CUST_0278,STR_010,2025-12-24,821.32,Debit Card
TXN_006727,CUST_0299,STR_002,2025-05-18,610.88,Debit Card
TXN_006728,CUST_0297,STR_014,2025-05-28,718.03,Credit Card
TXN_006729,CUST_0148,STR_004,2025-03-18,842.63,Credit Card
TXN_006730,CUST_0034,STR_015,2025-04-06,4670.6,Credit Card
TXN_006731,CUST_0475,STR_006,2025-12-08,372.32,Credit Card
TXN_006732,CUST_0136,STR_018,2025-01-26,375.77,Credit Card
TXN_006733,CUST_0272,STR_012,2025-07-01,1353.49,Credit Card
TXN_006734,CUST_0215,STR_018,2025-09-24,550.0,Credit Card
TXN_006735,CUST_0319,STR_016,2025-05-20,1157.77,Digital Wallet
TXN_006736,CUST_0430,STR_013,2025-06-10,464.5,Credit Card
TXN_006737,CUST_0211,STR_002,2025-06-28,749.08,Digital Wallet
TXN_006738,CUST_0047,STR_004,2025-06-22,842.63,Credit Card
TXN_006739,CUST_0069,STR_003,2025-08-03,1799.88,Credit Card
TXN_006740,CUST_0377,STR_017,2025-02-21,290.73,Credit Card
TXN_006741,CUST_0353,STR_008,2025-05-13,199.0,Debit Card
TXN_006742,CUST_0360,STR_001,2025-09-10,533.12,Digital Wallet
TXN_006743,CUST_0451,STR_002,2025-02-21,1650.19,Debit Card
TXN_006744,CUST_0069,STR_019,2025-08-21,178.5,Credit Card
TXN_006745,CUST_0147,STR_019,2025-07-24,1831.79,Cash
TXN_006746,CUST_0173,STR_018,2025-09-08,503.14,Digital Wallet
TXN_006747,CUST_0365,STR_006,2025-04-28,906.87,Credit Card
TXN_006748,CUST_0265,STR_018,2025-10-31,1933.65,Credit Card
TXN_006749,CUST_0160,STR_011,2025-03-17,26535.35,Credit Card
TXN_006750,CUST_0098,STR_013,2025-06-11,472.52,Credit Card
TXN_006751,CUST_0285,STR_004,2025-06-21,510.18,Digital Wallet
TXN_006752,CUST_0304,STR_004,2025-03-05,2551.05,Credit Card
TXN_006753,CUST_0036,STR_013,2025-12-01,561.81,Digital Wallet
TXN_006754,CUST_0027,STR_014,2025-11-10,4485.85,Digital Wallet
TXN_006755,CUST_0301,STR_010,2025-04-24,154.58,Credit Card
TXN_006756,CUST_0103,STR_019,2025-09-01,201.7,Credit Card
TXN_006757,CUST_0090,STR_003,2025-02-23,6320.7,Credit Card
TXN_006758,CUST_0453,STR_006,2025-08-13,23.16,Credit Card
TXN_006759,CUST_0007,STR_017,2025-03-03,3418.7,Digital Wallet
TXN_006760,CUST_0115,STR_012,2025-02-01,355.38,Debit Card
TXN_006761,CUST_0298,STR_019,2025-12-19,1152.27,Credit Card
TXN_006762,CUST_0188,STR_005,2025-06-19,2080.29,Debit Card
TXN_006763,CUST_0259,STR_018,2025-06-11,19.69,Digital Wallet
TXN_006764,CUST_0280,STR_018,2025-02-19,2861.1,Credit Card
TXN_006765,CUST_0391,STR_002,2025-01-01,1273.93,Credit Card
TXN_006766,CUST_0403,STR_009,2025-12-23,16915.0,Cash
TXN_006767,CUST_0133,STR_011,2025-06-30,450.1,Credit Card
TXN_006768,CUST_0493,STR_009,2025-11-15,1217.9,Credit Card
TXN_006769,CUST_0041,STR_002,2025-08-13,546.47,Debit Card
TXN_006770,CUST_0431,STR_012,2025-10-04,613.87,Credit Card
TXN_006771,CUST_0118,STR_015,2025-05-25,442.53,Debit Card
TXN_006772,CUST_0096,STR_003,2025-04-13,179.85,Credit Card
TXN_006773,CUST_0447,STR_005,2025-04-11,586.75,Credit Card
TXN_006774,CUST_0374,STR_004,2025-02-13,513.55,Credit Card
TXN_006775,CUST_0425,STR_016,2025-09-02,1343.09,Credit Card
TXN_006776,CUST_0482,STR_008,2025-04-30,2822.9,Credit Card
TXN_006777,CUST_0265,STR_016,2025-06-28,284.57,Digital Wallet
TXN_006778,CUST_0319,STR_007,2025-03-02,586.75,Debit Card
TXN_006779,CUST_0160,STR_002,2025-05-16,2177.78,Credit Card
TXN_006780,CUST_0139,STR_001,2025-04-11,1661.41,Credit Card
TXN_006781,CUST_0113,STR_016,2025-11-02,1545.66,Credit Card
TXN_006782,CUST_0352,STR_007,2025-03-16,457.62,Debit Card
TXN_006783,CUST_0409,STR_014,2025-06-01,254.69,Debit Card
TXN_006784,CUST_0101,STR_003,2025-05-30,54.56,Credit Card
TXN_006785,CUST_0120,STR_019,2025-12-06,285.0,Digital Wallet
TXN_006786,CUST_0425,STR_019,2025-04-20,1419.4,Cash
TXN_006787,CUST_0296,STR_006,2025-11-14,1010.65,Credit Card
TXN_006788,CUST_0469,STR_013,2025-10-21,6804.25,Debit Card
TXN_006789,CUST_0353,STR_016,2025-09-02,2898.5,Credit Card
TXN_006790,CUST_0426,STR_001,2025-05-06,63.65,Debit Card
TXN_006791,CUST_0402,STR_018,2025-04-12,420.4,Credit Card
TXN_006792,CUST_0225,STR_010,2025-03-17,1197.02,Credit Card
TXN_006793,CUST_0321,STR_019,2025-01-31,1059.24,Credit Card
TXN_006794,CUST_0236,STR_002,2025-09-30,738.79,Credit Card
TXN_006795,CUST_0081,STR_005,2025-11-04,512.96,Debit Card
TXN_006796,CUST_0395,STR_002,2025-09-27,3139.7,Credit Card
TXN_006797,CUST_0310,STR_007,2025-12-14,804.71,Credit Card
TXN_006798,CUST_0320,STR_004,2025-06-08,445.44,Credit Card
TXN_006799,CUST_0361,STR_018,2025-07-18,403.48,Debit Card
TXN_006800,CUST_0421,STR_013,2025-12-05,983.65,Credit Card
TXN_006801,CUST_0450,STR_004,2025-06-22,754.58,Credit Card
TXN_006802,CUST_0215,STR_006,2025-04-12,668.29,Debit Card
TXN_006803,CUST_0009,STR_007,2025-04-29,892.78,Credit Card
TXN_006804,CUST_0205,STR_019,2025-08-13,899.94,Credit Card
TXN_006805,CUST_0138,STR_002,2025-01-11,1208.16,Credit Card
TXN_006806,CUST_0232,STR_018,2025-03-09,776.86,Credit Card
TXN_006807,CUST_0397,STR_007,2025-10-24,554.89,Credit Card
TXN_006808,CUST_0148,STR_018,2025-01-29,181.86,Credit Card
TXN_006809,CUST_0293,STR_013,2025-10-09,274.25,Credit Card
TXN_006810,CUST_0054,STR_019,2025-08-21,302.61,Credit Card
TXN_006811,CUST_0209,STR_011,2025-04-08,221.44,Credit Card
TXN_006812,CUST_0452,STR_010,2025-09-21,409.47,Credit Card
TXN_006813,CUST_0002,STR_014,2025-07-15,458.97,Debit Card
TXN_006814,CUST_0014,STR_016,2025-11-10,3671.78,Credit Card
TXN_006815,CUST_0068,STR_009,2025-01-17,1457.42,Debit Card
TXN_006816,CUST_0141,STR_017,2025-07-07,181.86,Debit Card
TXN_006817,CUST_0411,STR_006,2025-08-03,685.86,Credit Card
TXN_006818,CUST_0316,STR_006,2025-10-18,503.05,Credit Card
TXN_006819,CUST_0048,STR_011,2025-08-18,199.0,Debit Card
TXN_006820,CUST_0293,STR_003,2025-03-28,2972.09,Cash
TXN_006821,CUST_0079,STR_003,2025-01-26,2636.27,Digital Wallet
TXN_006822,CUST_0147,STR_015,2025-03-28,274.25,Credit Card
TXN_006823,CUST_0038,STR_018,2025-08-21,1929.29,Credit Card
TXN_006824,CUST_0265,STR_003,2025-01-15,115.7,Debit Card
TXN_006825,CUST_0415,STR_007,2025-03-20,1899.72,Credit Card
TXN_006826,CUST_0264,STR_012,2025-01-27,3798.12,Credit Card
TXN_006827,CUST_0138,STR_019,2025-02-04,572.41,Credit Card
TXN_006828,CUST_0103,STR_019,2025-08-19,620.89,Credit Card
TXN_006829,CUST_0179,STR_001,2025-02-23,1831.65,Debit Card
TXN_006830,CUST_0258,STR_009,2025-02-22,745.12,Credit Card
TXN_006831,CUST_0483,STR_015,2025-04-30,804.71,Digital Wallet
TXN_006832,CUST_0101,STR_004,2025-02-16,176.78,Digital Wallet
TXN_006833,CUST_0447,STR_004,2025-08-17,1028.14,Digital Wallet
TXN_006834,CUST_0379,STR_017,2025-12-08,2760.48,Credit Card
TXN_006835,CUST_0443,STR_007,2025-10-29,286.73,Credit Card
TXN_006836,CUST_0136,STR_010,2025-05-26,1921.37,Digital Wallet
TXN_006837,CUST_0188,STR_011,2025-05-21,2575.31,Credit Card
TXN_006838,CUST_0236,STR_005,2025-08-19,885.06,Credit Card
TXN_006839,CUST_0054,STR_017,2025-05-05,519.58,Credit Card
TXN_006840,CUST_0172,STR_009,2025-01-03,99.17,Debit Card
TXN_006841,CUST_0397,STR_008,2025-03-22,1496.52,Debit Card
TXN_006842,CUST_0192,STR_009,2025-03-29,983.82,Credit Card
TXN_006843,CUST_0309,STR_012,2025-07-24,8426.3,Debit Card
TXN_006844,CUST_0317,STR_009,2025-06-16,604.93,Credit Card
TXN_006845,CUST_0488,STR_008,2025-11-23,2051.95,Credit Card
TXN_006846,CUST_0078,STR_012,2025-04-04,1460.32,Credit Card
TXN_006847,CUST_0370,STR_015,2025-05-11,809.95,Credit Card
TXN_006848,CUST_0216,STR_002,2025-11-07,546.47,Credit Card
TXN_006849,CUST_0290,STR_007,2025-04-06,990.04,Credit Card
TXN_006850,CUST_0460,STR_011,2025-04-26,114.92,Credit Card
TXN_006851,CUST_0452,STR_013,2025-03-10,2042.04,Credit Card
TXN_006852,CUST_0145,STR_009,2025-01-28,714.92,Digital Wallet
TXN_006853,CUST_0037,STR_014,2025-03-17,1877.12,Credit Card
TXN_006854,CUST_0101,STR_017,2025-09-20,1504.73,Credit Card
TXN_006855,CUST_0027,STR_011,2025-09-03,1294.5,Debit Card
TXN_006856,CUST_0446,STR_002,2025-05-15,540.74,Debit Card
TXN_006857,CUST_0326,STR_013,2025-06-03,229.19,Credit Card
TXN_006858,CUST_0291,STR_007,2025-08-18,1059.06,Cash
TXN_006859,CUST_0496,STR_001,2025-10-28,403.4,Credit Card
TXN_006860,CUST_0103,STR_005,2025-12-27,1098.94,Digital Wallet
TXN_006861,CUST_0135,STR_006,2025-08-07,524.05,Credit Card
TXN_006862,CUST_0433,STR_020,2025-10-08,3099.31,Credit Card
TXN_006863,CUST_0078,STR_011,2025-05-08,872.25,Credit Card
TXN_006864,CUST_0309,STR_018,2025-12-16,1605.21,Digital Wallet
TXN_006865,CUST_0322,STR_001,2025-02-04,885.06,Credit Card
TXN_006866,CUST_0288,STR_003,2025-12-21,1577.31,Credit Card
TXN_006867,CUST_0416,STR_018,2025-09-06,1306.13,Credit Card
TXN_006868,CUST_0226,STR_013,2025-05-07,940.17,Credit Card
TXN_006869,CUST_0254,STR_002,2025-09-24,1286.92,Credit Card
TXN_006870,CUST_0369,STR_003,2025-08-10,466.1,Debit Card
TXN_006871,CUST_0111,STR_020,2025-08-10,1728.9,Credit Card
TXN_006872,CUST_0360,STR_002,2025-10-18,691.68,Cash
TXN_006873,CUST_0340,STR_016,2025-01-24,1764.74,Credit Card
TXN_006874,CUST_0251,STR_005,2025-01-14,2644.62,Credit Card
TXN_006875,CUST_0190,STR_004,2025-06-04,721.91,Credit Card
TXN_006876,CUST_0146,STR_014,2025-04-03,762.49,Credit Card
TXN_006877,CUST_0206,STR_014,2025-02-26,63.65,Digital Wallet
TXN_006878,CUST_0467,STR_005,2025-11-01,604.08,Debit Card
TXN_006879,CUST_0127,STR_011,2025-06-08,150.0,Credit Card
TXN_006880,CUST_0318,STR_003,2025-11-01,792.5,Credit Card
TXN_006881,CUST_0048,STR_019,2025-09-23,412.36,Cash
TXN_006882,CUST_0385,STR_020,2025-12-27,303.24,Credit Card
TXN_006883,CUST_0186,STR_001,2025-09-07,126.52,Credit Card
TXN_006884,CUST_0236,STR_016,2025-10-23,2092.71,Credit Card
TXN_006885,CUST_0430,STR_001,2025-07-20,1160.79,Credit Card
TXN_006886,CUST_0382,STR_017,2025-09-07,1844.3,Credit Card
TXN_006887,CUST_0124,STR_020,2025-09-15,442.53,Credit Card
TXN_006888,CUST_0472,STR_008,2025-11-23,4270.01,Debit Card
TXN_006889,CUST_0111,STR_009,2025-07-18,104.39,Credit Card
TXN_006890,CUST_0333,STR_018,2025-07-23,1349.47,Credit Card
TXN_006891,CUST_0167,STR_005,2025-01-01,1719.87,Credit Card
TXN_006892,CUST_0122,STR_005,2025-03-23,362.7,Credit Card
TXN_006893,CUST_0135,STR_019,2025-05-26,378.79,Credit Card
TXN_006894,CUST_0379,STR_014,2025-03-26,1387.35,Credit Card
TXN_006895,CUST_0355,STR_009,2025-01-18,7218.43,Debit Card
TXN_006896,CUST_0008,STR_017,2025-02-04,5464.7,Credit Card
TXN_006897,CUST_0360,STR_010,2025-06-27,1930.2,Debit Card
TXN_006898,CUST_0103,STR_014,2025-01-09,57.46,Credit Card
TXN_006899,CUST_0450,STR_019,2025-04-18,565.98,Debit Card
TXN_006900,CUST_0500,STR_008,2025-10-05,1835.46,Credit Card
TXN_006901,CUST_0161,STR_012,2025-05-28,98.06,Cash
TXN_006902,CUST_0219,STR_019,2025-08-10,206.81,Cash
TXN_006903,CUST_0200,STR_003,2025-04-11,12077.56,Digital Wallet
TXN_006904,CUST_0430,STR_020,2025-09-14,206.74,Credit Card
TXN_006905,CUST_0435,STR_012,2025-03-24,444.41,Credit Card
TXN_006906,CUST_0482,STR_001,2025-09-05,140.91,Credit Card
TXN_006907,CUST_0038,STR_004,2025-03-31,1126.56,Credit Card
TXN_006908,CUST_0075,STR_016,2025-02-27,2745.95,Credit Card
TXN_006909,CUST_0206,STR_009,2025-07-31,828.64,Debit Card
TXN_006910,CUST_0037,STR_008,2025-04-13,1217.99,Credit Card
TXN_006911,CUST_0247,STR_010,2025-04-09,534.62,Digital Wallet
TXN_006912,CUST_0179,STR_015,2025-11-24,2486.64,Digital Wallet
TXN_006913,CUST_0373,STR_015,2025-08-18,1385.48,Digital Wallet
TXN_006914,CUST_0311,STR_020,2025-06-19,78.29,Credit Card
TXN_006915,CUST_0018,STR_006,2025-10-01,352.76,Debit Card
TXN_006916,CUST_0270,STR_012,2025-02-24,935.41,Credit Card
TXN_006917,CUST_0003,STR_006,2025-11-28,16884.0,Credit Card
TXN_006918,CUST_0493,STR_020,2025-10-08,2125.11,Digital Wallet
TXN_006919,CUST_0092,STR_004,2025-04-14,1685.26,Credit Card
TXN_006920,CUST_0467,STR_005,2025-01-15,844.89,Credit Card
TXN_006921,CUST_0227,STR_005,2025-01-05,1087.34,Credit Card
TXN_006922,CUST_0002,STR_011,2025-04-12,498.07,Credit Card
TXN_006923,CUST_0289,STR_003,2025-09-07,1425.02,Credit Card
TXN_006924,CUST_0122,STR_008,2025-01-16,628.17,Debit Card
TXN_006925,CUST_0151,STR_016,2025-07-19,1033.69,Credit Card
TXN_006926,CUST_0389,STR_007,2025-10-28,842.63,Credit Card
TXN_006927,CUST_0002,STR_007,2025-12-02,824.58,Digital Wallet
TXN_006928,CUST_0168,STR_006,2025-05-23,200.31,Debit Card
TXN_006929,CUST_0365,STR_012,2025-04-01,292.86,Credit Card
TXN_006930,CUST_0128,STR_017,2025-12-19,670.97,Credit Card
TXN_006931,CUST_0142,STR_010,2025-05-05,872.25,Debit Card
TXN_006932,CUST_0276,STR_019,2025-05-29,471.85,Credit Card
TXN_006933,CUST_0323,STR_017,2025-07-21,604.75,Credit Card
TXN_006934,CUST_0129,STR_005,2025-01-08,1258.04,Credit Card
TXN_006935,CUST_0466,STR_001,2025-06-27,1417.56,Credit Card
TXN_006936,CUST_0433,STR_017,2025-02-16,260.54,Debit Card
TXN_006937,CUST_0455,STR_001,2025-01-23,936.71,Cash
TXN_006938,CUST_0153,STR_010,2025-05-10,533.94,Debit Card
TXN_006939,CUST_0260,STR_012,2025-11-30,706.28,Credit Card
TXN_006940,CUST_0221,STR_020,2025-08-19,604.0,Digital Wallet
TXN_006941,CUST_0194,STR_006,2025-04-17,1054.67,Credit Card
TXN_006942,CUST_0404,STR_001,2025-05-21,684.54,Credit Card
TXN_006943,CUST_0158,STR_006,2025-06-25,1716.56,Credit Card
TXN_006944,CUST_0489,STR_016,2025-01-22,945.04,Debit Card
TXN_006945,CUST_0317,STR_002,2025-06-24,1592.68,Credit Card
TXN_006946,CUST_0099,STR_016,2025-05-18,1038.81,Cash
TXN_006947,CUST_0310,STR_005,2025-10-09,162.39,Credit Card
TXN_006948,CUST_0183,STR_010,2025-02-19,246.11,Credit Card
TXN_006949,CUST_0300,STR_003,2025-12-03,1718.74,Credit Card
TXN_006950,CUST_0401,STR_011,2025-02-14,720.51,Digital Wallet
TXN_006951,CUST_0124,STR_007,2025-01-23,1949.16,Credit Card
TXN_006952,CUST_0141,STR_007,2025-10-14,1810.48,Credit Card
TXN_006953,CUST_0081,STR_006,2025-06-18,1382.21,Digital Wallet
TXN_006954,CUST_0278,STR_017,2025-10-16,224.11,Credit Card
TXN_006955,CUST_0152,STR_003,2025-11-25,2034.53,Credit Card
TXN_006956,CUST_0234,STR_018,2025-02-26,4432.17,Debit Card
TXN_006957,CUST_0136,STR_018,2025-02-12,369.01,Credit Card
TXN_006958,CUST_0381,STR_016,2025-04-21,1330.93,Credit Card
TXN_006959,CUST_0287,STR_014,2025-08-24,883.18,Credit Card
TXN_006960,CUST_0025,STR_003,2025-08-26,2266.48,Debit Card
TXN_006961,CUST_0099,STR_013,2025-11-29,1257.91,Credit Card
TXN_006962,CUST_0287,STR_009,2025-08-21,313.12,Debit Card
TXN_006963,CUST_0326,STR_010,2025-10-19,400.41,Cash
TXN_006964,CUST_0252,STR_005,2025-05-17,209.72,Digital Wallet
TXN_006965,CUST_0468,STR_014,2025-03-30,126.52,Debit Card
TXN_006966,CUST_0435,STR_016,2025-04-15,1650.1,Credit Card
TXN_006967,CUST_0493,STR_009,2025-11-05,360.77,Digital Wallet
TXN_006968,CUST_0114,STR_009,2025-09-16,630.78,Credit Card
TXN_006969,CUST_0321,STR_019,2025-07-28,899.94,Debit Card
TXN_006970,CUST_0125,STR_012,2025-08-11,529.53,Debit Card
TXN_006971,CUST_0365,STR_004,2025-07-15,1095.69,Credit Card
TXN_006972,CUST_0379,STR_005,2025-11-24,1538.63,Credit Card
TXN_006973,CUST_0156,STR_019,2025-03-27,4197.66,Cash
TXN_006974,CUST_0379,STR_020,2025-11-23,318.93,Digital Wallet
TXN_006975,CUST_0444,STR_017,2025-01-29,1406.07,Cash
TXN_006976,CUST_0376,STR_014,2025-07-21,737.83,Credit Card
TXN_006977,CUST_0079,STR_011,2025-09-16,1302.64,Credit Card
TXN_006978,CUST_0496,STR_003,2025-02-24,573.88,Digital Wallet
TXN_006979,CUST_0084,STR_002,2025-08-30,672.95,Credit Card
TXN_006980,CUST_0216,STR_016,2025-08-29,602.11,Credit Card
TXN_006981,CUST_0145,STR_009,2025-03-16,586.75,Credit Card
TXN_006982,CUST_0046,STR_019,2025-01-02,2356.6,Credit Card
TXN_006983,CUST_0260,STR_006,2025-07-29,580.22,Digital Wallet
TXN_006984,CUST_0373,STR_011,2025-07-27,109.09,Debit Card
TXN_006985,CUST_0301,STR_006,2025-04-02,604.08,Debit Card
TXN_006986,CUST_0169,STR_007,2025-01-28,1219.78,Debit Card
TXN_006987,CUST_0468,STR_005,2025-01-04,3107.35,Credit Card
TXN_006988,CUST_0308,STR_015,2025-11-17,1962.11,Credit Card
TXN_006989,CUST_0238,STR_004,2025-06-19,240.54,Credit Card
TXN_006990,CUST_0107,STR_013,2025-04-04,846.49,Credit Card
TXN_006991,CUST_0485,STR_001,2025-01-09,1076.76,Credit Card
TXN_006992,CUST_0437,STR_019,2025-01-02,1691.72,Digital Wallet
TXN_006993,CUST_0051,STR_015,2025-08-09,945.11,Credit Card
TXN_006994,CUST_0086,STR_010,2025-08-18,687.46,Digital Wallet
TXN_006995,CUST_0088,STR_006,2025-01-04,1168.49,Credit Card
TXN_006996,CUST_0449,STR_007,2025-08-11,286.73,Credit Card
TXN_006997,CUST_0283,STR_005,2025-11-16,578.95,Debit Card
TXN_006998,CUST_0030,STR_006,2025-03-09,1094.01,Credit Card
TXN_006999,CUST_0486,STR_016,2025-06-22,1083.17,Credit Card
TXN_007000,CUST_0387,STR_008,2025-02-09,210.24,Credit Card
TXN_007001,CUST_0013,STR_003,2025-10-02,3336.68,Debit Card
TXN_007002,CUST_0416,STR_001,2025-11-02,206.81,Credit Card
TXN_007003,CUST_0057,STR_011,2025-05-31,1951.8,Debit Card
TXN_007004,CUST_0461,STR_014,2025-04-01,721.91,Cash
TXN_007005,CUST_0353,STR_003,2025-04-02,1372.89,Credit Card
TXN_007006,CUST_0421,STR_003,2025-10-14,519.58,Credit Card
TXN_007007,CUST_0199,STR_015,2025-05-13,958.89,Debit Card
TXN_007008,CUST_0159,STR_018,2025-07-11,604.08,Credit Card
TXN_007009,CUST_0124,STR_005,2025-10-17,1478.95,Credit Card
TXN_007010,CUST_0341,STR_006,2025-11-19,1469.17,Cash
TXN_007011,CUST_0063,STR_004,2025-11-20,286.73,Credit Card
TXN_007012,CUST_0092,STR_013,2025-08-16,525.14,Debit Card
TXN_007013,CUST_0473,STR_012,2025-09-18,142.5,Digital Wallet
TXN_007014,CUST_0123,STR_014,2025-05-31,867.02,Credit Card
TXN_007015,CUST_0045,STR_004,2025-07-24,611.43,Credit Card
TXN_007016,CUST_0362,STR_004,2025-11-28,1949.25,Debit Card
TXN_007017,CUST_0238,STR_016,2025-03-12,1230.35,Digital Wallet
TXN_007018,CUST_0480,STR_009,2025-03-27,503.05,Credit Card
TXN_007019,CUST_0406,STR_013,2025-11-06,453.45,Debit Card
TXN_007020,CUST_0018,STR_017,2025-07-07,996.13,Debit Card
TXN_007021,CUST_0029,STR_002,2025-06-06,285.08,Digital Wallet
TXN_007022,CUST_0427,STR_019,2025-06-13,883.22,Credit Card
TXN_007023,CUST_0485,STR_009,2025-04-12,670.26,Digital Wallet
TXN_007024,CUST_0113,STR_015,2025-07-06,1075.7,Credit Card
TXN_007025,CUST_0106,STR_018,2025-02-24,959.85,Credit Card
TXN_007026,CUST_0389,STR_005,2025-06-05,687.46,Credit Card
TXN_007027,CUST_0143,STR_003,2025-09-01,723.08,Digital Wallet
TXN_007028,CUST_0290,STR_013,2025-09-13,1403.62,Debit Card
TXN_007029,CUST_0138,STR_003,2025-06-21,796.69,Debit Card
TXN_007030,CUST_0171,STR_009,2025-09-23,450.1,Credit Card
TXN_007031,CUST_0420,STR_004,2025-05-26,855.31,Credit Card
TXN_007032,CUST_0475,STR_007,2025-02-25,1815.89,Credit Card
TXN_007033,CUST_0050,STR_008,2025-03-31,620.22,Digital Wallet
TXN_007034,CUST_0454,STR_012,2025-06-17,330.17,Credit Card
TXN_007035,CUST_0268,STR_018,2025-07-22,1227.74,Credit Card
TXN_007036,CUST_0192,STR_004,2025-07-19,92.9,Debit Card
TXN_007037,CUST_0008,STR_005,2025-02-06,741.36,Credit Card
TXN_007038,CUST_0023,STR_010,2025-05-12,726.23,Credit Card
TXN_007039,CUST_0263,STR_014,2025-10-11,846.63,Debit Card
TXN_007040,CUST_0141,STR_001,2025-04-21,2225.91,Debit Card
TXN_007041,CUST_0359,STR_015,2025-07-08,1107.96,Credit Card
TXN_007042,CUST_0176,STR_003,2025-07-20,991.85,Debit Card
TXN_007043,CUST_0134,STR_015,2025-06-12,486.01,Debit Card
TXN_007044,CUST_0397,STR_020,2025-06-11,290.73,Debit Card
TXN_007045,CUST_0016,STR_014,2025-11-13,2714.9,Debit Card
TXN_007046,CUST_0361,STR_006,2025-08-10,653.09,Debit Card
TXN_007047,CUST_0422,STR_009,2025-08-05,428.62,Credit Card
TXN_007048,CUST_0293,STR_018,2025-04-03,530.99,Credit Card
TXN_007049,CUST_0148,STR_017,2025-11-29,99.17,Credit Card
TXN_007050,CUST_0355,STR_019,2025-06-11,1569.94,Debit Card
TXN_007051,CUST_0081,STR_013,2025-08-23,1093.26,Digital Wallet
TXN_007052,CUST_0411,STR_014,2025-09-06,121.79,Credit Card
TXN_007053,CUST_0360,STR_010,2025-08-06,181.87,Credit Card
TXN_007054,CUST_0156,STR_017,2025-07-30,842.63,Credit Card
TXN_007055,CUST_0172,STR_019,2025-02-28,69.48,Digital Wallet
TXN_007056,CUST_0225,STR_002,2025-04-11,2180.43,Debit Card
TXN_007057,CUST_0246,STR_011,2025-04-09,842.63,Digital Wallet
TXN_007058,CUST_0310,STR_017,2025-03-31,458.19,Credit Card
TXN_007059,CUST_0343,STR_007,2025-12-11,1576.26,Credit Card
TXN_007060,CUST_0272,STR_005,2025-07-29,103.22,Credit Card
TXN_007061,CUST_0360,STR_013,2025-08-03,1118.12,Credit Card
TXN_007062,CUST_0418,STR_011,2025-03-17,8543.9,Debit Card
TXN_007063,CUST_0103,STR_009,2025-01-02,937.33,Digital Wallet
TXN_007064,CUST_0450,STR_007,2025-10-24,1794.1,Cash
TXN_007065,CUST_0072,STR_005,2025-11-26,412.36,Credit Card
TXN_007066,CUST_0286,STR_008,2025-03-31,128.34,Credit Card
TXN_007067,CUST_0481,STR_002,2025-09-12,3912.06,Credit Card
TXN_007068,CUST_0112,STR_019,2025-09-29,318.93,Digital Wallet
TXN_007069,CUST_0135,STR_017,2025-07-03,826.71,Credit Card
TXN_007070,CUST_0225,STR_009,2025-05-12,212.09,Debit Card
TXN_007071,CUST_0304,STR_012,2025-05-15,955.08,Credit Card
TXN_007072,CUST_0118,STR_004,2025-07-13,888.37,Debit Card
TXN_007073,CUST_0436,STR_012,2025-03-27,721.91,Digital Wallet
TXN_007074,CUST_0062,STR_018,2025-03-01,1476.02,Credit Card
TXN_007075,CUST_0381,STR_017,2025-05-09,2881.2,Digital Wallet
TXN_007076,CUST_0173,STR_007,2025-09-25,2994.57,Digital Wallet
TXN_007077,CUST_0433,STR_010,2025-02-05,524.05,Debit Card
TXN_007078,CUST_0246,STR_002,2025-05-01,1693.26,Credit Card
TXN_007079,CUST_0016,STR_020,2025-07-15,169.64,Credit Card
TXN_007080,CUST_0484,STR_018,2025-01-22,1841.61,Credit Card
TXN_007081,CUST_0042,STR_005,2025-05-11,786.13,Credit Card
TXN_007082,CUST_0244,STR_018,2025-06-04,551.82,Debit Card
TXN_007083,CUST_0252,STR_018,2025-11-04,818.04,Debit Card
TXN_007084,CUST_0204,STR_017,2025-06-14,486.52,Credit Card
TXN_007085,CUST_0016,STR_020,2025-08-06,655.78,Credit Card
TXN_007086,CUST_0432,STR_019,2025-06-18,308.27,Cash
TXN_007087,CUST_0408,STR_012,2025-02-01,1281.41,Credit Card
TXN_007088,CUST_0284,STR_006,2025-02-04,11533.87,Digital Wallet
TXN_007089,CUST_0407,STR_012,2025-04-14,2057.67,Cash
TXN_007090,CUST_0007,STR_006,2025-09-04,1043.59,Credit Card
TXN_007091,CUST_0119,STR_020,2025-06-14,196.4,Debit Card
TXN_007092,CUST_0353,STR_015,2025-01-08,2179.29,Digital Wallet
TXN_007093,CUST_0034,STR_013,2025-10-21,3246.4,Digital Wallet
TXN_007094,CUST_0131,STR_007,2025-04-21,531.28,Digital Wallet
TXN_007095,CUST_0457,STR_012,2025-11-01,707.98,Debit Card
TXN_007096,CUST_0112,STR_004,2025-11-16,140.91,Debit Card
TXN_007097,CUST_0169,STR_002,2025-09-27,95.5,Credit Card
TXN_007098,CUST_0298,STR_005,2025-08-10,827.24,Credit Card
TXN_007099,CUST_0172,STR_020,2025-09-19,2647.7,Credit Card
TXN_007100,CUST_0294,STR_012,2025-05-25,1818.6,Debit Card
TXN_007101,CUST_0270,STR_013,2025-05-06,57.28,Credit Card
TXN_007102,CUST_0216,STR_017,2025-07-30,206.81,Credit Card
TXN_007103,CUST_0225,STR_004,2025-08-28,168.58,Credit Card
TXN_007104,CUST_0466,STR_017,2025-01-27,643.03,Debit Card
TXN_007105,CUST_0174,STR_012,2025-02-04,513.55,Credit Card
TXN_007106,CUST_0186,STR_008,2025-09-15,542.41,Debit Card
TXN_007107,CUST_0201,STR_011,2025-08-28,212.62,Credit Card
TXN_007108,CUST_0111,STR_012,2025-01-23,751.54,Credit Card
TXN_007109,CUST_0438,STR_017,2025-08-18,209.72,Credit Card
TXN_007110,CUST_0015,STR_011,2025-02-14,875.18,Digital Wallet
TXN_007111,CUST_0377,STR_007,2025-06-15,472.52,Digital Wallet
TXN_007112,CUST_0164,STR_002,2025-08-27,306.03,Credit Card
TXN_007113,CUST_0087,STR_020,2025-09-16,355.38,Digital Wallet
TXN_007114,CUST_0484,STR_008,2025-09-07,1364.15,Credit Card
TXN_007115,CUST_0336,STR_003,2025-10-29,1515.28,Credit Card
TXN_007116,CUST_0471,STR_011,2025-04-07,3001.19,Credit Card
TXN_007117,CUST_0130,STR_006,2025-01-12,56531.36,Credit Card
TXN_007118,CUST_0496,STR_013,2025-09-18,87.74,Credit Card
TXN_007119,CUST_0121,STR_009,2025-12-24,2294.67,Credit Card
TXN_007120,CUST_0302,STR_012,2025-11-10,476.25,Debit Card
TXN_007121,CUST_0086,STR_003,2025-06-02,1854.32,Debit Card
TXN_007122,CUST_0366,STR_008,2025-12-05,674.51,Cash
TXN_007123,CUST_0431,STR_006,2025-07-04,899.94,Debit Card
TXN_007124,CUST_0336,STR_017,2025-11-14,227.43,Cash
TXN_007125,CUST_0070,STR_007,2025-07-24,604.08,Credit Card
TXN_007126,CUST_0462,STR_011,2025-05-23,2933.15,Debit Card
TXN_007127,CUST_0385,STR_019,2025-10-09,615.99,Debit Card
TXN_007128,CUST_0131,STR_005,2025-01-25,1224.47,Credit Card
TXN_007129,CUST_0202,STR_002,2025-04-27,967.38,Digital Wallet
TXN_007130,CUST_0292,STR_020,2025-03-24,5672.11,Debit Card
TXN_007131,CUST_0003,STR_017,2025-11-01,1380.77,Cash
TXN_007132,CUST_0073,STR_006,2025-06-04,854.39,Credit Card
TXN_007133,CUST_0236,STR_005,2025-12-28,206.81,Credit Card
TXN_007134,CUST_0288,STR_010,2025-11-09,1470.48,Credit Card
TXN_007135,CUST_0473,STR_015,2025-06-05,677.85,Credit Card
TXN_007136,CUST_0070,STR_014,2025-08-01,1390.75,Credit Card
TXN_007137,CUST_0119,STR_007,2025-06-29,1171.46,Credit Card
TXN_007138,CUST_0294,STR_020,2025-05-25,689.13,Debit Card
TXN_007139,CUST_0280,STR_018,2025-07-16,3292.81,Credit Card
TXN_007140,CUST_0107,STR_020,2025-12-25,23.16,Credit Card
TXN_007141,CUST_0355,STR_007,2025-03-27,1457.71,Credit Card
TXN_007142,CUST_0319,STR_018,2025-05-26,737.09,Credit Card
TXN_007143,CUST_0227,STR_004,2025-01-13,268.84,Credit Card
TXN_007144,CUST_0382,STR_003,2025-02-17,148.33,Debit Card
TXN_007145,CUST_0285,STR_004,2025-08-06,1897.36,Debit Card
TXN_007146,CUST_0242,STR_015,2025-03-28,86.19,Credit Card
TXN_007147,CUST_0277,STR_006,2025-08-01,661.28,Digital Wallet
TXN_007148,CUST_0098,STR_012,2025-10-24,2140.47,Digital Wallet
TXN_007149,CUST_0265,STR_006,2025-08-01,1395.42,Cash
TXN_007150,CUST_0261,STR_015,2025-01-19,529.53,Debit Card
TXN_007151,CUST_0218,STR_016,2025-05-29,4195.3,Digital Wallet
TXN_007152,CUST_0359,STR_005,2025-08-22,582.41,Debit Card
TXN_007153,CUST_0228,STR_009,2025-03-20,467.62,Credit Card
TXN_007154,CUST_0019,STR_015,2025-04-08,859.06,Credit Card
TXN_007155,CUST_0441,STR_010,2025-05-26,675.22,Credit Card
TXN_007156,CUST_0059,STR_013,2025-11-08,486.52,Credit Card
TXN_007157,CUST_0248,STR_003,2025-12-21,557.41,Credit Card
TXN_007158,CUST_0464,STR_019,2025-10-07,551.04,Digital Wallet
TXN_007159,CUST_0135,STR_020,2025-12-27,969.85,Debit Card
TXN_007160,CUST_0326,STR_019,2025-02-16,761.84,Credit Card
TXN_007161,CUST_0112,STR_019,2025-09-14,313.12,Digital Wallet
TXN_007162,CUST_0469,STR_004,2025-07-13,1335.29,Credit Card
TXN_007163,CUST_0455,STR_017,2025-05-06,561.81,Credit Card
TXN_007164,CUST_0371,STR_016,2025-02-28,794.66,Credit Card
TXN_007165,CUST_0043,STR_004,2025-04-06,676.39,Digital Wallet
TXN_007166,CUST_0208,STR_001,2025-02-25,5238.96,Credit Card
TXN_007167,CUST_0420,STR_001,2025-03-12,186.07,Credit Card
TXN_007168,CUST_0113,STR_012,2025-09-28,4096.13,Debit Card
TXN_007169,CUST_0377,STR_016,2025-01-17,372.32,Digital Wallet
TXN_007170,CUST_0179,STR_006,2025-07-09,1478.97,Credit Card
TXN_007171,CUST_0303,STR_008,2025-06-23,1992.35,Credit Card
TXN_007172,CUST_0319,STR_009,2025-05-16,839.87,Credit Card
TXN_007173,CUST_0276,STR_017,2025-03-07,181.86,Credit Card
TXN_007174,CUST_0003,STR_016,2025-01-20,17452.0,Debit Card
TXN_007175,CUST_0156,STR_016,2025-11-12,11619.75,Credit Card
TXN_007176,CUST_0091,STR_011,2025-08-02,549.83,Credit Card
TXN_007177,CUST_0464,STR_004,2025-01-19,2293.84,Debit Card
TXN_007178,CUST_0321,STR_009,2025-09-02,1441.14,Credit Card
TXN_007179,CUST_0395,STR_012,2025-02-27,2330.25,Cash
TXN_007180,CUST_0236,STR_011,2025-07-27,321.92,Credit Card
TXN_007181,CUST_0435,STR_017,2025-11-12,596.76,Credit Card
TXN_007182,CUST_0134,STR_014,2025-12-17,1162.17,Digital Wallet
TXN_007183,CUST_0149,STR_019,2025-07-28,785.02,Credit Card
TXN_007184,CUST_0240,STR_019,2025-11-12,1546.11,Credit Card
TXN_007185,CUST_0297,STR_013,2025-11-19,706.28,Credit Card
TXN_007186,CUST_0388,STR_005,2025-04-03,1121.17,Cash
TXN_007187,CUST_0128,STR_018,2025-03-21,1605.48,Digital Wallet
TXN_007188,CUST_0404,STR_020,2025-06-03,721.35,Credit Card
TXN_007189,CUST_0482,STR_003,2025-11-20,869.62,Credit Card
TXN_007190,CUST_0016,STR_017,2025-08-28,221.44,Credit Card
TXN_007191,CUST_0333,STR_004,2025-02-20,2526.32,Credit Card
TXN_007192,CUST_0090,STR_013,2025-02-11,954.18,Debit Card
TXN_007193,CUST_0260,STR_017,2025-08-10,3869.98,Credit Card
TXN_007194,CUST_0411,STR_017,2025-05-24,63.26,Credit Card
TXN_007195,CUST_0414,STR_011,2025-09-16,174.53,Digital Wallet
TXN_007196,CUST_0032,STR_006,2025-02-16,306.03,Credit Card
TXN_007197,CUST_0366,STR_020,2025-02-20,1341.93,Credit Card
TXN_007198,CUST_0249,STR_016,2025-11-16,1643.86,Digital Wallet
TXN_007199,CUST_0099,STR_002,2025-04-15,1430.09,Credit Card
TXN_007200,CUST_0185,STR_003,2025-01-01,1292.92,Credit Card
TXN_007201,CUST_0051,STR_011,2025-08-21,282.99,Digital Wallet
TXN_007202,CUST_0044,STR_013,2025-12-06,199.0,Credit Card
TXN_007203,CUST_0313,STR_019,2025-08-03,576.46,Credit Card
TXN_007204,CUST_0084,STR_018,2025-07-09,821.45,Cash
TXN_007205,CUST_0313,STR_001,2025-12-12,505.63,Debit Card
TXN_007206,CUST_0183,STR_008,2025-11-06,1166.84,Debit Card
TXN_007207,CUST_0461,STR_020,2025-01-01,1322.56,Debit Card
TXN_007208,CUST_0392,STR_010,2025-12-26,282.99,Debit Card
TXN_007209,CUST_0144,STR_001,2025-08-27,874.32,Credit Card
TXN_007210,CUST_0223,STR_019,2025-07-15,1092.94,Debit Card
TXN_007211,CUST_0467,STR_009,2025-09-07,1889.57,Digital Wallet
TXN_007212,CUST_0172,STR_018,2025-03-30,599.3,Debit Card
TXN_007213,CUST_0017,STR_015,2025-08-03,458.97,Credit Card
TXN_007214,CUST_0395,STR_020,2025-05-06,77.57,Digital Wallet
TXN_007215,CUST_0059,STR_017,2025-11-20,596.76,Credit Card
TXN_007216,CUST_0486,STR_003,2025-02-04,199.23,Credit Card
TXN_007217,CUST_0473,STR_014,2025-03-07,112.35,Credit Card
TXN_007218,CUST_0435,STR_007,2025-11-22,752.36,Cash
TXN_007219,CUST_0284,STR_015,2025-11-10,281.62,Credit Card
TXN_007220,CUST_0291,STR_003,2025-01-27,604.08,Credit Card
TXN_007221,CUST_0304,STR_015,2025-08-27,93.3,Credit Card
TXN_007222,CUST_0089,STR_005,2025-03-20,1736.85,Credit Card
TXN_007223,CUST_0068,STR_002,2025-12-16,725.4,Digital Wallet
TXN_007224,CUST_0464,STR_019,2025-11-15,854.39,Credit Card
TXN_007225,CUST_0240,STR_011,2025-11-01,1903.54,Digital Wallet
TXN_007226,CUST_0380,STR_004,2025-09-17,887.14,Credit Card
TXN_007227,CUST_0268,STR_005,2025-01-17,576.46,Credit Card
TXN_007228,CUST_0130,STR_006,2025-08-07,712.19,Credit Card
TXN_007229,CUST_0195,STR_003,2025-01-06,1571.19,Credit Card
TXN_007230,CUST_0319,STR_011,2025-10-14,223.88,Digital Wallet
TXN_007231,CUST_0244,STR_013,2025-11-17,518.81,Credit Card
TXN_007232,CUST_0172,STR_007,2025-07-29,578.95,Credit Card
TXN_007233,CUST_0112,STR_010,2025-08-31,1575.6,Digital Wallet
TXN_007234,CUST_0355,STR_006,2025-06-14,235.42,Debit Card
TXN_007235,CUST_0173,STR_004,2025-07-14,1913.87,Credit Card
TXN_007236,CUST_0140,STR_019,2025-12-29,2040.74,Debit Card
TXN_007237,CUST_0189,STR_002,2025-12-29,2474.07,Debit Card
TXN_007238,CUST_0371,STR_007,2025-04-22,708.48,Credit Card
TXN_007239,CUST_0184,STR_019,2025-10-24,1502.41,Credit Card
TXN_007240,CUST_0098,STR_020,2025-03-04,2591.42,Debit Card
TXN_007241,CUST_0162,STR_008,2025-08-12,860.19,Debit Card
TXN_007242,CUST_0196,STR_004,2025-02-04,459.49,Credit Card
TXN_007243,CUST_0040,STR_014,2025-01-09,862.95,Digital Wallet
TXN_007244,CUST_0114,STR_006,2025-12-13,117.58,Credit Card
TXN_007245,CUST_0372,STR_003,2025-05-07,484.67,Digital Wallet
TXN_007246,CUST_0485,STR_010,2025-06-19,1709.6,Credit Card
TXN_007247,CUST_0313,STR_011,2025-01-26,425.27,Digital Wallet
TXN_007248,CUST_0416,STR_010,2025-09-29,2165.66,Cash
TXN_007249,CUST_0203,STR_002,2025-03-10,486.11,Cash
TXN_007250,CUST_0265,STR_012,2025-08-18,2621.58,Debit Card
TXN_007251,CUST_0138,STR_002,2025-05-30,1907.63,Credit Card
TXN_007252,CUST_0252,STR_008,2025-06-26,625.35,Digital Wallet
TXN_007253,CUST_0360,STR_007,2025-04-23,3085.7,Digital Wallet
TXN_007254,CUST_0185,STR_014,2025-04-22,806.43,Credit Card
TXN_007255,CUST_0070,STR_018,2025-07-28,12888.56,Credit Card
TXN_007256,CUST_0362,STR_002,2025-07-21,2833.48,Credit Card
TXN_007257,CUST_0486,STR_016,2025-12-14,3353.39,Debit Card
TXN_007258,CUST_0173,STR_019,2025-01-02,1031.38,Credit Card
TXN_007259,CUST_0044,STR_007,2025-10-24,995.49,Debit Card
TXN_007260,CUST_0105,STR_013,2025-07-12,354.9,Digital Wallet
TXN_007261,CUST_0270,STR_019,2025-11-02,874.95,Credit Card
TXN_007262,CUST_0103,STR_017,2025-09-12,529.53,Credit Card
TXN_007263,CUST_0074,STR_004,2025-04-24,551.04,Credit Card
TXN_007264,CUST_0420,STR_006,2025-02-21,838.59,Credit Card
TXN_007265,CUST_0455,STR_004,2025-02-09,2229.65,Debit Card
TXN_007266,CUST_0140,STR_006,2025-04-24,650.31,Digital Wallet
TXN_007267,CUST_0474,STR_011,2025-12-04,2911.98,Digital Wallet
TXN_007268,CUST_0117,STR_016,2025-01-04,1127.38,Credit Card
TXN_007269,CUST_0457,STR_006,2025-06-08,510.18,Credit Card
TXN_007270,CUST_0221,STR_002,2025-02-19,484.54,Digital Wallet
TXN_007271,CUST_0500,STR_020,2025-01-09,1121.65,Digital Wallet
TXN_007272,CUST_0450,STR_010,2025-03-15,2166.22,Debit Card
TXN_007273,CUST_0254,STR_017,2025-02-24,524.05,Debit Card
TXN_007274,CUST_0450,STR_007,2025-06-24,524.11,Debit Card
TXN_007275,CUST_0290,STR_019,2025-09-03,2695.31,Digital Wallet
TXN_007276,CUST_0166,STR_003,2025-06-20,168.58,Credit Card
TXN_007277,CUST_0141,STR_002,2025-10-28,1868.26,Credit Card
TXN_007278,CUST_0387,STR_012,2025-04-09,990.04,Debit Card
TXN_007279,CUST_0059,STR_018,2025-05-31,476.58,Credit Card
TXN_007280,CUST_0103,STR_019,2025-04-21,1822.1,Debit Card
TXN_007281,CUST_0210,STR_014,2025-09-24,181.86,Credit Card
TXN_007282,CUST_0349,STR_014,2025-02-26,195.06,Cash
TXN_007283,CUST_0456,STR_019,2025-02-05,1053.67,Credit Card
TXN_007284,CUST_0162,STR_007,2025-10-16,3274.33,Credit Card
TXN_007285,CUST_0178,STR_012,2025-03-27,1208.16,Credit Card
TXN_007286,CUST_0122,STR_008,2025-03-06,3448.89,Credit Card
TXN_007287,CUST_0134,STR_004,2025-01-31,14626.38,Cash
TXN_007288,CUST_0337,STR_007,2025-04-10,281.62,Credit Card
TXN_007289,CUST_0266,STR_003,2025-12-21,1136.8,Cash
TXN_007290,CUST_0171,STR_004,2025-05-28,708.37,Credit Card
TXN_007291,CUST_0162,STR_001,2025-04-01,598.97,Credit Card
TXN_007292,CUST_0109,STR_007,2025-07-03,25780.88,Credit Card
TXN_007293,CUST_0094,STR_016,2025-05-23,2578.53,Credit Card
TXN_007294,CUST_0317,STR_018,2025-08-26,1345.9,Debit Card
TXN_007295,CUST_0142,STR_003,2025-04-26,1011.06,Digital Wallet
TXN_007296,CUST_0017,STR_006,2025-11-09,666.62,Credit Card
TXN_007297,CUST_0117,STR_009,2025-08-28,346.8,Credit Card
TXN_007298,CUST_0324,STR_008,2025-06-13,296.66,Digital Wallet
TXN_007299,CUST_0356,STR_011,2025-01-11,533.72,Cash
TXN_007300,CUST_0356,STR_001,2025-11-15,63.65,Credit Card
TXN_007301,CUST_0075,STR_016,2025-01-31,932.28,Credit Card
TXN_007302,CUST_0186,STR_007,2025-09-29,1285.38,Credit Card
TXN_007303,CUST_0175,STR_012,2025-05-07,6321.57,Credit Card
TXN_007304,CUST_0401,STR_007,2025-11-23,1532.27,Debit Card
TXN_007305,CUST_0357,STR_015,2025-05-21,2414.9,Debit Card
TXN_007306,CUST_0216,STR_006,2025-01-15,104.39,Credit Card
TXN_007307,CUST_0073,STR_001,2025-10-02,276.94,Debit Card
TXN_007308,CUST_0321,STR_018,2025-02-16,1943.9,Credit Card
TXN_007309,CUST_0201,STR_007,2025-03-03,1059.24,Credit Card
TXN_007310,CUST_0398,STR_005,2025-05-12,93.3,Credit Card
TXN_007311,CUST_0184,STR_020,2025-11-15,207.7,Credit Card
TXN_007312,CUST_0452,STR_006,2025-05-03,2021.34,Cash
TXN_007313,CUST_0464,STR_018,2025-08-14,5809.75,Credit Card
TXN_007314,CUST_0489,STR_007,2025-06-03,925.17,Credit Card
TXN_007315,CUST_0350,STR_014,2025-10-14,1640.87,Credit Card
TXN_007316,CUST_0253,STR_007,2025-03-07,300.0,Credit Card
TXN_007317,CUST_0194,STR_019,2025-03-09,710.76,Cash
TXN_007318,CUST_0455,STR_020,2025-08-25,643.03,Credit Card
TXN_007319,CUST_0264,STR_015,2025-05-29,813.74,Debit Card
TXN_007320,CUST_0178,STR_009,2025-07-05,952.01,Credit Card
TXN_007321,CUST_0389,STR_006,2025-01-03,70.0,Credit Card
TXN_007322,CUST_0409,STR_015,2025-09-23,60.47,Credit Card
TXN_007323,CUST_0169,STR_014,2025-09-23,2035.96,Digital Wallet
TXN_007324,CUST_0233,STR_014,2025-01-28,546.58,Credit Card
TXN_007325,CUST_0207,STR_015,2025-10-15,274.25,Credit Card
TXN_007326,CUST_0140,STR_001,2025-08-17,1658.37,Credit Card
TXN_007327,CUST_0411,STR_006,2025-12-27,2888.77,Debit Card
TXN_007328,CUST_0042,STR_012,2025-08-30,616.09,Credit Card
TXN_007329,CUST_0138,STR_014,2025-07-18,186.07,Cash
TXN_007330,CUST_0106,STR_009,2025-03-04,2226.51,Credit Card
TXN_007331,CUST_0236,STR_015,2025-07-21,2466.53,Credit Card
TXN_007332,CUST_0303,STR_020,2025-02-24,1677.44,Credit Card
TXN_007333,CUST_0222,STR_018,2025-07-23,747.77,Debit Card
TXN_007334,CUST_0054,STR_005,2025-10-01,1061.08,Debit Card
TXN_007335,CUST_0483,STR_005,2025-09-20,784.59,Credit Card
TXN_007336,CUST_0463,STR_005,2025-10-29,643.03,Digital Wallet
TXN_007337,CUST_0324,STR_015,2025-08-17,1076.76,Debit Card
TXN_007338,CUST_0401,STR_015,2025-01-13,1523.22,Debit Card
TXN_007339,CUST_0370,STR_016,2025-04-17,2339.18,Credit Card
TXN_007340,CUST_0213,STR_016,2025-02-02,973.09,Credit Card
TXN_007341,CUST_0074,STR_011,2025-04-08,1751.02,Credit Card
TXN_007342,CUST_0086,STR_014,2025-09-14,444.41,Credit Card
TXN_007343,CUST_0123,STR_007,2025-12-15,1090.6,Credit Card
TXN_007344,CUST_0229,STR_015,2025-02-15,1249.82,Debit Card
TXN_007345,CUST_0048,STR_002,2025-07-01,75.81,Debit Card
TXN_007346,CUST_0197,STR_013,2025-03-09,1816.02,Debit Card
TXN_007347,CUST_0385,STR_018,2025-07-17,1638.8,Credit Card
TXN_007348,CUST_0306,STR_020,2025-09-10,104.39,Credit Card
TXN_007349,CUST_0096,STR_005,2025-08-14,70.0,Credit Card
TXN_007350,CUST_0149,STR_004,2025-02-08,929.65,Digital Wallet
TXN_007351,CUST_0234,STR_013,2025-10-15,211.91,Credit Card
TXN_007352,CUST_0377,STR_017,2025-10-22,1788.06,Credit Card
TXN_007353,CUST_0447,STR_002,2025-03-14,519.58,Credit Card
TXN_007354,CUST_0146,STR_004,2025-09-30,1839.13,Credit Card
TXN_007355,CUST_0054,STR_001,2025-08-01,69.48,Credit Card
TXN_007356,CUST_0357,STR_015,2025-02-02,284.99,Credit Card
TXN_007357,CUST_0467,STR_004,2025-02-04,1799.88,Credit Card
TXN_007358,CUST_0139,STR_010,2025-07-02,1744.5,Digital Wallet
TXN_007359,CUST_0165,STR_013,2025-08-10,57.75,Digital Wallet
TXN_007360,CUST_0036,STR_013,2025-03-31,628.17,Credit Card
TXN_007361,CUST_0498,STR_012,2025-07-31,144.31,Credit Card
TXN_007362,CUST_0412,STR_008,2025-01-15,1460.97,Credit Card
TXN_007363,CUST_0429,STR_010,2025-03-11,2134.35,Digital Wallet
TXN_007364,CUST_0134,STR_004,2025-11-13,181.86,Credit Card
TXN_007365,CUST_0246,STR_005,2025-05-21,425.27,Credit Card
TXN_007366,CUST_0275,STR_010,2025-09-03,134.99,Credit Card
TXN_007367,CUST_0181,STR_012,2025-03-19,362.7,Debit Card
TXN_007368,CUST_0294,STR_018,2025-10-29,93.95,Debit Card
TXN_007369,CUST_0438,STR_005,2025-03-18,103.22,Credit Card
TXN_007370,CUST_0494,STR_002,2025-03-31,561.81,Debit Card
TXN_007371,CUST_0063,STR_006,2025-02-17,1685.26,Credit Card
TXN_007372,CUST_0123,STR_001,2025-08-05,2796.46,Digital Wallet
TXN_007373,CUST_0348,STR_019,2025-05-31,1523.19,Credit Card
TXN_007374,CUST_0300,STR_017,2025-08-15,669.35,Credit Card
TXN_007375,CUST_0011,STR_004,2025-07-10,1575.24,Credit Card
TXN_007376,CUST_0265,STR_013,2025-09-09,738.53,Credit Card
TXN_007377,CUST_0225,STR_019,2025-01-04,1528.01,Credit Card
TXN_007378,CUST_0284,STR_013,2025-10-31,660.93,Credit Card
TXN_007379,CUST_0463,STR_006,2025-07-26,88.39,Digital Wallet
TXN_007380,CUST_0132,STR_004,2025-03-13,300.0,Credit Card
TXN_007381,CUST_0447,STR_004,2025-04-02,160.71,Digital Wallet
TXN_007382,CUST_0046,STR_003,2025-08-11,1053.69,Debit Card
TXN_007383,CUST_0007,STR_015,2025-08-21,789.22,Digital Wallet
TXN_007384,CUST_0047,STR_012,2025-01-18,7824.85,Debit Card
TXN_007385,CUST_0042,STR_018,2025-10-23,1100.01,Credit Card
TXN_007386,CUST_0385,STR_006,2025-04-27,1095.27,Digital Wallet
TXN_007387,CUST_0336,STR_015,2025-07-19,1133.56,Credit Card
TXN_007388,CUST_0457,STR_017,2025-11-04,419.58,Credit Card
TXN_007389,CUST_0244,STR_005,2025-11-29,531.11,Debit Card
TXN_007390,CUST_0028,STR_002,2025-02-18,412.36,Debit Card
TXN_007391,CUST_0300,STR_009,2025-05-04,1476.66,Credit Card
TXN_007392,CUST_0164,STR_016,2025-11-07,1658.01,Credit Card
TXN_007393,CUST_0248,STR_005,2025-11-26,1895.15,Debit Card
TXN_007394,CUST_0041,STR_012,2025-05-31,2572.12,Debit Card
TXN_007395,CUST_0191,STR_008,2025-03-30,466.52,Cash
TXN_007396,CUST_0128,STR_016,2025-06-13,362.7,Debit Card
TXN_007397,CUST_0279,STR_006,2025-08-21,460.88,Credit Card
TXN_007398,CUST_0198,STR_012,2025-04-24,628.22,Credit Card
TXN_007399,CUST_0221,STR_015,2025-08-05,3126.22,Credit Card
TXN_007400,CUST_0440,STR_008,2025-07-03,1799.88,Digital Wallet
TXN_007401,CUST_0114,STR_017,2025-12-23,1983.84,Debit Card
TXN_007402,CUST_0300,STR_018,2025-06-01,261.58,Credit Card
TXN_007403,CUST_0001,STR_004,2025-01-13,23.16,Digital Wallet
TXN_007404,CUST_0377,STR_012,2025-04-17,520.51,Credit Card
TXN_007405,CUST_0056,STR_009,2025-10-08,276.94,Cash
TXN_007406,CUST_0397,STR_009,2025-03-16,391.92,Credit Card
TXN_007407,CUST_0214,STR_014,2025-01-07,1609.43,Credit Card
TXN_007408,CUST_0364,STR_006,2025-02-14,1504.01,Debit Card
TXN_007409,CUST_0082,STR_009,2025-08-08,2886.83,Cash
TXN_007410,CUST_0161,STR_008,2025-03-27,308.29,Credit Card
TXN_007411,CUST_0313,STR_019,2025-01-16,1308.68,Credit Card
TXN_007412,CUST_0276,STR_002,2025-10-01,422.1,Digital Wallet
TXN_007413,CUST_0256,STR_003,2025-01-31,3121.61,Cash
TXN_007414,CUST_0430,STR_005,2025-07-28,34264.5,Digital Wallet
TXN_007415,CUST_0255,STR_011,2025-04-23,419.49,Credit Card
TXN_007416,CUST_0357,STR_015,2025-05-13,1311.28,Debit Card
TXN_007417,CUST_0189,STR_010,2025-12-14,472.52,Credit Card
TXN_007418,CUST_0471,STR_004,2025-03-22,1630.83,Cash
TXN_007419,CUST_0249,STR_009,2025-09-07,470.35,Credit Card
TXN_007420,CUST_0362,STR_017,2025-05-22,1070.25,Credit Card
TXN_007421,CUST_0098,STR_004,2025-11-17,484.54,Credit Card
TXN_007422,CUST_0091,STR_011,2025-09-17,540.58,Credit Card
TXN_007423,CUST_0214,STR_001,2025-07-05,91.81,Credit Card
TXN_007424,CUST_0308,STR_011,2025-04-17,1307.89,Credit Card
TXN_007425,CUST_0447,STR_013,2025-02-18,1388.49,Credit Card
TXN_007426,CUST_0038,STR_002,2025-01-08,444.41,Credit Card
TXN_007427,CUST_0326,STR_002,2025-09-17,371.12,Credit Card
TXN_007428,CUST_0260,STR_011,2025-10-16,761.84,Debit Card
TXN_007429,CUST_0379,STR_015,2025-08-26,1059.06,Credit Card
TXN_007430,CUST_0070,STR_018,2025-12-17,1904.27,Credit Card
TXN_007431,CUST_0366,STR_017,2025-08-06,3014.01,Credit Card
TXN_007432,CUST_0269,STR_014,2025-03-29,649.4,Credit Card
TXN_007433,CUST_0433,STR_004,2025-11-30,1204.13,Digital Wallet
TXN_007434,CUST_0073,STR_005,2025-06-11,337.05,Credit Card
TXN_007435,CUST_0244,STR_020,2025-04-14,1690.31,Credit Card
TXN_007436,CUST_0223,STR_017,2025-11-06,617.87,Digital Wallet
TXN_007437,CUST_0449,STR_013,2025-04-01,1477.71,Credit Card
TXN_007438,CUST_0028,STR_007,2025-12-30,1996.04,Debit Card
TXN_007439,CUST_0172,STR_016,2025-11-27,1744.5,Credit Card
TXN_007440,CUST_0258,STR_017,2025-06-30,546.47,Debit Card
TXN_007441,CUST_0010,STR_010,2025-08-21,1904.11,Digital Wallet
TXN_007442,CUST_0273,STR_016,2025-02-08,189.05,Debit Card
TXN_007443,CUST_0268,STR_012,2025-04-22,236.06,Credit Card
TXN_007444,CUST_0303,STR_019,2025-02-17,121.79,Digital Wallet
TXN_007445,CUST_0191,STR_007,2025-07-01,590.41,Debit Card
TXN_007446,CUST_0301,STR_011,2025-02-06,70.0,Credit Card
TXN_007447,CUST_0403,STR_009,2025-10-14,778.1,Credit Card
TXN_007448,CUST_0464,STR_020,2025-12-01,1822.13,Credit Card
TXN_007449,CUST_0018,STR_007,2025-09-25,2019.1,Credit Card
TXN_007450,CUST_0067,STR_002,2025-12-03,561.81,Credit Card
TXN_007451,CUST_0446,STR_012,2025-11-03,654.34,Credit Card
TXN_007452,CUST_0486,STR_015,2025-10-30,205.33,Credit Card
TXN_007453,CUST_0092,STR_015,2025-05-08,854.39,Debit Card
TXN_007454,CUST_0158,STR_009,2025-01-28,1510.52,Debit Card
TXN_007455,CUST_0070,STR_007,2025-01-18,966.55,Credit Card
TXN_007456,CUST_0139,STR_015,2025-11-29,936.56,Cash
TXN_007457,CUST_0431,STR_020,2025-09-08,1367.04,Debit Card
TXN_007458,CUST_0250,STR_016,2025-02-01,133.93,Debit Card
TXN_007459,CUST_0135,STR_015,2025-12-01,496.06,Digital Wallet
TXN_007460,CUST_0494,STR_008,2025-12-18,1775.76,Credit Card
TXN_007461,CUST_0496,STR_012,2025-11-15,789.3,Credit Card
TXN_007462,CUST_0466,STR_005,2025-09-03,706.28,Credit Card
TXN_007463,CUST_0337,STR_017,2025-01-27,551.04,Digital Wallet
TXN_007464,CUST_0421,STR_017,2025-05-24,520.83,Credit Card
TXN_007465,CUST_0117,STR_008,2025-10-23,1330.84,Debit Card
TXN_007466,CUST_0489,STR_008,2025-08-27,213.23,Credit Card
TXN_007467,CUST_0045,STR_016,2025-09-27,538.38,Credit Card
TXN_007468,CUST_0342,STR_020,2025-07-11,547.64,Digital Wallet
TXN_007469,CUST_0095,STR_019,2025-02-13,2281.96,Credit Card
TXN_007470,CUST_0283,STR_018,2025-12-18,6901.08,Credit Card
TXN_007471,CUST_0169,STR_018,2025-09-05,510.18,Debit Card
TXN_007472,CUST_0085,STR_002,2025-03-27,1278.15,Digital Wallet
TXN_007473,CUST_0217,STR_015,2025-12-11,211.22,Credit Card
TXN_007474,CUST_0168,STR_012,2025-04-29,391.92,Credit Card
TXN_007475,CUST_0431,STR_018,2025-11-20,872.77,Debit Card
TXN_007476,CUST_0305,STR_014,2025-06-16,1189.16,Credit Card
TXN_007477,CUST_0393,STR_017,2025-04-28,1760.25,Debit Card
TXN_007478,CUST_0108,STR_001,2025-07-18,2329.62,Credit Card
TXN_007479,CUST_0084,STR_007,2025-11-04,95.5,Credit Card
TXN_007480,CUST_0291,STR_017,2025-09-27,1860.26,Credit Card
TXN_007481,CUST_0440,STR_019,2025-01-13,943.29,Credit Card
TXN_007482,CUST_0157,STR_006,2025-09-01,334.15,Debit Card
TXN_007483,CUST_0348,STR_008,2025-08-15,306.07,Credit Card
TXN_007484,CUST_0192,STR_017,2025-09-19,804.17,Debit Card
TXN_007485,CUST_0083,STR_014,2025-08-24,250.6,Credit Card
TXN_007486,CUST_0302,STR_001,2025-01-07,705.26,Debit Card
TXN_007487,CUST_0052,STR_004,2025-07-07,842.63,Credit Card
TXN_007488,CUST_0289,STR_010,2025-04-03,1547.22,Credit Card
TXN_007489,CUST_0431,STR_002,2025-11-23,303.69,Digital Wallet
TXN_007490,CUST_0091,STR_013,2025-10-31,254.69,Debit Card
TXN_007491,CUST_0219,STR_004,2025-08-02,812.04,Cash
TXN_007492,CUST_0382,STR_018,2025-11-09,371.12,Credit Card
TXN_007493,CUST_0165,STR_017,2025-11-23,1270.85,Debit Card
TXN_007494,CUST_0285,STR_016,2025-07-17,13571.32,Debit Card
TXN_007495,CUST_0162,STR_010,2025-10-17,1140.41,Credit Card
TXN_007496,CUST_0340,STR_016,2025-12-04,2450.25,Debit Card
TXN_007497,CUST_0002,STR_009,2025-06-09,775.15,Debit Card
TXN_007498,CUST_0146,STR_004,2025-04-30,180.73,Credit Card
TXN_007499,CUST_0385,STR_018,2025-01-15,789.61,Digital Wallet
TXN_007500,CUST_0102,STR_013,2025-05-20,208.78,Credit Card
TXN_007501,CUST_0292,STR_009,2025-01-09,3082.95,Credit Card
TXN_007502,CUST_0383,STR_001,2025-12-29,551.82,Credit Card
TXN_007503,CUST_0252,STR_014,2025-02-09,626.24,Credit Card
TXN_007504,CUST_0282,STR_011,2025-05-05,813.74,Debit Card
TXN_007505,CUST_0194,STR_015,2025-02-12,1725.41,Credit Card
TXN_007506,CUST_0378,STR_017,2025-03-27,937.96,Credit Card
TXN_007507,CUST_0259,STR_013,2025-03-01,1824.09,Credit Card
TXN_007508,CUST_0432,STR_018,2025-09-16,2076.59,Digital Wallet
TXN_007509,CUST_0435,STR_005,2025-02-19,63.26,Credit Card
TXN_007510,CUST_0314,STR_016,2025-03-04,632.48,Credit Card
TXN_007511,CUST_0328,STR_015,2025-10-24,371.59,Debit Card
TXN_007512,CUST_0329,STR_005,2025-07-28,1173.4,Cash
TXN_007513,CUST_0123,STR_012,2025-03-16,1308.05,Debit Card
TXN_007514,CUST_0237,STR_012,2025-07-18,583.18,Digital Wallet
TXN_007515,CUST_0020,STR_005,2025-01-05,391.92,Credit Card
TXN_007516,CUST_0181,STR_020,2025-03-23,519.58,Digital Wallet
TXN_007517,CUST_0357,STR_009,2025-06-30,524.05,Digital Wallet
TXN_007518,CUST_0263,STR_015,2025-04-06,127.5,Digital Wallet
TXN_007519,CUST_0313,STR_019,2025-09-29,1035.45,Digital Wallet
TXN_007520,CUST_0010,STR_009,2025-06-14,260.54,Debit Card
TXN_007521,CUST_0426,STR_010,2025-05-19,120.93,Credit Card
TXN_007522,CUST_0069,STR_009,2025-08-10,626.24,Credit Card
TXN_007523,CUST_0439,STR_004,2025-01-22,199.23,Digital Wallet
TXN_007524,CUST_0379,STR_002,2025-01-17,561.81,Credit Card
TXN_007525,CUST_0320,STR_017,2025-06-24,1322.41,Credit Card
TXN_007526,CUST_0425,STR_005,2025-09-07,675.27,Digital Wallet
TXN_007527,CUST_0130,STR_010,2025-08-03,391.92,Debit Card
TXN_007528,CUST_0324,STR_019,2025-01-18,446.83,Digital Wallet
TXN_007529,CUST_0149,STR_001,2025-10-31,63.65,Credit Card
TXN_007530,CUST_0364,STR_012,2025-04-07,235.8,Credit Card
TXN_007531,CUST_0082,STR_005,2025-04-18,804.71,Digital Wallet
TXN_007532,CUST_0468,STR_011,2025-08-29,1099.46,Credit Card
TXN_007533,CUST_0098,STR_003,2025-07-08,221.44,Credit Card
TXN_007534,CUST_0420,STR_001,2025-08-21,227.65,Digital Wallet
TXN_007535,CUST_0317,STR_016,2025-06-01,538.38,Credit Card
TXN_007536,CUST_0324,STR_012,2025-01-25,2192.67,Debit Card
TXN_007537,CUST_0088,STR_017,2025-12-15,523.49,Debit Card
TXN_007538,CUST_0290,STR_008,2025-06-13,752.3,Credit Card
TXN_007539,CUST_0310,STR_014,2025-04-28,537.61,Credit Card
TXN_007540,CUST_0066,STR_006,2025-08-06,355.38,Credit Card
TXN_007541,CUST_0032,STR_012,2025-07-13,179.85,Credit Card
TXN_007542,CUST_0142,STR_018,2025-03-31,713.17,Digital Wallet
TXN_007543,CUST_0215,STR_014,2025-10-25,553.88,Credit Card
TXN_007544,CUST_0144,STR_008,2025-09-21,210.24,Credit Card
TXN_007545,CUST_0380,STR_010,2025-11-14,596.2,Credit Card
TXN_007546,CUST_0261,STR_005,2025-05-28,972.22,Credit Card
TXN_007547,CUST_0207,STR_006,2025-05-26,1766.72,Credit Card
TXN_007548,CUST_0406,STR_008,2025-06-17,1785.64,Debit Card
TXN_007549,CUST_0172,STR_005,2025-03-03,749.38,Credit Card
TXN_007550,CUST_0209,STR_011,2025-07-16,1421.52,Credit Card
TXN_007551,CUST_0408,STR_009,2025-03-19,10090.21,Cash
TXN_007552,CUST_0127,STR_016,2025-02-11,1103.78,Cash
TXN_007553,CUST_0492,STR_003,2025-03-26,1812.93,Debit Card
TXN_007554,CUST_0171,STR_001,2025-02-10,846.49,Cash
TXN_007555,CUST_0145,STR_009,2025-03-30,1146.92,Credit Card
TXN_007556,CUST_0041,STR_002,2025-02-02,1072.52,Credit Card
TXN_007557,CUST_0453,STR_003,2025-07-24,470.35,Debit Card
TXN_007558,CUST_0398,STR_001,2025-01-11,610.27,Credit Card
TXN_007559,CUST_0187,STR_020,2025-02-23,495.02,Debit Card
TXN_007560,CUST_0066,STR_012,2025-08-15,1143.29,Debit Card
TXN_007561,CUST_0249,STR_019,2025-02-03,1558.74,Debit Card
TXN_007562,CUST_0086,STR_007,2025-06-24,499.48,Credit Card
TXN_007563,CUST_0384,STR_012,2025-01-16,842.63,Digital Wallet
TXN_007564,CUST_0112,STR_010,2025-06-19,2125.11,Credit Card
TXN_007565,CUST_0079,STR_008,2025-02-08,1475.17,Debit Card
TXN_007566,CUST_0042,STR_009,2025-04-15,687.46,Debit Card
TXN_007567,CUST_0318,STR_002,2025-01-07,3417.56,Debit Card
TXN_007568,CUST_0308,STR_019,2025-10-03,684.54,Credit Card
TXN_007569,CUST_0211,STR_019,2025-05-02,209.72,Credit Card
TXN_007570,CUST_0361,STR_001,2025-02-10,1369.14,Digital Wallet
TXN_007571,CUST_0319,STR_003,2025-08-08,934.66,Credit Card
TXN_007572,CUST_0495,STR_016,2025-05-02,2047.22,Credit Card
TXN_007573,CUST_0451,STR_020,2025-05-06,1107.86,Debit Card
TXN_007574,CUST_0397,STR_004,2025-09-15,170.86,Debit Card
TXN_007575,CUST_0167,STR_002,2025-08-21,796.0,Credit Card
TXN_007576,CUST_0475,STR_002,2025-05-04,336.83,Credit Card
TXN_007577,CUST_0384,STR_010,2025-02-17,629.36,Credit Card
TXN_007578,CUST_0255,STR_011,2025-11-13,261.58,Credit Card
TXN_007579,CUST_0406,STR_005,2025-09-27,313.12,Digital Wallet
TXN_007580,CUST_0443,STR_002,2025-12-12,795.33,Credit Card
TXN_007581,CUST_0237,STR_020,2025-10-21,498.07,Credit Card
TXN_007582,CUST_0288,STR_014,2025-04-18,551.82,Digital Wallet
TXN_007583,CUST_0310,STR_001,2025-03-20,460.31,Digital Wallet
TXN_007584,CUST_0142,STR_006,2025-06-21,100.99,Credit Card
TXN_007585,CUST_0129,STR_003,2025-03-17,412.36,Credit Card
TXN_007586,CUST_0072,STR_007,2025-10-26,529.53,Credit Card
TXN_007587,CUST_0476,STR_006,2025-10-30,687.46,Credit Card
TXN_007588,CUST_0323,STR_002,2025-05-18,1064.57,Debit Card
TXN_007589,CUST_0485,STR_011,2025-07-31,2579.67,Credit Card
TXN_007590,CUST_0353,STR_006,2025-03-19,1329.3,Debit Card
TXN_007591,CUST_0205,STR_016,2025-12-06,6708.88,Debit Card
TXN_007592,CUST_0072,STR_004,2025-11-08,313.29,Digital Wallet
TXN_007593,CUST_0077,STR_004,2025-08-25,595.15,Debit Card
TXN_007594,CUST_0411,STR_009,2025-08-08,486.11,Digital Wallet
TXN_007595,CUST_0343,STR_020,2025-08-20,210.24,Debit Card
TXN_007596,CUST_0473,STR_017,2025-07-29,425.27,Digital Wallet
TXN_007597,CUST_0141,STR_016,2025-09-09,643.03,Cash
TXN_007598,CUST_0104,STR_005,2025-03-26,519.58,Credit Card
TXN_007599,CUST_0110,STR_012,2025-03-15,643.03,Credit Card
TXN_007600,CUST_0399,STR_020,2025-10-01,1374.92,Credit Card
TXN_007601,CUST_0402,STR_015,2025-01-26,1092.94,Debit Card
TXN_007602,CUST_0019,STR_012,2025-09-15,1006.12,Debit Card
TXN_007603,CUST_0198,STR_008,2025-05-12,210.0,Debit Card
TXN_007604,CUST_0344,STR_016,2025-01-21,1812.84,Debit Card
TXN_007605,CUST_0327,STR_012,2025-10-25,1166.35,Credit Card
TXN_007606,CUST_0053,STR_013,2025-01-11,467.62,Credit Card
TXN_007607,CUST_0205,STR_008,2025-12-13,864.15,Debit Card
TXN_007608,CUST_0470,STR_016,2025-04-02,2617.36,Cash
TXN_007609,CUST_0414,STR_014,2025-12-19,263.09,Credit Card
TXN_007610,CUST_0264,STR_019,2025-06-20,157.68,Debit Card
TXN_007611,CUST_0454,STR_012,2025-10-11,519.58,Credit Card
TXN_007612,CUST_0118,STR_014,2025-08-15,2645.52,Debit Card
TXN_007613,CUST_0240,STR_010,2025-09-13,2219.27,Credit Card
TXN_007614,CUST_0161,STR_014,2025-07-02,1412.56,Credit Card
TXN_007615,CUST_0021,STR_006,2025-06-11,235.66,Credit Card
TXN_007616,CUST_0392,STR_002,2025-12-16,1734.32,Cash
TXN_007617,CUST_0228,STR_020,2025-05-05,93.95,Debit Card
TXN_007618,CUST_0406,STR_012,2025-06-13,391.74,Credit Card
TXN_007619,CUST_0236,STR_005,2025-07-16,3035.76,Debit Card
TXN_007620,CUST_0091,STR_019,2025-08-04,1123.36,Credit Card
TXN_007621,CUST_0275,STR_003,2025-10-05,1894.78,Credit Card
TXN_007622,CUST_0305,STR_016,2025-12-11,1673.07,Digital Wallet
TXN_007623,CUST_0104,STR_017,2025-12-27,1778.2,Credit Card
TXN_007624,CUST_0103,STR_007,2025-07-16,1594.77,Digital Wallet
TXN_007625,CUST_0498,STR_009,2025-07-20,2751.79,Credit Card
TXN_007626,CUST_0100,STR_006,2025-10-05,1441.69,Credit Card
TXN_007627,CUST_0500,STR_008,2025-02-13,368.37,Debit Card
TXN_007628,CUST_0342,STR_007,2025-12-29,260.13,Debit Card
TXN_007629,CUST_0099,STR_006,2025-04-16,3676.65,Debit Card
TXN_007630,CUST_0240,STR_006,2025-12-01,200.31,Credit Card
TXN_007631,CUST_0378,STR_014,2025-08-17,1802.57,Debit Card
TXN_007632,CUST_0221,STR_004,2025-06-12,2388.08,Digital Wallet
TXN_007633,CUST_0296,STR_020,2025-09-17,1318.71,Credit Card
TXN_007634,CUST_0291,STR_006,2025-07-19,302.07,Credit Card
TXN_007635,CUST_0011,STR_014,2025-03-14,807.6,Credit Card
TXN_007636,CUST_0070,STR_012,2025-12-30,789.39,Digital Wallet
TXN_007637,CUST_0100,STR_003,2025-08-05,3582.45,Credit Card
TXN_007638,CUST_0201,STR_010,2025-10-20,765.32,Credit Card
TXN_007639,CUST_0345,STR_006,2025-11-05,206.74,Digital Wallet
TXN_007640,CUST_0025,STR_004,2025-08-26,2715.82,Credit Card
TXN_007641,CUST_0125,STR_014,2025-07-26,492.11,Debit Card
TXN_007642,CUST_0136,STR_009,2025-08-04,459.49,Debit Card
TXN_007643,CUST_0419,STR_007,2025-04-18,391.92,Credit Card
TXN_007644,CUST_0277,STR_010,2025-07-28,484.67,Credit Card
TXN_007645,CUST_0173,STR_012,2025-06-21,1785.7,Debit Card
TXN_007646,CUST_0243,STR_013,2025-06-22,359.2,Debit Card
TXN_007647,CUST_0015,STR_008,2025-06-29,1494.94,Credit Card
TXN_007648,CUST_0225,STR_004,2025-12-10,493.6,Credit Card
TXN_007649,CUST_0009,STR_013,2025-06-10,935.21,Credit Card
TXN_007650,CUST_0037,STR_018,2025-10-28,199.0,Credit Card
TXN_007651,CUST_0370,STR_003,2025-04-17,229.52,Debit Card
TXN_007652,CUST_0488,STR_011,2025-07-02,2455.8,Credit Card
TXN_007653,CUST_0167,STR_016,2025-05-12,2781.11,Debit Card
TXN_007654,CUST_0240,STR_002,2025-08-09,52.5,Credit Card
TXN_007655,CUST_0383,STR_017,2025-10-18,497.0,Digital Wallet
TXN_007656,CUST_0111,STR_004,2025-10-01,687.46,Cash
TXN_007657,CUST_0041,STR_007,2025-07-18,1734.47,Credit Card
TXN_007658,CUST_0126,STR_012,2025-01-28,392.81,Cash
TXN_007659,CUST_0287,STR_018,2025-11-11,1100.01,Credit Card
TXN_007660,CUST_0266,STR_008,2025-03-24,261.58,Credit Card
TXN_007661,CUST_0325,STR_019,2025-12-14,2159.98,Debit Card
TXN_007662,CUST_0469,STR_005,2025-09-18,511.46,Credit Card
TXN_007663,CUST_0395,STR_005,2025-10-08,1000.96,Credit Card
TXN_007664,CUST_0064,STR_011,2025-07-21,727.44,Credit Card
TXN_007665,CUST_0419,STR_002,2025-02-01,169.15,Debit Card
TXN_007666,CUST_0257,STR_015,2025-07-22,375.77,Debit Card
TXN_007667,CUST_0214,STR_009,2025-06-18,3669.83,Credit Card
TXN_007668,CUST_0359,STR_008,2025-12-22,261.58,Credit Card
TXN_007669,CUST_0068,STR_019,2025-03-14,1214.84,Credit Card
TXN_007670,CUST_0436,STR_015,2025-10-12,631.91,Credit Card
TXN_007671,CUST_0066,STR_018,2025-03-08,965.24,Debit Card
TXN_007672,CUST_0165,STR_005,2025-06-18,112.35,Credit Card
TXN_007673,CUST_0466,STR_011,2025-11-11,732.37,Digital Wallet
TXN_007674,CUST_0476,STR_006,2025-06-15,510.18,Debit Card
TXN_007675,CUST_0011,STR_005,2025-10-05,23.16,Debit Card
TXN_007676,CUST_0494,STR_020,2025-11-02,134.99,Debit Card
TXN_007677,CUST_0166,STR_013,2025-03-03,269.98,Digital Wallet
TXN_007678,CUST_0290,STR_007,2025-04-25,1024.71,Credit Card
TXN_007679,CUST_0437,STR_017,2025-05-01,1223.99,Credit Card
TXN_007680,CUST_0269,STR_002,2025-11-30,1221.76,Credit Card
TXN_007681,CUST_0327,STR_005,2025-04-24,887.21,Credit Card
TXN_007682,CUST_0383,STR_007,2025-11-24,209.72,Digital Wallet
TXN_007683,CUST_0425,STR_014,2025-03-18,27.29,Credit Card
TXN_007684,CUST_0055,STR_002,2025-09-21,1546.11,Credit Card
TXN_007685,CUST_0391,STR_017,2025-04-05,281.62,Credit Card
TXN_007686,CUST_0175,STR_020,2025-08-14,945.04,Debit Card
TXN_007687,CUST_0198,STR_019,2025-08-06,1208.16,Credit Card
TXN_007688,CUST_0473,STR_009,2025-06-27,1911.87,Digital Wallet
TXN_007689,CUST_0243,STR_018,2025-01-19,996.13,Debit Card
TXN_007690,CUST_0075,STR_005,2025-05-16,1534.24,Credit Card
TXN_007691,CUST_0002,STR_014,2025-12-08,91.34,Credit Card
TXN_007692,CUST_0482,STR_014,2025-02-12,356.98,Credit Card
TXN_007693,CUST_0274,STR_014,2025-05-10,2338.09,Digital Wallet
TXN_007694,CUST_0020,STR_020,2025-03-29,68.23,Credit Card
TXN_007695,CUST_0268,STR_018,2025-10-12,23.16,Credit Card
TXN_007696,CUST_0088,STR_014,2025-11-25,2143.2,Digital Wallet
TXN_007697,CUST_0190,STR_009,2025-04-24,446.83,Credit Card
TXN_007698,CUST_0407,STR_003,2025-01-27,206.74,Credit Card
TXN_007699,CUST_0236,STR_018,2025-09-20,2835.37,Credit Card
TXN_007700,CUST_0101,STR_006,2025-08-31,691.14,Credit Card
TXN_007701,CUST_0246,STR_018,2025-01-03,1011.26,Debit Card
TXN_007702,CUST_0013,STR_008,2025-10-24,486.11,Credit Card
TXN_007703,CUST_0347,STR_016,2025-08-08,1126.13,Digital Wallet
TXN_007704,CUST_0130,STR_017,2025-09-07,285.79,Digital Wallet
TXN_007705,CUST_0153,STR_010,2025-06-24,853.72,Credit Card
TXN_007706,CUST_0339,STR_010,2025-07-31,2802.3,Credit Card
TXN_007707,CUST_0137,STR_005,2025-12-02,2699.82,Digital Wallet
TXN_007708,CUST_0209,STR_012,2025-05-07,1228.43,Credit Card
TXN_007709,CUST_0059,STR_007,2025-05-18,1041.45,Digital Wallet
TXN_007710,CUST_0052,STR_014,2025-04-29,801.99,Credit Card
TXN_007711,CUST_0367,STR_013,2025-09-20,754.27,Credit Card
TXN_007712,CUST_0153,STR_005,2025-03-02,786.14,Digital Wallet
TXN_007713,CUST_0498,STR_006,2025-06-08,908.46,Credit Card
TXN_007714,CUST_0175,STR_005,2025-08-03,464.74,Credit Card
TXN_007715,CUST_0491,STR_001,2025-04-15,765.08,Digital Wallet
TXN_007716,CUST_0024,STR_001,2025-02-14,2092.43,Credit Card
TXN_007717,CUST_0021,STR_018,2025-12-19,656.5,Credit Card
TXN_007718,CUST_0288,STR_004,2025-02-23,1005.61,Credit Card
TXN_007719,CUST_0051,STR_017,2025-08-21,140.0,Debit Card
TXN_007720,CUST_0092,STR_013,2025-12-02,2659.68,Cash
TXN_007721,CUST_0270,STR_001,2025-09-04,1097.68,Credit Card
TXN_007722,CUST_0192,STR_011,2025-11-11,981.59,Digital Wallet
TXN_007723,CUST_0147,STR_020,2025-01-07,1300.52,Credit Card
TXN_007724,CUST_0108,STR_014,2025-08-21,657.86,Credit Card
TXN_007725,CUST_0001,STR_019,2025-03-18,684.54,Credit Card
TXN_007726,CUST_0124,STR_012,2025-07-08,1094.17,Debit Card
TXN_007727,CUST_0453,STR_017,2025-10-16,1035.64,Credit Card
TXN_007728,CUST_0185,STR_014,2025-12-04,993.21,Debit Card
TXN_007729,CUST_0470,STR_015,2025-07-19,262.03,Credit Card
TXN_007730,CUST_0248,STR_011,2025-06-12,724.24,Credit Card
TXN_007731,CUST_0228,STR_019,2025-05-05,5973.33,Digital Wallet
TXN_007732,CUST_0289,STR_008,2025-02-09,4450.72,Credit Card
TXN_007733,CUST_0442,STR_002,2025-12-09,919.18,Debit Card
TXN_007734,CUST_0027,STR_013,2025-01-08,1722.42,Credit Card
TXN_007735,CUST_0087,STR_014,2025-12-04,1061.92,Credit Card
TXN_007736,CUST_0238,STR_010,2025-07-01,1744.5,Debit Card
TXN_007737,CUST_0390,STR_010,2025-09-08,512.57,Credit Card
TXN_007738,CUST_0069,STR_009,2025-03-11,990.43,Debit Card
TXN_007739,CUST_0366,STR_013,2025-10-20,1009.21,Digital Wallet
TXN_007740,CUST_0162,STR_018,2025-08-20,422.1,Credit Card
TXN_007741,CUST_0429,STR_003,2025-06-24,1676.8,Credit Card
TXN_007742,CUST_0470,STR_013,2025-07-31,156.59,Credit Card
TXN_007743,CUST_0492,STR_009,2025-11-18,243.58,Credit Card
TXN_007744,CUST_0259,STR_017,2025-07-11,2165.65,Credit Card
TXN_007745,CUST_0469,STR_016,2025-04-05,1708.78,Credit Card
TXN_007746,CUST_0340,STR_018,2025-01-18,670.97,Digital Wallet
TXN_007747,CUST_0404,STR_020,2025-08-27,2434.53,Debit Card
TXN_007748,CUST_0223,STR_017,2025-02-14,1609.42,Digital Wallet
TXN_007749,CUST_0096,STR_016,2025-04-11,764.22,Credit Card
TXN_007750,CUST_0362,STR_017,2025-07-12,1712.82,Debit Card
TXN_007751,CUST_0341,STR_011,2025-10-27,1941.14,Debit Card
TXN_007752,CUST_0277,STR_008,2025-12-13,224.11,Credit Card
TXN_007753,CUST_0493,STR_010,2025-02-23,154.58,Debit Card
TXN_007754,CUST_0289,STR_013,2025-05-08,1168.87,Credit Card
TXN_007755,CUST_0474,STR_016,2025-03-02,393.21,Credit Card
TXN_007756,CUST_0378,STR_008,2025-07-12,27.29,Debit Card
TXN_007757,CUST_0287,STR_008,2025-07-12,1554.57,Digital Wallet
TXN_007758,CUST_0103,STR_002,2025-12-21,470.35,Credit Card
TXN_007759,CUST_0352,STR_014,2025-08-14,260.54,Credit Card
TXN_007760,CUST_0186,STR_020,2025-11-12,538.38,Debit Card
TXN_007761,CUST_0032,STR_018,2025-03-04,398.28,Digital Wallet
TXN_007762,CUST_0380,STR_020,2025-12-15,233.11,Credit Card
TXN_007763,CUST_0001,STR_005,2025-09-01,524.05,Digital Wallet
TXN_007764,CUST_0462,STR_013,2025-01-12,1418.58,Debit Card
TXN_007765,CUST_0297,STR_017,2025-10-27,1918.03,Debit Card
TXN_007766,CUST_0025,STR_017,2025-07-24,598.61,Credit Card
TXN_007767,CUST_0408,STR_007,2025-09-30,1058.38,Credit Card
TXN_007768,CUST_0389,STR_018,2025-08-14,319.09,Credit Card
TXN_007769,CUST_0187,STR_011,2025-06-22,393.21,Credit Card
TXN_007770,CUST_0410,STR_001,2025-05-07,1906.96,Debit Card
TXN_007771,CUST_0240,STR_001,2025-04-23,761.18,Credit Card
TXN_007772,CUST_0050,STR_018,2025-08-08,1225.01,Credit Card
TXN_007773,CUST_0417,STR_013,2025-06-07,895.33,Debit Card
TXN_007774,CUST_0277,STR_020,2025-07-02,1629.5,Credit Card
TXN_007775,CUST_0220,STR_008,2025-12-26,461.8,Credit Card
TXN_007776,CUST_0001,STR_018,2025-02-07,76.18,Debit Card
TXN_007777,CUST_0415,STR_013,2025-03-25,3145.01,Credit Card
TXN_007778,CUST_0028,STR_016,2025-12-15,503.14,Credit Card
TXN_007779,CUST_0294,STR_009,2025-06-15,148.33,Debit Card
TXN_007780,CUST_0081,STR_005,2025-01-14,996.13,Debit Card
TXN_007781,CUST_0298,STR_016,2025-05-31,804.71,Credit Card
TXN_007782,CUST_0467,STR_018,2025-12-06,2203.53,Credit Card
TXN_007783,CUST_0039,STR_001,2025-06-23,776.86,Credit Card
TXN_007784,CUST_0014,STR_005,2025-11-15,308.27,Credit Card
TXN_007785,CUST_0259,STR_008,2025-01-29,210.24,Credit Card
TXN_007786,CUST_0378,STR_012,2025-12-25,923.19,Credit Card
TXN_007787,CUST_0244,STR_018,2025-04-12,1038.44,Digital Wallet
TXN_007788,CUST_0440,STR_008,2025-09-20,835.03,Debit Card
TXN_007789,CUST_0037,STR_016,2025-12-17,505.73,Credit Card
TXN_007790,CUST_0498,STR_016,2025-04-19,7264.3,Digital Wallet
TXN_007791,CUST_0188,STR_008,2025-11-07,1354.02,Debit Card
TXN_007792,CUST_0297,STR_006,2025-02-09,1394.57,Credit Card
TXN_007793,CUST_0285,STR_003,2025-09-03,2968.9,Debit Card
TXN_007794,CUST_0430,STR_010,2025-05-25,562.09,Credit Card
TXN_007795,CUST_0343,STR_001,2025-09-18,1043.25,Debit Card
TXN_007796,CUST_0151,STR_016,2025-11-01,462.8,Debit Card
TXN_007797,CUST_0092,STR_006,2025-04-22,798.3,Debit Card
TXN_007798,CUST_0387,STR_018,2025-05-22,758.37,Digital Wallet
TXN_007799,CUST_0245,STR_016,2025-04-17,128.34,Debit Card
TXN_007800,CUST_0143,STR_016,2025-11-25,873.7,Credit Card
TXN_007801,CUST_0378,STR_008,2025-07-13,2053.62,Debit Card
TXN_007802,CUST_0395,STR_003,2025-02-09,1334.92,Credit Card
TXN_007803,CUST_0453,STR_016,2025-12-05,524.23,Credit Card
TXN_007804,CUST_0438,STR_014,2025-06-20,1443.09,Cash
TXN_007805,CUST_0383,STR_018,2025-10-02,274.25,Digital Wallet
TXN_007806,CUST_0281,STR_005,2025-02-24,2628.66,Credit Card
TXN_007807,CUST_0371,STR_001,2025-03-23,398.73,Credit Card
TXN_007808,CUST_0372,STR_002,2025-09-16,925.89,Credit Card
TXN_007809,CUST_0049,STR_001,2025-11-24,474.36,Debit Card
TXN_007810,CUST_0311,STR_013,2025-06-12,121.79,Debit Card
TXN_007811,CUST_0082,STR_014,2025-04-22,121.79,Credit Card
TXN_007812,CUST_0404,STR_011,2025-12-13,1227.74,Cash
TXN_007813,CUST_0233,STR_012,2025-06-01,1286.06,Cash
TXN_007814,CUST_0442,STR_007,2025-07-03,260.57,Digital Wallet
TXN_007815,CUST_0362,STR_013,2025-11-08,578.95,Credit Card
TXN_007816,CUST_0043,STR_003,2025-03-11,1770.15,Credit Card
TXN_007817,CUST_0270,STR_010,2025-03-18,2096.92,Credit Card
TXN_007818,CUST_0031,STR_007,2025-11-21,706.28,Credit Card
TXN_007819,CUST_0440,STR_004,2025-10-10,1875.38,Credit Card
TXN_007820,CUST_0270,STR_018,2025-03-14,148.33,Debit Card
TXN_007821,CUST_0309,STR_013,2025-05-08,2058.13,Credit Card
TXN_007822,CUST_0321,STR_018,2025-01-08,2115.29,Credit Card
TXN_007823,CUST_0293,STR_001,2025-10-02,804.71,Credit Card
TXN_007824,CUST_0068,STR_005,2025-02-02,201.99,Digital Wallet
TXN_007825,CUST_0456,STR_013,2025-03-07,1744.5,Credit Card
TXN_007826,CUST_0079,STR_016,2025-07-22,1249.4,Debit Card
TXN_007827,CUST_0353,STR_016,2025-11-25,423.32,Debit Card
TXN_007828,CUST_0389,STR_006,2025-02-03,2315.8,Digital Wallet
TXN_007829,CUST_0077,STR_019,2025-06-08,72.02,Credit Card
TXN_007830,CUST_0319,STR_009,2025-02-20,643.03,Cash
TXN_007831,CUST_0138,STR_015,2025-03-03,529.53,Credit Card
TXN_007832,CUST_0349,STR_004,2025-10-28,1465.46,Debit Card
TXN_007833,CUST_0303,STR_003,2025-03-31,199.73,Credit Card
TXN_007834,CUST_0208,STR_003,2025-08-27,713.85,Credit Card
TXN_007835,CUST_0458,STR_001,2025-01-22,665.0,Debit Card
TXN_007836,CUST_0228,STR_010,2025-05-16,1935.66,Credit Card
TXN_007837,CUST_0223,STR_010,2025-02-14,486.11,Digital Wallet
TXN_007838,CUST_0194,STR_010,2025-07-24,1791.98,Credit Card
TXN_007839,CUST_0105,STR_020,2025-05-20,905.28,Digital Wallet
TXN_007840,CUST_0281,STR_011,2025-01-28,210.24,Credit Card
TXN_007841,CUST_0306,STR_020,2025-01-09,2179.29,Cash
TXN_007842,CUST_0214,STR_019,2025-08-09,1464.35,Debit Card
TXN_007843,CUST_0233,STR_017,2025-06-08,765.04,Credit Card
TXN_007844,CUST_0031,STR_010,2025-03-07,1812.24,Credit Card
TXN_007845,CUST_0012,STR_018,2025-12-03,771.24,Credit Card
TXN_007846,CUST_0011,STR_005,2025-04-01,11753.16,Credit Card
TXN_007847,CUST_0262,STR_006,2025-05-27,1374.92,Debit Card
TXN_007848,CUST_0041,STR_006,2025-11-25,177.46,Credit Card
TXN_007849,CUST_0081,STR_002,2025-10-01,2442.4,Credit Card
TXN_007850,CUST_0338,STR_018,2025-02-13,113.72,Debit Card
TXN_007851,CUST_0395,STR_006,2025-09-30,422.19,Credit Card
TXN_007852,CUST_0494,STR_016,2025-10-20,1766.72,Credit Card
TXN_007853,CUST_0149,STR_020,2025-09-29,1331.32,Credit Card
TXN_007854,CUST_0415,STR_020,2025-03-07,235.66,Credit Card
TXN_007855,CUST_0336,STR_016,2025-04-09,597.89,Credit Card
TXN_007856,CUST_0241,STR_014,2025-03-18,561.81,Debit Card
TXN_007857,CUST_0323,STR_012,2025-12-20,1170.36,Credit Card
TXN_007858,CUST_0404,STR_009,2025-09-26,22.0,Debit Card
TXN_007859,CUST_0290,STR_019,2025-12-04,399.97,Credit Card
TXN_007860,CUST_0202,STR_016,2025-02-22,303.24,Digital Wallet
TXN_007861,CUST_0026,STR_004,2025-03-22,769.34,Credit Card
TXN_007862,CUST_0472,STR_014,2025-03-22,2796.71,Credit Card
TXN_007863,CUST_0454,STR_017,2025-04-20,486.52,Debit Card
TXN_007864,CUST_0406,STR_014,2025-02-06,2616.75,Credit Card
TXN_007865,CUST_0380,STR_005,2025-01-30,181.86,Credit Card
TXN_007866,CUST_0373,STR_019,2025-07-20,715.93,Debit Card
TXN_007867,CUST_0399,STR_006,2025-05-22,442.53,Digital Wallet
TXN_007868,CUST_0206,STR_018,2025-03-12,1124.24,Credit Card
TXN_007869,CUST_0485,STR_016,2025-01-07,422.1,Credit Card
TXN_007870,CUST_0135,STR_019,2025-05-25,594.96,Cash
TXN_007871,CUST_0250,STR_002,2025-11-20,1950.5,Debit Card
TXN_007872,CUST_0170,STR_009,2025-04-16,1786.49,Debit Card
TXN_007873,CUST_0369,STR_012,2025-05-02,562.51,Credit Card
TXN_007874,CUST_0259,STR_017,2025-10-19,2141.26,Credit Card
TXN_007875,CUST_0322,STR_019,2025-02-17,653.62,Digital Wallet
TXN_007876,CUST_0414,STR_010,2025-12-14,2775.58,Digital Wallet
TXN_007877,CUST_0293,STR_007,2025-01-13,134.99,Credit Card
TXN_007878,CUST_0057,STR_016,2025-12-02,2029.55,Debit Card
TXN_007879,CUST_0125,STR_014,2025-03-19,578.95,Credit Card
TXN_007880,CUST_0196,STR_001,2025-01-16,719.4,Credit Card
TXN_007881,CUST_0246,STR_019,2025-09-03,803.06,Credit Card
TXN_007882,CUST_0338,STR_016,2025-04-08,127.3,Digital Wallet
TXN_007883,CUST_0339,STR_006,2025-06-18,721.91,Digital Wallet
TXN_007884,CUST_0175,STR_015,2025-09-25,1262.79,Debit Card
TXN_007885,CUST_0372,STR_006,2025-10-05,690.15,Digital Wallet
TXN_007886,CUST_0161,STR_001,2025-12-14,310.11,Credit Card
TXN_007887,CUST_0153,STR_002,2025-02-24,981.27,Credit Card
TXN_007888,CUST_0084,STR_002,2025-03-12,2291.15,Debit Card
TXN_007889,CUST_0171,STR_007,2025-11-03,333.13,Credit Card
TXN_007890,CUST_0086,STR_007,2025-03-24,2513.56,Digital Wallet
TXN_007891,CUST_0298,STR_018,2025-01-09,178.57,Debit Card
TXN_007892,CUST_0437,STR_017,2025-06-09,2515.42,Credit Card
TXN_007893,CUST_0151,STR_017,2025-01-10,1332.5,Debit Card
TXN_007894,CUST_0386,STR_015,2025-06-17,181.86,Debit Card
TXN_007895,CUST_0368,STR_007,2025-06-24,1095.27,Credit Card
TXN_007896,CUST_0279,STR_019,2025-11-01,653.79,Cash
TXN_007897,CUST_0042,STR_018,2025-12-22,2080.88,Credit Card
TXN_007898,CUST_0348,STR_007,2025-07-19,1369.52,Credit Card
TXN_007899,CUST_0279,STR_003,2025-07-17,2093.33,Credit Card
TXN_007900,CUST_0362,STR_016,2025-05-31,591.79,Credit Card
TXN_007901,CUST_0024,STR_018,2025-01-28,771.66,Digital Wallet
TXN_007902,CUST_0118,STR_020,2025-04-22,1452.86,Debit Card
TXN_007903,CUST_0473,STR_008,2025-10-20,221.44,Debit Card
TXN_007904,CUST_0159,STR_018,2025-11-07,476.25,Credit Card
TXN_007905,CUST_0278,STR_007,2025-10-11,1842.17,Digital Wallet
TXN_007906,CUST_0444,STR_010,2025-07-03,27.29,Credit Card
TXN_007907,CUST_0381,STR_017,2025-05-27,684.54,Credit Card
TXN_007908,CUST_0360,STR_008,2025-03-30,1322.56,Credit Card
TXN_007909,CUST_0310,STR_008,2025-02-27,513.55,Credit Card
TXN_007910,CUST_0409,STR_020,2025-08-22,520.83,Credit Card
TXN_007911,CUST_0413,STR_004,2025-08-21,365.37,Cash
TXN_007912,CUST_0197,STR_017,2025-06-21,274.25,Cash
TXN_007913,CUST_0030,STR_005,2025-12-08,708.17,Credit Card
TXN_007914,CUST_0453,STR_009,2025-10-28,1532.48,Digital Wallet
TXN_007915,CUST_0434,STR_010,2025-08-23,345.36,Credit Card
TXN_007916,CUST_0482,STR_018,2025-03-18,643.03,Digital Wallet
TXN_007917,CUST_0489,STR_013,2025-12-11,481.03,Debit Card
TXN_007918,CUST_0214,STR_014,2025-08-30,1265.81,Credit Card
TXN_007919,CUST_0380,STR_003,2025-04-03,3543.25,Digital Wallet
TXN_007920,CUST_0362,STR_001,2025-12-09,1836.25,Debit Card
TXN_007921,CUST_0202,STR_018,2025-02-17,950.47,Credit Card
TXN_007922,CUST_0303,STR_017,2025-12-29,604.08,Credit Card
TXN_007923,CUST_0406,STR_018,2025-03-14,2021.94,Digital Wallet
TXN_007924,CUST_0481,STR_015,2025-10-02,632.48,Debit Card
TXN_007925,CUST_0298,STR_010,2025-02-14,2035.35,Digital Wallet
TXN_007926,CUST_0033,STR_012,2025-06-03,90.36,Debit Card
TXN_007927,CUST_0169,STR_013,2025-03-28,281.62,Credit Card
TXN_007928,CUST_0451,STR_006,2025-10-11,653.09,Credit Card
TXN_007929,CUST_0167,STR_008,2025-03-15,75.81,Credit Card
TXN_007930,CUST_0442,STR_004,2025-05-03,449.4,Credit Card
TXN_007931,CUST_0220,STR_013,2025-08-18,210.24,Credit Card
TXN_007932,CUST_0431,STR_003,2025-07-05,379.89,Debit Card
TXN_007933,CUST_0312,STR_008,2025-11-27,189.05,Debit Card
TXN_007934,CUST_0464,STR_014,2025-07-13,2333.42,Credit Card
TXN_007935,CUST_0122,STR_009,2025-01-26,854.39,Credit Card
TXN_007936,CUST_0156,STR_020,2025-04-15,842.63,Credit Card
TXN_007937,CUST_0086,STR_005,2025-08-23,990.88,Credit Card
TXN_007938,CUST_0453,STR_018,2025-08-07,613.87,Credit Card
TXN_007939,CUST_0433,STR_015,2025-08-21,1101.06,Credit Card
TXN_007940,CUST_0386,STR_006,2025-12-16,1010.98,Debit Card
TXN_007941,CUST_0486,STR_019,2025-08-31,674.51,Credit Card
TXN_007942,CUST_0466,STR_010,2025-02-22,2559.57,Debit Card
TXN_007943,CUST_0013,STR_003,2025-11-17,985.68,Debit Card
TXN_007944,CUST_0045,STR_005,2025-08-14,653.79,Credit Card
TXN_007945,CUST_0266,STR_002,2025-12-09,6400.28,Credit Card
TXN_007946,CUST_0103,STR_020,2025-09-14,1897.71,Credit Card
TXN_007947,CUST_0446,STR_015,2025-10-28,605.15,Digital Wallet
TXN_007948,CUST_0055,STR_012,2025-02-01,1778.32,Debit Card
TXN_007949,CUST_0112,STR_015,2025-06-03,684.63,Debit Card
TXN_007950,CUST_0379,STR_003,2025-01-10,1067.02,Credit Card
TXN_007951,CUST_0466,STR_003,2025-11-19,433.65,Debit Card
TXN_007952,CUST_0317,STR_010,2025-03-04,1559.71,Credit Card
TXN_007953,CUST_0345,STR_008,2025-11-29,548.5,Credit Card
TXN_007954,CUST_0010,STR_006,2025-07-27,726.43,Debit Card
TXN_007955,CUST_0485,STR_010,2025-11-22,591.28,Digital Wallet
TXN_007956,CUST_0389,STR_012,2025-01-15,666.34,Digital Wallet
TXN_007957,CUST_0245,STR_006,2025-06-27,1479.72,Debit Card
TXN_007958,CUST_0121,STR_002,2025-07-12,618.71,Debit Card
TXN_007959,CUST_0044,STR_008,2025-03-09,808.02,Credit Card
TXN_007960,CUST_0388,STR_020,2025-01-31,3525.42,Debit Card
TXN_007961,CUST_0459,STR_016,2025-09-15,1049.71,Credit Card
TXN_007962,CUST_0447,STR_005,2025-07-11,1313.76,Debit Card
TXN_007963,CUST_0437,STR_020,2025-09-01,1802.77,Digital Wallet
TXN_007964,CUST_0116,STR_004,2025-03-06,2979.47,Digital Wallet
TXN_007965,CUST_0031,STR_011,2025-02-16,1600.56,Cash
TXN_007966,CUST_0178,STR_020,2025-03-18,404.24,Credit Card
TXN_007967,CUST_0445,STR_003,2025-12-27,1268.08,Debit Card
TXN_007968,CUST_0084,STR_002,2025-01-11,1440.49,Credit Card
TXN_007969,CUST_0289,STR_008,2025-01-21,1350.83,Credit Card
TXN_007970,CUST_0035,STR_018,2025-08-19,151.62,Credit Card
TXN_007971,CUST_0468,STR_010,2025-12-23,945.04,Credit Card
TXN_007972,CUST_0390,STR_020,2025-10-26,524.05,Debit Card
TXN_007973,CUST_0218,STR_005,2025-03-26,524.28,Credit Card
TXN_007974,CUST_0144,STR_008,2025-09-17,27952.67,Credit Card
TXN_007975,CUST_0303,STR_011,2025-07-27,2181.82,Credit Card
TXN_007976,CUST_0454,STR_016,2025-05-03,63.65,Debit Card
TXN_007977,CUST_0208,STR_010,2025-04-20,3075.59,Credit Card
TXN_007978,CUST_0312,STR_009,2025-10-16,308.89,Credit Card
TXN_007979,CUST_0074,STR_016,2025-07-05,169.15,Credit Card
TXN_007980,CUST_0347,STR_004,2025-03-21,13021.04,Digital Wallet
TXN_007981,CUST_0273,STR_013,2025-04-18,151.62,Credit Card
TXN_007982,CUST_0179,STR_008,2025-12-24,582.41,Credit Card
TXN_007983,CUST_0118,STR_014,2025-12-05,101.11,Credit Card
TXN_007984,CUST_0045,STR_002,2025-08-28,559.06,Credit Card
TXN_007985,CUST_0468,STR_015,2025-04-01,189.05,Credit Card
TXN_007986,CUST_0327,STR_012,2025-07-04,333.31,Credit Card
TXN_007987,CUST_0360,STR_016,2025-05-18,5653.5,Credit Card
TXN_007988,CUST_0461,STR_014,2025-02-25,95.5,Credit Card
TXN_007989,CUST_0405,STR_005,2025-02-02,420.48,Digital Wallet
TXN_007990,CUST_0120,STR_017,2025-10-23,199.23,Digital Wallet
TXN_007991,CUST_0420,STR_020,2025-11-09,313.12,Credit Card
TXN_007992,CUST_0321,STR_016,2025-11-26,758.8,Debit Card
TXN_007993,CUST_0142,STR_001,2025-08-21,1026.35,Credit Card
TXN_007994,CUST_0454,STR_019,2025-09-06,854.39,Credit Card
TXN_007995,CUST_0111,STR_005,2025-09-16,1271.2,Debit Card
TXN_007996,CUST_0317,STR_005,2025-11-11,4985.95,Debit Card
TXN_007997,CUST_0136,STR_012,2025-08-14,115.7,Credit Card
TXN_007998,CUST_0383,STR_008,2025-07-10,854.39,Debit Card
TXN_007999,CUST_0040,STR_003,2025-02-24,1601.85,Credit Card
TXN_008000,CUST_0355,STR_003,2025-03-29,1182.48,Credit Card
TXN_008001,CUST_0474,STR_018,2025-08-13,804.71,Debit Card
TXN_008002,CUST_0109,STR_012,2025-08-18,2679.77,Credit Card
TXN_008003,CUST_0099,STR_016,2025-07-26,486.11,Credit Card
TXN_008004,CUST_0002,STR_004,2025-09-19,820.64,Debit Card
TXN_008005,CUST_0287,STR_010,2025-11-17,764.47,Credit Card
TXN_008006,CUST_0353,STR_016,2025-10-02,63.26,Debit Card
TXN_008007,CUST_0496,STR_005,2025-03-17,18129.47,Credit Card
TXN_008008,CUST_0138,STR_012,2025-01-11,1222.32,Credit Card
TXN_008009,CUST_0172,STR_012,2025-10-06,1087.37,Debit Card
TXN_008010,CUST_0200,STR_018,2025-02-05,595.72,Credit Card
TXN_008011,CUST_0019,STR_012,2025-03-15,282.96,Credit Card
TXN_008012,CUST_0185,STR_007,2025-07-30,498.07,Credit Card
TXN_008013,CUST_0473,STR_001,2025-04-25,3159.53,Credit Card
TXN_008014,CUST_0081,STR_007,2025-10-13,274.25,Debit Card
TXN_008015,CUST_0125,STR_001,2025-11-28,1001.63,Credit Card
TXN_008016,CUST_0057,STR_006,2025-09-03,444.41,Credit Card
TXN_008017,CUST_0290,STR_002,2025-08-24,1022.48,Credit Card
TXN_008018,CUST_0306,STR_001,2025-07-05,60.1,Credit Card
TXN_008019,CUST_0489,STR_009,2025-07-25,618.71,Credit Card
TXN_008020,CUST_0147,STR_017,2025-11-13,410.66,Credit Card
TXN_008021,CUST_0443,STR_011,2025-12-04,362.7,Credit Card
TXN_008022,CUST_0164,STR_019,2025-10-31,471.32,Credit Card
TXN_008023,CUST_0500,STR_001,2025-11-19,1570.63,Digital Wallet
TXN_008024,CUST_0011,STR_005,2025-10-15,1684.36,Debit Card
TXN_008025,CUST_0288,STR_007,2025-12-22,742.25,Credit Card
TXN_008026,CUST_0488,STR_015,2025-11-04,189.22,Debit Card
TXN_008027,CUST_0219,STR_004,2025-09-12,673.94,Digital Wallet
TXN_008028,CUST_0224,STR_013,2025-10-13,1177.76,Credit Card
TXN_008029,CUST_0395,STR_008,2025-10-23,170.86,Credit Card
TXN_008030,CUST_0128,STR_011,2025-08-10,412.36,Credit Card
TXN_008031,CUST_0186,STR_004,2025-11-12,1419.81,Credit Card
TXN_008032,CUST_0247,STR_011,2025-01-16,189.22,Credit Card
TXN_008033,CUST_0003,STR_012,2025-12-21,1448.48,Digital Wallet
TXN_008034,CUST_0210,STR_017,2025-06-07,457.22,Digital Wallet
TXN_008035,CUST_0403,STR_002,2025-09-27,313.92,Digital Wallet
TXN_008036,CUST_0391,STR_002,2025-02-15,621.62,Debit Card
TXN_008037,CUST_0186,STR_016,2025-07-29,1916.84,Credit Card
TXN_008038,CUST_0365,STR_005,2025-03-18,974.19,Credit Card
TXN_008039,CUST_0304,STR_017,2025-07-07,2712.56,Credit Card
TXN_008040,CUST_0152,STR_010,2025-08-10,842.63,Credit Card
TXN_008041,CUST_0113,STR_010,2025-07-03,112.35,Credit Card
TXN_008042,CUST_0353,STR_019,2025-07-14,1639.41,Debit Card
TXN_008043,CUST_0037,STR_020,2025-08-27,1106.98,Credit Card
TXN_008044,CUST_0319,STR_010,2025-11-29,308.27,Digital Wallet
TXN_008045,CUST_0108,STR_012,2025-03-10,1003.71,Credit Card
TXN_008046,CUST_0079,STR_018,2025-02-22,1069.86,Debit Card
TXN_008047,CUST_0424,STR_007,2025-06-11,783.47,Credit Card
TXN_008048,CUST_0357,STR_001,2025-07-03,442.53,Credit Card
TXN_008049,CUST_0236,STR_006,2025-06-10,290.73,Debit Card
TXN_008050,CUST_0225,STR_004,2025-10-16,596.76,Digital Wallet
TXN_008051,CUST_0046,STR_016,2025-12-10,1821.44,Debit Card
TXN_008052,CUST_0058,STR_003,2025-01-26,1387.14,Credit Card
TXN_008053,CUST_0436,STR_011,2025-10-15,104.39,Credit Card
TXN_008054,CUST_0068,STR_008,2025-12-16,1620.02,Credit Card
TXN_008055,CUST_0149,STR_011,2025-04-21,1457.76,Debit Card
TXN_008056,CUST_0054,STR_012,2025-07-07,535.71,Credit Card
TXN_008057,CUST_0196,STR_009,2025-01-30,181.86,Debit Card
TXN_008058,CUST_0324,STR_012,2025-11-06,2164.45,Credit Card
TXN_008059,CUST_0485,STR_009,2025-04-29,563.24,Credit Card
TXN_008060,CUST_0146,STR_013,2025-03-27,177.46,Debit Card
TXN_008061,CUST_0314,STR_005,2025-07-12,736.27,Debit Card
TXN_008062,CUST_0392,STR_007,2025-01-23,27.29,Debit Card
TXN_008063,CUST_0007,STR_008,2025-02-26,243.58,Credit Card
TXN_008064,CUST_0086,STR_002,2025-12-05,1256.34,Credit Card
TXN_008065,CUST_0296,STR_014,2025-12-23,5510.05,Credit Card
TXN_008066,CUST_0166,STR_017,2025-05-27,4983.21,Credit Card
TXN_008067,CUST_0252,STR_001,2025-04-12,1928.64,Credit Card
TXN_008068,CUST_0283,STR_012,2025-09-26,292.86,Credit Card
TXN_008069,CUST_0247,STR_012,2025-02-03,420.48,Debit Card
TXN_008070,CUST_0171,STR_001,2025-04-30,185.8,Credit Card
TXN_008071,CUST_0240,STR_009,2025-08-15,179.85,Credit Card
TXN_008072,CUST_0354,STR_019,2025-04-27,614.3,Credit Card
TXN_008073,CUST_0298,STR_013,2025-11-07,413.19,Digital Wallet
TXN_008074,CUST_0438,STR_019,2025-07-14,3005.61,Debit Card
TXN_008075,CUST_0354,STR_013,2025-12-10,503.05,Debit Card
TXN_008076,CUST_0470,STR_012,2025-04-03,224.7,Credit Card
TXN_008077,CUST_0303,STR_012,2025-12-16,470.35,Credit Card
TXN_008078,CUST_0210,STR_006,2025-09-28,783.48,Debit Card
TXN_008079,CUST_0373,STR_009,2025-11-11,3206.87,Credit Card
TXN_008080,CUST_0099,STR_007,2025-06-25,561.42,Debit Card
TXN_008081,CUST_0041,STR_002,2025-04-06,100.99,Credit Card
TXN_008082,CUST_0013,STR_005,2025-09-23,650.31,Credit Card
TXN_008083,CUST_0416,STR_016,2025-08-20,179.85,Digital Wallet
TXN_008084,CUST_0175,STR_013,2025-03-31,206.81,Digital Wallet
TXN_008085,CUST_0052,STR_009,2025-03-19,1332.82,Debit Card
TXN_008086,CUST_0497,STR_004,2025-07-10,1441.92,Debit Card
TXN_008087,CUST_0240,STR_006,2025-06-22,772.21,Credit Card
TXN_008088,CUST_0434,STR_013,2025-07-20,1795.33,Credit Card
TXN_008089,CUST_0047,STR_007,2025-02-04,893.66,Credit Card
TXN_008090,CUST_0141,STR_012,2025-07-08,339.28,Debit Card
TXN_008091,CUST_0254,STR_020,2025-03-01,412.36,Debit Card
TXN_008092,CUST_0266,STR_011,2025-08-29,802.4,Digital Wallet
TXN_008093,CUST_0147,STR_018,2025-11-27,687.46,Credit Card
TXN_008094,CUST_0102,STR_017,2025-07-23,2550.24,Credit Card
TXN_008095,CUST_0451,STR_001,2025-06-23,1081.16,Credit Card
TXN_008096,CUST_0303,STR_015,2025-02-07,286.73,Credit Card
TXN_008097,CUST_0482,STR_016,2025-04-13,690.01,Credit Card
TXN_008098,CUST_0400,STR_002,2025-01-05,2749.84,Debit Card
TXN_008099,CUST_0414,STR_001,2025-10-31,602.11,Debit Card
TXN_008100,CUST_0081,STR_014,2025-01-20,1256.34,Credit Card
TXN_008101,CUST_0061,STR_019,2025-10-14,547.64,Digital Wallet
TXN_008102,CUST_0171,STR_016,2025-06-03,388.43,Digital Wallet
TXN_008103,CUST_0081,STR_004,2025-04-30,1983.74,Debit Card
TXN_008104,CUST_0234,STR_020,2025-04-30,4042.74,Cash
TXN_008105,CUST_0273,STR_013,2025-07-07,121.79,Credit Card
TXN_008106,CUST_0322,STR_017,2025-05-21,1489.46,Cash
TXN_008107,CUST_0116,STR_002,2025-09-09,1809.14,Debit Card
TXN_008108,CUST_0423,STR_018,2025-06-11,966.9,Credit Card
TXN_008109,CUST_0163,STR_008,2025-12-23,529.62,Credit Card
TXN_008110,CUST_0137,STR_006,2025-07-07,747.44,Credit Card
TXN_008111,CUST_0318,STR_014,2025-02-13,459.16,Credit Card
TXN_008112,CUST_0107,STR_002,2025-12-05,498.95,Digital Wallet
TXN_008113,CUST_0057,STR_012,2025-07-10,472.52,Credit Card
TXN_008114,CUST_0441,STR_005,2025-10-04,133.09,Digital Wallet
TXN_008115,CUST_0152,STR_019,2025-09-05,6101.5,Credit Card
TXN_008116,CUST_0035,STR_013,2025-06-22,2290.76,Credit Card
TXN_008117,CUST_0385,STR_017,2025-10-08,1444.06,Digital Wallet
TXN_008118,CUST_0050,STR_006,2025-03-15,1417.92,Credit Card
TXN_008119,CUST_0069,STR_004,2025-05-23,6133.2,Credit Card
TXN_008120,CUST_0283,STR_001,2025-01-07,375.77,Debit Card
TXN_008121,CUST_0194,STR_002,2025-06-05,1102.86,Credit Card
TXN_008122,CUST_0212,STR_012,2025-04-27,899.94,Cash
TXN_008123,CUST_0308,STR_013,2025-08-27,613.87,Credit Card
TXN_008124,CUST_0179,STR_012,2025-09-08,172.77,Debit Card
TXN_008125,CUST_0088,STR_002,2025-06-16,2303.85,Credit Card
TXN_008126,CUST_0069,STR_009,2025-08-18,3868.96,Digital Wallet
TXN_008127,CUST_0474,STR_019,2025-05-14,1246.97,Digital Wallet
TXN_008128,CUST_0057,STR_011,2025-08-31,551.82,Debit Card
TXN_008129,CUST_0487,STR_003,2025-06-28,519.58,Credit Card
TXN_008130,CUST_0498,STR_004,2025-08-20,432.93,Debit Card
TXN_008131,CUST_0186,STR_002,2025-02-18,1634.53,Credit Card
TXN_008132,CUST_0286,STR_002,2025-10-26,1899.02,Credit Card
TXN_008133,CUST_0330,STR_002,2025-07-28,398.47,Credit Card
TXN_008134,CUST_0217,STR_003,2025-06-24,1776.08,Debit Card
TXN_008135,CUST_0327,STR_009,2025-12-23,258.06,Credit Card
TXN_008136,CUST_0081,STR_017,2025-12-01,2334.89,Credit Card
TXN_008137,CUST_0105,STR_020,2025-01-29,969.29,Debit Card
TXN_008138,CUST_0068,STR_001,2025-03-10,784.74,Credit Card
TXN_008139,CUST_0016,STR_018,2025-12-04,856.72,Credit Card
TXN_008140,CUST_0265,STR_013,2025-07-19,2448.33,Credit Card
TXN_008141,CUST_0481,STR_012,2025-10-17,1731.71,Credit Card
TXN_008142,CUST_0466,STR_009,2025-07-23,1138.07,Credit Card
TXN_008143,CUST_0193,STR_018,2025-04-23,610.88,Credit Card
TXN_008144,CUST_0412,STR_001,2025-10-20,262.65,Credit Card
TXN_008145,CUST_0397,STR_008,2025-10-28,206.74,Debit Card
TXN_008146,CUST_0263,STR_014,2025-04-29,2174.77,Debit Card
TXN_008147,CUST_0186,STR_016,2025-05-24,199.0,Credit Card
TXN_008148,CUST_0089,STR_014,2025-02-28,451.58,Credit Card
TXN_008149,CUST_0154,STR_018,2025-06-23,1751.84,Digital Wallet
TXN_008150,CUST_0393,STR_016,2025-06-17,628.17,Credit Card
TXN_008151,CUST_0407,STR_016,2025-05-06,969.08,Debit Card
TXN_008152,CUST_0061,STR_020,2025-11-08,2887.64,Credit Card
TXN_008153,CUST_0336,STR_002,2025-09-30,519.15,Credit Card
TXN_008154,CUST_0002,STR_015,2025-05-20,53.77,Credit Card
TXN_008155,CUST_0496,STR_014,2025-10-07,1033.88,Credit Card
TXN_008156,CUST_0242,STR_015,2025-01-02,559.06,Credit Card
TXN_008157,CUST_0472,STR_017,2025-05-10,540.58,Credit Card
TXN_008158,CUST_0354,STR_018,2025-07-21,206.74,Credit Card
TXN_008159,CUST_0463,STR_002,2025-12-15,888.82,Credit Card
TXN_008160,CUST_0296,STR_012,2025-02-10,586.75,Digital Wallet
TXN_008161,CUST_0124,STR_005,2025-12-16,684.54,Debit Card
TXN_008162,CUST_0332,STR_001,2025-04-02,695.32,Credit Card
TXN_008163,CUST_0269,STR_017,2025-02-09,1103.64,Credit Card
TXN_008164,CUST_0177,STR_013,2025-10-08,2817.87,Debit Card
TXN_008165,CUST_0077,STR_014,2025-02-04,179.85,Credit Card
TXN_008166,CUST_0303,STR_006,2025-11-25,1227.25,Debit Card
TXN_008167,CUST_0091,STR_014,2025-08-24,1105.94,Credit Card
TXN_008168,CUST_0265,STR_011,2025-10-04,261.58,Cash
TXN_008169,CUST_0173,STR_009,2025-11-07,721.91,Cash
TXN_008170,CUST_0338,STR_018,2025-10-24,3286.3,Credit Card
TXN_008171,CUST_0489,STR_010,2025-12-05,783.84,Debit Card
TXN_008172,CUST_0431,STR_013,2025-10-23,377.75,Credit Card
TXN_008173,CUST_0114,STR_014,2025-03-09,519.58,Credit Card
TXN_008174,CUST_0371,STR_013,2025-05-03,482.59,Credit Card
TXN_008175,CUST_0432,STR_012,2025-12-05,235.66,Credit Card
TXN_008176,CUST_0443,STR_002,2025-04-14,1041.66,Credit Card
TXN_008177,CUST_0077,STR_013,2025-12-17,2356.71,Credit Card
TXN_008178,CUST_0440,STR_006,2025-09-26,3194.91,Credit Card
TXN_008179,CUST_0242,STR_020,2025-06-28,6789.86,Debit Card
TXN_008180,CUST_0092,STR_006,2025-11-18,1006.8,Credit Card
TXN_008181,CUST_0069,STR_014,2025-04-04,1023.89,Credit Card
TXN_008182,CUST_0154,STR_004,2025-11-12,827.73,Credit Card
TXN_008183,CUST_0360,STR_007,2025-12-22,3165.2,Credit Card
TXN_008184,CUST_0258,STR_014,2025-12-06,178.57,Cash
TXN_008185,CUST_0251,STR_012,2025-04-25,732.37,Credit Card
TXN_008186,CUST_0018,STR_008,2025-11-28,1313.7,Debit Card
TXN_008187,CUST_0069,STR_020,2025-10-17,1075.01,Credit Card
TXN_008188,CUST_0433,STR_016,2025-05-04,687.46,Debit Card
TXN_008189,CUST_0216,STR_014,2025-08-12,683.47,Credit Card
TXN_008190,CUST_0297,STR_020,2025-08-08,596.76,Credit Card
TXN_008191,CUST_0112,STR_010,2025-08-08,644.97,Credit Card
TXN_008192,CUST_0356,STR_017,2025-04-22,1033.65,Debit Card
TXN_008193,CUST_0483,STR_018,2025-11-08,1322.56,Credit Card
TXN_008194,CUST_0321,STR_011,2025-05-15,31877.5,Credit Card
TXN_008195,CUST_0137,STR_002,2025-09-14,1786.74,Digital Wallet
TXN_008196,CUST_0065,STR_012,2025-02-14,206.74,Credit Card
TXN_008197,CUST_0065,STR_020,2025-09-11,212.09,Digital Wallet
TXN_008198,CUST_0415,STR_008,2025-05-07,773.05,Digital Wallet
TXN_008199,CUST_0306,STR_020,2025-11-09,477.13,Credit Card
TXN_008200,CUST_0100,STR_016,2025-12-05,2351.83,Credit Card
TXN_008201,CUST_0135,STR_003,2025-04-29,128.24,Credit Card
TXN_008202,CUST_0096,STR_006,2025-01-08,60.96,Credit Card
TXN_008203,CUST_0064,STR_001,2025-06-18,1230.52,Credit Card
TXN_008204,CUST_0223,STR_007,2025-11-17,1671.53,Digital Wallet
TXN_008205,CUST_0361,STR_008,2025-07-31,1308.68,Digital Wallet
TXN_008206,CUST_0216,STR_004,2025-09-05,2053.62,Credit Card
TXN_008207,CUST_0259,STR_011,2025-12-03,419.44,Debit Card
TXN_008208,CUST_0441,STR_011,2025-10-27,768.81,Debit Card
TXN_008209,CUST_0278,STR_003,2025-12-31,2473.42,Digital Wallet
TXN_008210,CUST_0426,STR_011,2025-04-14,1685.43,Credit Card
TXN_008211,CUST_0120,STR_020,2025-07-17,640.16,Credit Card
TXN_008212,CUST_0259,STR_013,2025-06-14,1286.06,Debit Card
TXN_008213,CUST_0014,STR_013,2025-11-13,4649.46,Credit Card
TXN_008214,CUST_0240,STR_017,2025-03-14,768.95,Credit Card
TXN_008215,CUST_0183,STR_015,2025-12-02,1298.78,Credit Card
TXN_008216,CUST_0249,STR_013,2025-05-12,1698.36,Digital Wallet
TXN_008217,CUST_0411,STR_010,2025-08-09,1475.33,Credit Card
TXN_008218,CUST_0353,STR_006,2025-03-20,3628.8,Digital Wallet
TXN_008219,CUST_0147,STR_014,2025-03-31,468.38,Digital Wallet
TXN_008220,CUST_0346,STR_012,2025-04-24,281.62,Debit Card
TXN_008221,CUST_0197,STR_008,2025-10-05,490.75,Credit Card
TXN_008222,CUST_0148,STR_011,2025-10-27,103.22,Digital Wallet
TXN_008223,CUST_0117,STR_007,2025-11-15,1361.2,Credit Card
TXN_008224,CUST_0047,STR_001,2025-07-16,1546.58,Credit Card
TXN_008225,CUST_0050,STR_003,2025-05-21,540.58,Credit Card
TXN_008226,CUST_0296,STR_016,2025-01-10,258.5,Digital Wallet
TXN_008227,CUST_0402,STR_013,2025-10-07,210.37,Digital Wallet
TXN_008228,CUST_0184,STR_003,2025-09-10,1060.47,Credit Card
TXN_008229,CUST_0387,STR_003,2025-08-23,306.11,Digital Wallet
TXN_008230,CUST_0328,STR_019,2025-10-18,2889.4,Digital Wallet
TXN_008231,CUST_0439,STR_010,2025-04-03,986.31,Credit Card
TXN_008232,CUST_0391,STR_019,2025-02-16,639.68,Cash
TXN_008233,CUST_0084,STR_005,2025-01-13,1039.16,Credit Card
TXN_008234,CUST_0443,STR_012,2025-01-03,1508.46,Debit Card
TXN_008235,CUST_0236,STR_015,2025-09-10,1790.35,Credit Card
TXN_008236,CUST_0210,STR_005,2025-06-14,983.11,Digital Wallet
TXN_008237,CUST_0224,STR_019,2025-03-02,63.26,Digital Wallet
TXN_008238,CUST_0408,STR_003,2025-10-21,1322.56,Debit Card
TXN_008239,CUST_0196,STR_001,2025-11-09,1107.58,Credit Card
TXN_008240,CUST_0409,STR_006,2025-04-20,3556.14,Digital Wallet
TXN_008241,CUST_0021,STR_015,2025-11-15,722.66,Credit Card
TXN_008242,CUST_0195,STR_004,2025-06-23,1319.08,Debit Card
TXN_008243,CUST_0433,STR_004,2025-07-15,1261.21,Credit Card
TXN_008244,CUST_0090,STR_007,2025-04-19,391.92,Credit Card
TXN_008245,CUST_0422,STR_012,2025-05-08,1059.24,Credit Card
TXN_008246,CUST_0398,STR_011,2025-03-14,1971.06,Credit Card
TXN_008247,CUST_0161,STR_014,2025-05-29,2954.6,Credit Card
TXN_008248,CUST_0273,STR_018,2025-04-19,212.9,Credit Card
TXN_008249,CUST_0291,STR_017,2025-08-14,620.22,Credit Card
TXN_008250,CUST_0373,STR_009,2025-05-13,1509.02,Debit Card
TXN_008251,CUST_0073,STR_003,2025-03-01,653.09,Debit Card
TXN_008252,CUST_0110,STR_013,2025-06-16,1669.08,Debit Card
TXN_008253,CUST_0189,STR_009,2025-10-27,578.95,Credit Card
TXN_008254,CUST_0149,STR_006,2025-10-21,242.85,Credit Card
TXN_008255,CUST_0423,STR_005,2025-06-17,799.34,Digital Wallet
TXN_008256,CUST_0144,STR_008,2025-05-29,104.39,Credit Card
TXN_008257,CUST_0194,STR_020,2025-11-15,313.12,Credit Card
TXN_008258,CUST_0146,STR_003,2025-02-06,559.06,Digital Wallet
TXN_008259,CUST_0441,STR_004,2025-10-06,712.46,Cash
TXN_008260,CUST_0466,STR_005,2025-08-07,573.46,Credit Card
TXN_008261,CUST_0473,STR_010,2025-07-31,440.06,Credit Card
TXN_008262,CUST_0458,STR_019,2025-03-30,521.79,Digital Wallet
TXN_008263,CUST_0103,STR_007,2025-02-07,573.51,Digital Wallet
TXN_008264,CUST_0439,STR_006,2025-06-03,2776.86,Debit Card
TXN_008265,CUST_0129,STR_011,2025-05-18,1524.04,Digital Wallet
TXN_008266,CUST_0354,STR_001,2025-12-27,613.62,Debit Card
TXN_008267,CUST_0408,STR_018,2025-03-26,838.44,Cash
TXN_008268,CUST_0324,STR_018,2025-10-14,9690.77,Debit Card
TXN_008269,CUST_0476,STR_003,2025-09-02,1640.3,Debit Card
TXN_008270,CUST_0496,STR_007,2025-05-18,442.53,Debit Card
TXN_008271,CUST_0225,STR_007,2025-08-15,921.76,Credit Card
TXN_008272,CUST_0497,STR_015,2025-06-17,266.15,Debit Card
TXN_008273,CUST_0435,STR_006,2025-02-07,362.7,Credit Card
TXN_008274,CUST_0208,STR_016,2025-07-04,951.13,Debit Card
TXN_008275,CUST_0184,STR_015,2025-08-15,668.91,Digital Wallet
TXN_008276,CUST_0043,STR_011,2025-03-22,1068.48,Credit Card
TXN_008277,CUST_0056,STR_019,2025-07-19,205.33,Debit Card
TXN_008278,CUST_0050,STR_007,2025-09-14,422.1,Credit Card
TXN_008279,CUST_0290,STR_003,2025-05-04,191.36,Credit Card
TXN_008280,CUST_0438,STR_018,2025-04-07,60.96,Debit Card
TXN_008281,CUST_0343,STR_001,2025-01-12,484.67,Debit Card
TXN_008282,CUST_0142,STR_004,2025-05-28,243.72,Digital Wallet
TXN_008283,CUST_0293,STR_009,2025-04-19,764.39,Credit Card
TXN_008284,CUST_0103,STR_017,2025-01-06,539.55,Credit Card
TXN_008285,CUST_0045,STR_007,2025-09-05,583.18,Credit Card
TXN_008286,CUST_0054,STR_011,2025-07-16,1346.73,Cash
TXN_008287,CUST_0060,STR_007,2025-07-19,1708.78,Credit Card
TXN_008288,CUST_0425,STR_013,2025-09-04,600.34,Digital Wallet
TXN_008289,CUST_0453,STR_019,2025-01-22,684.54,Credit Card
TXN_008290,CUST_0240,STR_003,2025-04-03,470.8,Digital Wallet
TXN_008291,CUST_0310,STR_001,2025-02-23,142.5,Credit Card
TXN_008292,CUST_0203,STR_006,2025-07-27,93.3,Cash
TXN_008293,CUST_0284,STR_004,2025-04-26,256.31,Debit Card
TXN_008294,CUST_0106,STR_002,2025-02-10,4326.77,Credit Card
TXN_008295,CUST_0373,STR_013,2025-10-31,643.03,Debit Card
TXN_008296,CUST_0025,STR_006,2025-08-04,984.22,Credit Card
TXN_008297,CUST_0301,STR_007,2025-05-03,562.12,Credit Card
TXN_008298,CUST_0215,STR_007,2025-07-18,915.18,Credit Card
TXN_008299,CUST_0165,STR_004,2025-02-27,231.19,Debit Card
TXN_008300,CUST_0426,STR_006,2025-04-16,1647.87,Debit Card
TXN_008301,CUST_0117,STR_017,2025-08-13,1369.25,Credit Card
TXN_008302,CUST_0280,STR_016,2025-01-17,1513.08,Cash
TXN_008303,CUST_0088,STR_011,2025-12-09,9044.07,Credit Card
TXN_008304,CUST_0398,STR_013,2025-03-24,266.0,Debit Card
TXN_008305,CUST_0341,STR_012,2025-12-02,726.43,Debit Card
TXN_008306,CUST_0131,STR_012,2025-04-01,467.73,Credit Card
TXN_008307,CUST_0166,STR_008,2025-01-17,561.81,Debit Card
TXN_008308,CUST_0104,STR_001,2025-12-22,772.05,Credit Card
TXN_008309,CUST_0476,STR_012,2025-08-06,800.5,Credit Card
TXN_008310,CUST_0223,STR_019,2025-04-24,3030.16,Credit Card
TXN_008311,CUST_0098,STR_011,2025-07-08,1937.01,Credit Card
TXN_008312,CUST_0120,STR_014,2025-09-09,412.36,Cash
TXN_008313,CUST_0164,STR_001,2025-07-04,885.54,Debit Card
TXN_008314,CUST_0386,STR_020,2025-12-16,546.47,Digital Wallet
TXN_008315,CUST_0469,STR_011,2025-04-15,9366.06,Credit Card
TXN_008316,CUST_0116,STR_013,2025-08-02,1494.72,Digital Wallet
TXN_008317,CUST_0473,STR_001,2025-11-15,83.48,Credit Card
TXN_008318,CUST_0270,STR_015,2025-11-29,559.06,Credit Card
TXN_008319,CUST_0354,STR_011,2025-08-06,1931.3,Debit Card
TXN_008320,CUST_0052,STR_010,2025-01-28,356.87,Digital Wallet
TXN_008321,CUST_0164,STR_007,2025-05-30,524.28,Debit Card
TXN_008322,CUST_0144,STR_007,2025-08-16,546.47,Cash
TXN_008323,CUST_0105,STR_011,2025-09-13,519.58,Credit Card
TXN_008324,CUST_0200,STR_010,2025-01-26,1897.44,Debit Card
TXN_008325,CUST_0328,STR_010,2025-09-18,529.53,Credit Card
TXN_008326,CUST_0459,STR_014,2025-10-09,580.55,Debit Card
TXN_008327,CUST_0274,STR_020,2025-03-27,2233.46,Credit Card
TXN_008328,CUST_0280,STR_006,2025-04-26,972.1,Credit Card
TXN_008329,CUST_0361,STR_013,2025-11-06,1339.04,Credit Card
TXN_008330,CUST_0215,STR_014,2025-02-14,179.85,Credit Card
TXN_008331,CUST_0224,STR_010,2025-03-22,1142.13,Credit Card
TXN_008332,CUST_0293,STR_010,2025-05-19,3084.59,Digital Wallet
TXN_008333,CUST_0326,STR_016,2025-03-16,271.97,Digital Wallet
TXN_008334,CUST_0319,STR_010,2025-08-20,4167.65,Credit Card
TXN_008335,CUST_0425,STR_004,2025-08-06,355.38,Credit Card
TXN_008336,CUST_0093,STR_004,2025-07-19,173.69,Credit Card
TXN_008337,CUST_0232,STR_006,2025-09-15,776.86,Credit Card
TXN_008338,CUST_0065,STR_017,2025-10-24,804.72,Credit Card
TXN_008339,CUST_0413,STR_012,2025-08-04,538.38,Credit Card
TXN_008340,CUST_0395,STR_008,2025-09-10,2194.5,Credit Card
TXN_008341,CUST_0164,STR_005,2025-06-06,63.26,Credit Card
TXN_008342,CUST_0446,STR_008,2025-10-08,210.37,Credit Card
TXN_008343,CUST_0471,STR_011,2025-11-19,466.1,Debit Card
TXN_008344,CUST_0440,STR_012,2025-06-15,364.92,Debit Card
TXN_008345,CUST_0197,STR_015,2025-07-14,652.55,Digital Wallet
TXN_008346,CUST_0008,STR_003,2025-08-21,604.08,Credit Card
TXN_008347,CUST_0066,STR_016,2025-07-18,928.49,Credit Card
TXN_008348,CUST_0434,STR_004,2025-02-22,1136.84,Debit Card
TXN_008349,CUST_0329,STR_019,2025-10-10,611.24,Debit Card
TXN_008350,CUST_0305,STR_002,2025-09-24,684.54,Debit Card
TXN_008351,CUST_0474,STR_016,2025-04-09,1596.23,Debit Card
TXN_008352,CUST_0119,STR_016,2025-10-19,4354.38,Credit Card
TXN_008353,CUST_0392,STR_002,2025-12-31,1376.32,Debit Card
TXN_008354,CUST_0347,STR_001,2025-11-06,1099.82,Credit Card
TXN_008355,CUST_0348,STR_006,2025-12-28,1906.56,Digital Wallet
TXN_008356,CUST_0466,STR_020,2025-12-29,3402.2,Digital Wallet
TXN_008357,CUST_0001,STR_019,2025-06-25,849.22,Credit Card
TXN_008358,CUST_0258,STR_015,2025-09-03,363.72,Credit Card
TXN_008359,CUST_0086,STR_003,2025-06-10,846.49,Credit Card
TXN_008360,CUST_0266,STR_020,2025-07-23,1076.76,Digital Wallet
TXN_008361,CUST_0451,STR_020,2025-08-26,617.47,Debit Card
TXN_008362,CUST_0444,STR_001,2025-10-28,1452.37,Credit Card
TXN_008363,CUST_0124,STR_005,2025-09-15,520.83,Digital Wallet
TXN_008364,CUST_0318,STR_006,2025-05-01,605.19,Digital Wallet
TXN_008365,CUST_0391,STR_015,2025-10-01,630.72,Debit Card
TXN_008366,CUST_0100,STR_020,2025-11-27,1249.3,Credit Card
TXN_008367,CUST_0448,STR_002,2025-03-19,480.99,Credit Card
TXN_008368,CUST_0291,STR_001,2025-06-16,455.39,Credit Card
TXN_008369,CUST_0066,STR_019,2025-12-26,634.32,Credit Card
TXN_008370,CUST_0481,STR_001,2025-10-12,7361.67,Debit Card
TXN_008371,CUST_0279,STR_005,2025-04-20,765.27,Credit Card
TXN_008372,CUST_0117,STR_016,2025-11-26,2689.64,Digital Wallet
TXN_008373,CUST_0254,STR_001,2025-08-23,923.57,Credit Card
TXN_008374,CUST_0125,STR_004,2025-10-27,561.81,Digital Wallet
TXN_008375,CUST_0345,STR_004,2025-05-17,1716.1,Credit Card
TXN_008376,CUST_0040,STR_014,2025-05-05,196.42,Debit Card
TXN_008377,CUST_0302,STR_016,2025-11-13,456.98,Credit Card
TXN_008378,CUST_0374,STR_015,2025-01-10,538.49,Digital Wallet
TXN_008379,CUST_0257,STR_016,2025-01-20,429.51,Credit Card
TXN_008380,CUST_0268,STR_019,2025-04-12,442.8,Digital Wallet
TXN_008381,CUST_0495,STR_005,2025-02-16,945.73,Credit Card
TXN_008382,CUST_0113,STR_005,2025-03-18,628.17,Credit Card
TXN_008383,CUST_0105,STR_007,2025-11-08,845.48,Digital Wallet
TXN_008384,CUST_0327,STR_007,2025-02-12,1475.11,Digital Wallet
TXN_008385,CUST_0034,STR_016,2025-09-03,1609.42,Credit Card
TXN_008386,CUST_0317,STR_007,2025-04-09,769.1,Credit Card
TXN_008387,CUST_0188,STR_009,2025-02-26,1783.55,Digital Wallet
TXN_008388,CUST_0498,STR_018,2025-11-10,443.63,Debit Card
TXN_008389,CUST_0464,STR_003,2025-10-29,1537.9,Debit Card
TXN_008390,CUST_0173,STR_010,2025-10-21,213.65,Debit Card
TXN_008391,CUST_0203,STR_016,2025-02-09,1198.01,Credit Card
TXN_008392,CUST_0499,STR_015,2025-10-12,148.33,Digital Wallet
TXN_008393,CUST_0248,STR_006,2025-12-09,442.71,Credit Card
TXN_008394,CUST_0086,STR_002,2025-05-07,494.79,Credit Card
TXN_008395,CUST_0100,STR_013,2025-03-14,503.15,Debit Card
TXN_008396,CUST_0045,STR_017,2025-03-09,565.94,Credit Card
TXN_008397,CUST_0423,STR_001,2025-04-25,1456.13,Cash
TXN_008398,CUST_0484,STR_005,2025-08-07,3452.18,Digital Wallet
TXN_008399,CUST_0386,STR_012,2025-06-10,1684.5,Credit Card
TXN_008400,CUST_0223,STR_004,2025-04-13,2525.81,Debit Card
TXN_008401,CUST_0304,STR_012,2025-01-13,1484.37,Debit Card
TXN_008402,CUST_0470,STR_007,2025-04-28,199.0,Credit Card
TXN_008403,CUST_0401,STR_016,2025-01-18,947.49,Credit Card
TXN_008404,CUST_0018,STR_003,2025-05-19,398.69,Credit Card
TXN_008405,CUST_0063,STR_003,2025-07-17,70.0,Debit Card
TXN_008406,CUST_0048,STR_011,2025-10-29,721.91,Debit Card
TXN_008407,CUST_0065,STR_004,2025-07-20,3162.64,Credit Card
TXN_008408,CUST_0012,STR_012,2025-08-07,1889.72,Credit Card
TXN_008409,CUST_0411,STR_016,2025-07-26,505.63,Credit Card
TXN_008410,CUST_0260,STR_013,2025-10-24,1081.16,Digital Wallet
TXN_008411,CUST_0296,STR_006,2025-04-25,168.58,Debit Card
TXN_008412,CUST_0103,STR_003,2025-11-20,529.53,Debit Card
TXN_008413,CUST_0280,STR_002,2025-03-30,694.86,Cash
TXN_008414,CUST_0358,STR_009,2025-03-07,310.95,Credit Card
TXN_008415,CUST_0170,STR_007,2025-04-29,872.25,Credit Card
TXN_008416,CUST_0380,STR_012,2025-02-03,1350.3,Credit Card
TXN_008417,CUST_0342,STR_004,2025-06-11,867.08,Debit Card
TXN_008418,CUST_0233,STR_002,2025-10-05,2139.91,Debit Card
TXN_008419,CUST_0081,STR_008,2025-01-02,859.19,Credit Card
TXN_008420,CUST_0338,STR_003,2025-04-28,466.1,Debit Card
TXN_008421,CUST_0254,STR_013,2025-11-19,844.2,Credit Card
TXN_008422,CUST_0140,STR_014,2025-09-18,604.08,Credit Card
TXN_008423,CUST_0276,STR_013,2025-06-06,576.46,Credit Card
TXN_008424,CUST_0369,STR_002,2025-08-17,63.26,Credit Card
TXN_008425,CUST_0372,STR_018,2025-01-11,63.65,Credit Card
TXN_008426,CUST_0279,STR_013,2025-09-04,1031.17,Debit Card
TXN_008427,CUST_0347,STR_004,2025-06-13,190.49,Credit Card
TXN_008428,CUST_0313,STR_005,2025-03-09,128.24,Digital Wallet
TXN_008429,CUST_0046,STR_009,2025-12-01,213.46,Credit Card
TXN_008430,CUST_0498,STR_013,2025-06-13,836.55,Credit Card
TXN_008431,CUST_0165,STR_004,2025-06-12,216.74,Credit Card
TXN_008432,CUST_0068,STR_012,2025-07-06,53264.46,Credit Card
TXN_008433,CUST_0151,STR_009,2025-05-14,733.48,Debit Card
TXN_008434,CUST_0047,STR_006,2025-01-22,263.09,Credit Card
TXN_008435,CUST_0183,STR_010,2025-11-22,2835.94,Digital Wallet
TXN_008436,CUST_0386,STR_010,2025-02-11,63.65,Credit Card
TXN_008437,CUST_0036,STR_007,2025-10-03,398.47,Debit Card
TXN_008438,CUST_0104,STR_007,2025-10-31,368.32,Credit Card
TXN_008439,CUST_0056,STR_019,2025-12-24,616.54,Debit Card
TXN_008440,CUST_0455,STR_007,2025-12-26,538.38,Cash
TXN_008441,CUST_0269,STR_007,2025-05-26,2237.24,Cash
TXN_008442,CUST_0338,STR_009,2025-03-01,1529.44,Credit Card
TXN_008443,CUST_0369,STR_007,2025-10-06,2604.46,Credit Card
TXN_008444,CUST_0445,STR_007,2025-07-02,518.81,Credit Card
TXN_008445,CUST_0045,STR_016,2025-12-10,1194.37,Credit Card
TXN_008446,CUST_0452,STR_015,2025-04-06,235.66,Credit Card
TXN_008447,CUST_0024,STR_006,2025-03-28,1328.11,Credit Card
TXN_008448,CUST_0490,STR_006,2025-03-20,372.32,Debit Card
TXN_008449,CUST_0435,STR_002,2025-02-16,4482.72,Debit Card
TXN_008450,CUST_0244,STR_005,2025-11-12,930.2,Digital Wallet
TXN_008451,CUST_0002,STR_007,2025-06-21,248.5,Credit Card
TXN_008452,CUST_0282,STR_016,2025-11-23,1102.08,Debit Card
TXN_008453,CUST_0294,STR_018,2025-08-28,630.72,Debit Card
TXN_008454,CUST_0186,STR_020,2025-08-24,576.46,Credit Card
TXN_008455,CUST_0351,STR_007,2025-07-02,849.01,Debit Card
TXN_008456,CUST_0002,STR_006,2025-01-26,1768.79,Digital Wallet
TXN_008457,CUST_0206,STR_002,2025-01-13,104.39,Debit Card
TXN_008458,CUST_0023,STR_008,2025-12-24,1635.39,Credit Card
TXN_008459,CUST_0192,STR_014,2025-12-07,758.37,Credit Card
TXN_008460,CUST_0091,STR_017,2025-08-18,849.22,Digital Wallet
TXN_008461,CUST_0094,STR_012,2025-12-10,308.27,Credit Card
TXN_008462,CUST_0277,STR_007,2025-01-11,523.16,Credit Card
TXN_008463,CUST_0430,STR_005,2025-01-05,891.04,Credit Card
TXN_008464,CUST_0287,STR_005,2025-08-25,643.03,Debit Card
TXN_008465,CUST_0262,STR_007,2025-04-02,548.56,Credit Card
TXN_008466,CUST_0019,STR_003,2025-02-23,1178.39,Credit Card
TXN_008467,CUST_0385,STR_018,2025-09-04,691.82,Credit Card
TXN_008468,CUST_0013,STR_020,2025-11-05,1212.03,Digital Wallet
TXN_008469,CUST_0320,STR_002,2025-02-26,1374.92,Credit Card
TXN_008470,CUST_0313,STR_008,2025-01-14,1062.21,Credit Card
TXN_008471,CUST_0493,STR_019,2025-07-14,19.69,Credit Card
TXN_008472,CUST_0048,STR_002,2025-11-17,939.36,Credit Card
TXN_008473,CUST_0002,STR_015,2025-12-27,472.52,Credit Card
TXN_008474,CUST_0250,STR_005,2025-04-30,708.37,Debit Card
TXN_008475,CUST_0316,STR_002,2025-10-30,2464.64,Credit Card
TXN_008476,CUST_0305,STR_008,2025-07-22,206.74,Digital Wallet
TXN_008477,CUST_0240,STR_006,2025-12-27,1000.37,Credit Card
TXN_008478,CUST_0335,STR_015,2025-03-07,935.24,Digital Wallet
TXN_008479,CUST_0260,STR_015,2025-05-26,2053.73,Credit Card
TXN_008480,CUST_0203,STR_004,2025-09-01,835.61,Credit Card
TXN_008481,CUST_0222,STR_002,2025-09-17,538.38,Credit Card
TXN_008482,CUST_0032,STR_004,2025-05-02,1140.86,Debit Card
TXN_008483,CUST_0351,STR_004,2025-07-27,333.13,Credit Card
TXN_008484,CUST_0088,STR_011,2025-08-22,854.39,Credit Card
TXN_008485,CUST_0128,STR_006,2025-01-10,112.35,Credit Card
TXN_008486,CUST_0229,STR_003,2025-03-08,476.58,Digital Wallet
TXN_008487,CUST_0412,STR_020,2025-06-23,511.46,Credit Card
TXN_008488,CUST_0049,STR_014,2025-12-20,72.02,Credit Card
TXN_008489,CUST_0268,STR_016,2025-12-15,559.06,Credit Card
TXN_008490,CUST_0420,STR_014,2025-02-22,1979.5,Debit Card
TXN_008491,CUST_0158,STR_017,2025-06-23,524.05,Debit Card
TXN_008492,CUST_0048,STR_014,2025-04-23,319.16,Credit Card
TXN_008493,CUST_0038,STR_011,2025-04-08,121.79,Credit Card
TXN_008494,CUST_0344,STR_005,2025-05-22,2225.41,Debit Card
TXN_008495,CUST_0217,STR_003,2025-05-09,1079.38,Digital Wallet
TXN_008496,CUST_0437,STR_001,2025-01-23,401.0,Credit Card
TXN_008497,CUST_0170,STR_008,2025-01-02,628.17,Credit Card
TXN_008498,CUST_0320,STR_012,2025-09-05,221.44,Debit Card
TXN_008499,CUST_0228,STR_005,2025-05-29,1594.16,Digital Wallet
TXN_008500,CUST_0258,STR_018,2025-02-28,643.03,Credit Card
TXN_008501,CUST_0122,STR_008,2025-01-03,1504.73,Digital Wallet
TXN_008502,CUST_0440,STR_004,2025-01-09,734.29,Credit Card
TXN_008503,CUST_0111,STR_004,2025-07-25,610.88,Credit Card
TXN_008504,CUST_0333,STR_017,2025-01-02,206.74,Debit Card
TXN_008505,CUST_0444,STR_006,2025-12-18,112.35,Digital Wallet
TXN_008506,CUST_0240,STR_014,2025-08-22,529.62,Debit Card
TXN_008507,CUST_0341,STR_001,2025-09-16,952.5,Digital Wallet
TXN_008508,CUST_0277,STR_018,2025-09-29,838.07,Credit Card
TXN_008509,CUST_0050,STR_015,2025-04-20,813.74,Credit Card
TXN_008510,CUST_0325,STR_016,2025-08-27,604.08,Debit Card
TXN_008511,CUST_0279,STR_012,2025-02-15,612.06,Debit Card
TXN_008512,CUST_0173,STR_006,2025-07-13,1457.3,Credit Card
TXN_008513,CUST_0415,STR_017,2025-01-29,1863.63,Cash
TXN_008514,CUST_0472,STR_007,2025-06-29,800.99,Credit Card
TXN_008515,CUST_0024,STR_002,2025-09-16,4474.8,Credit Card
TXN_008516,CUST_0105,STR_010,2025-09-03,1245.98,Credit Card
TXN_008517,CUST_0350,STR_006,2025-08-13,815.54,Credit Card
TXN_008518,CUST_0003,STR_003,2025-12-31,4436.88,Credit Card
TXN_008519,CUST_0469,STR_009,2025-12-11,2589.67,Credit Card
TXN_008520,CUST_0460,STR_019,2025-08-01,292.86,Credit Card
TXN_008521,CUST_0013,STR_004,2025-09-27,356.98,Credit Card
TXN_008522,CUST_0224,STR_003,2025-09-03,861.22,Credit Card
TXN_008523,CUST_0134,STR_018,2025-01-09,117.85,Debit Card
TXN_008524,CUST_0026,STR_019,2025-04-23,63.65,Credit Card
TXN_008525,CUST_0205,STR_002,2025-10-23,972.22,Credit Card
TXN_008526,CUST_0319,STR_017,2025-09-23,1035.22,Digital Wallet
TXN_008527,CUST_0034,STR_010,2025-01-25,773.05,Digital Wallet
TXN_008528,CUST_0493,STR_012,2025-12-26,634.03,Digital Wallet
TXN_008529,CUST_0108,STR_001,2025-12-18,699.96,Cash
TXN_008530,CUST_0442,STR_002,2025-01-10,106.31,Debit Card
TXN_008531,CUST_0347,STR_001,2025-07-09,481.03,Credit Card
TXN_008532,CUST_0047,STR_002,2025-05-05,422.1,Cash
TXN_008533,CUST_0478,STR_011,2025-04-26,468.38,Credit Card
TXN_008534,CUST_0162,STR_009,2025-12-24,1095.27,Debit Card
TXN_008535,CUST_0230,STR_006,2025-05-04,1059.06,Credit Card
TXN_008536,CUST_0192,STR_016,2025-10-16,597.0,Debit Card
TXN_008537,CUST_0385,STR_012,2025-09-05,1119.84,Digital Wallet
TXN_008538,CUST_0294,STR_016,2025-07-19,95.68,Digital Wallet
TXN_008539,CUST_0083,STR_010,2025-02-13,628.17,Digital Wallet
TXN_008540,CUST_0297,STR_015,2025-07-27,495.02,Debit Card
TXN_008541,CUST_0017,STR_006,2025-09-21,1157.39,Debit Card
TXN_008542,CUST_0164,STR_003,2025-12-24,995.84,Digital Wallet
TXN_008543,CUST_0160,STR_003,2025-01-24,678.57,Debit Card
TXN_008544,CUST_0143,STR_010,2025-07-11,2040.95,Credit Card
TXN_008545,CUST_0328,STR_019,2025-08-09,175.79,Credit Card
TXN_008546,CUST_0493,STR_005,2025-06-28,1891.17,Credit Card
TXN_008547,CUST_0281,STR_008,2025-02-19,476.25,Debit Card
TXN_008548,CUST_0341,STR_008,2025-04-16,199.0,Credit Card
TXN_008549,CUST_0233,STR_019,2025-05-10,4566.32,Cash
TXN_008550,CUST_0481,STR_013,2025-10-05,700.94,Credit Card
TXN_008551,CUST_0435,STR_002,2025-05-01,3507.99,Debit Card
TXN_008552,CUST_0497,STR_010,2025-02-18,317.77,Credit Card
TXN_008553,CUST_0374,STR_015,2025-08-20,2018.11,Debit Card
TXN_008554,CUST_0246,STR_010,2025-03-23,212.62,Credit Card
TXN_008555,CUST_0055,STR_009,2025-09-06,786.83,Credit Card
TXN_008556,CUST_0067,STR_014,2025-06-21,543.67,Digital Wallet
TXN_008557,CUST_0480,STR_013,2025-01-02,272.39,Digital Wallet
TXN_008558,CUST_0441,STR_017,2025-06-01,1688.11,Debit Card
TXN_008559,CUST_0104,STR_010,2025-09-09,932.2,Credit Card
TXN_008560,CUST_0384,STR_004,2025-03-04,106.31,Credit Card
TXN_008561,CUST_0255,STR_019,2025-11-30,1033.93,Credit Card
TXN_008562,CUST_0380,STR_019,2025-04-25,319.4,Credit Card
TXN_008563,CUST_0299,STR_008,2025-06-30,851.08,Debit Card
TXN_008564,CUST_0416,STR_020,2025-04-08,116.53,Debit Card
TXN_008565,CUST_0304,STR_011,2025-11-22,684.54,Credit Card
TXN_008566,CUST_0436,STR_009,2025-04-17,1006.25,Credit Card
TXN_008567,CUST_0301,STR_014,2025-01-14,355.38,Credit Card
TXN_008568,CUST_0282,STR_004,2025-04-17,1087.34,Debit Card
TXN_008569,CUST_0124,STR_001,2025-09-05,1584.49,Digital Wallet
TXN_008570,CUST_0433,STR_004,2025-12-20,2781.89,Credit Card
TXN_008571,CUST_0330,STR_017,2025-03-10,1771.45,Credit Card
TXN_008572,CUST_0026,STR_017,2025-04-28,594.82,Credit Card
TXN_008573,CUST_0089,STR_020,2025-03-11,872.25,Credit Card
TXN_008574,CUST_0113,STR_018,2025-06-07,376.77,Digital Wallet
TXN_008575,CUST_0310,STR_005,2025-04-15,104.39,Credit Card
TXN_008576,CUST_0081,STR_014,2025-10-06,466.1,Digital Wallet
TXN_008577,CUST_0081,STR_014,2025-01-15,1354.6,Credit Card
TXN_008578,CUST_0248,STR_012,2025-05-19,510.18,Debit Card
TXN_008579,CUST_0259,STR_010,2025-08-12,842.63,Debit Card
TXN_008580,CUST_0339,STR_015,2025-04-02,804.71,Credit Card
TXN_008581,CUST_0456,STR_011,2025-02-26,1058.68,Credit Card
TXN_008582,CUST_0455,STR_008,2025-01-14,261.58,Debit Card
TXN_008583,CUST_0156,STR_016,2025-06-13,444.41,Cash
TXN_008584,CUST_0120,STR_004,2025-07-01,1043.32,Credit Card
TXN_008585,CUST_0036,STR_009,2025-08-20,721.91,Credit Card
TXN_008586,CUST_0382,STR_019,2025-10-02,632.48,Debit Card
TXN_008587,CUST_0067,STR_020,2025-11-25,554.28,Credit Card
TXN_008588,CUST_0029,STR_003,2025-02-28,2964.58,Credit Card
TXN_008589,CUST_0034,STR_002,2025-05-09,2703.17,Credit Card
TXN_008590,CUST_0159,STR_004,2025-03-11,306.11,Credit Card
TXN_008591,CUST_0025,STR_015,2025-09-24,2325.22,Debit Card
TXN_008592,CUST_0113,STR_004,2025-05-08,98.21,Digital Wallet
TXN_008593,CUST_0160,STR_008,2025-11-02,1078.68,Credit Card
TXN_008594,CUST_0271,STR_005,2025-06-19,1095.2,Credit Card
TXN_008595,CUST_0199,STR_012,2025-05-13,1048.26,Debit Card
TXN_008596,CUST_0104,STR_014,2025-11-23,1608.86,Credit Card
TXN_008597,CUST_0034,STR_010,2025-08-16,1243.25,Credit Card
TXN_008598,CUST_0411,STR_006,2025-09-27,505.73,Credit Card
TXN_008599,CUST_0288,STR_015,2025-10-13,622.95,Credit Card
TXN_008600,CUST_0331,STR_020,2025-06-03,1800.14,Credit Card
TXN_008601,CUST_0102,STR_002,2025-08-27,428.62,Credit Card
TXN_008602,CUST_0155,STR_016,2025-06-25,2167.26,Credit Card
TXN_008603,CUST_0324,STR_018,2025-07-18,661.28,Digital Wallet
TXN_008604,CUST_0151,STR_006,2025-12-28,633.89,Credit Card
TXN_008605,CUST_0210,STR_016,2025-11-12,131.68,Debit Card
TXN_008606,CUST_0413,STR_014,2025-10-28,1811.61,Credit Card
TXN_008607,CUST_0500,STR_017,2025-10-10,212.9,Debit Card
TXN_008608,CUST_0114,STR_014,2025-07-30,274.25,Credit Card
TXN_008609,CUST_0431,STR_015,2025-08-02,357.14,Credit Card
TXN_008610,CUST_0027,STR_005,2025-11-23,372.26,Credit Card
TXN_008611,CUST_0452,STR_009,2025-08-08,4130.54,Debit Card
TXN_008612,CUST_0385,STR_019,2025-09-16,1733.15,Debit Card
TXN_008613,CUST_0198,STR_006,2025-11-23,1118.12,Credit Card
TXN_008614,CUST_0206,STR_017,2025-08-31,199.0,Digital Wallet
TXN_008615,CUST_0101,STR_003,2025-12-05,161.87,Debit Card
TXN_008616,CUST_0269,STR_009,2025-04-06,1466.04,Credit Card
TXN_008617,CUST_0397,STR_006,2025-07-12,784.47,Credit Card
TXN_008618,CUST_0057,STR_018,2025-09-04,600.34,Digital Wallet
TXN_008619,CUST_0190,STR_001,2025-03-27,578.95,Debit Card
TXN_008620,CUST_0115,STR_018,2025-04-11,764.47,Digital Wallet
TXN_008621,CUST_0217,STR_017,2025-07-19,1107.03,Credit Card
TXN_008622,CUST_0041,STR_015,2025-12-30,1102.08,Credit Card
TXN_008623,CUST_0420,STR_002,2025-08-28,517.79,Credit Card
TXN_008624,CUST_0318,STR_010,2025-02-24,92.9,Credit Card
TXN_008625,CUST_0446,STR_006,2025-10-22,11124.75,Cash
TXN_008626,CUST_0084,STR_015,2025-12-09,510.18,Debit Card
TXN_008627,CUST_0277,STR_001,2025-11-30,104.39,Debit Card
TXN_008628,CUST_0148,STR_005,2025-06-29,2458.46,Digital Wallet
TXN_008629,CUST_0206,STR_002,2025-09-05,274.25,Debit Card
TXN_008630,CUST_0087,STR_020,2025-03-23,202.49,Debit Card
TXN_008631,CUST_0340,STR_004,2025-02-08,738.02,Debit Card
TXN_008632,CUST_0458,STR_009,2025-05-04,196.42,Debit Card
TXN_008633,CUST_0032,STR_019,2025-09-29,399.97,Credit Card
TXN_008634,CUST_0157,STR_015,2025-03-04,2132.4,Cash
TXN_008635,CUST_0109,STR_016,2025-12-25,212.62,Credit Card
TXN_008636,CUST_0486,STR_016,2025-08-17,199.0,Credit Card
TXN_008637,CUST_0491,STR_015,2025-07-28,99.17,Debit Card
TXN_008638,CUST_0481,STR_009,2025-01-09,1773.86,Credit Card
TXN_008639,CUST_0423,STR_010,2025-03-16,1264.96,Digital Wallet
TXN_008640,CUST_0365,STR_009,2025-09-03,178.7,Debit Card
TXN_008641,CUST_0463,STR_009,2025-12-26,995.69,Digital Wallet
TXN_008642,CUST_0074,STR_015,2025-12-11,6521.23,Cash
TXN_008643,CUST_0188,STR_016,2025-12-30,150.0,Credit Card
TXN_008644,CUST_0384,STR_015,2025-01-10,635.88,Credit Card
TXN_008645,CUST_0392,STR_013,2025-12-13,290.73,Credit Card
TXN_008646,CUST_0254,STR_018,2025-04-27,576.46,Credit Card
TXN_008647,CUST_0180,STR_013,2025-01-07,1381.64,Credit Card
TXN_008648,CUST_0280,STR_006,2025-01-10,670.97,Digital Wallet
TXN_008649,CUST_0424,STR_015,2025-03-29,687.46,Debit Card
TXN_008650,CUST_0167,STR_002,2025-12-09,3966.33,Digital Wallet
TXN_008651,CUST_0341,STR_005,2025-10-24,984.56,Credit Card
TXN_008652,CUST_0413,STR_009,2025-05-11,269.98,Digital Wallet
TXN_008653,CUST_0354,STR_015,2025-06-02,654.34,Credit Card
TXN_008654,CUST_0138,STR_004,2025-08-11,2334.42,Credit Card
TXN_008655,CUST_0321,STR_015,2025-12-16,596.76,Credit Card
TXN_008656,CUST_0086,STR_015,2025-06-15,1799.88,Debit Card
TXN_008657,CUST_0342,STR_016,2025-07-16,1611.05,Credit Card
TXN_008658,CUST_0472,STR_009,2025-12-20,903.99,Cash
TXN_008659,CUST_0037,STR_001,2025-12-19,362.7,Digital Wallet
TXN_008660,CUST_0435,STR_002,2025-01-28,529.62,Credit Card
TXN_008661,CUST_0421,STR_007,2025-05-11,84.26,Credit Card
TXN_008662,CUST_0135,STR_019,2025-03-07,1162.43,Debit Card
TXN_008663,CUST_0398,STR_009,2025-11-06,1092.94,Credit Card
TXN_008664,CUST_0119,STR_015,2025-03-12,1157.9,Credit Card
TXN_008665,CUST_0181,STR_018,2025-01-21,481.03,Cash
TXN_008666,CUST_0464,STR_016,2025-09-16,523.49,Credit Card
TXN_008667,CUST_0082,STR_005,2025-04-20,178.7,Digital Wallet
TXN_008668,CUST_0033,STR_014,2025-06-04,996.13,Debit Card
TXN_008669,CUST_0199,STR_013,2025-04-06,585.71,Credit Card
TXN_008670,CUST_0359,STR_010,2025-10-01,713.16,Debit Card
TXN_008671,CUST_0242,STR_002,2025-04-05,3989.22,Credit Card
TXN_008672,CUST_0115,STR_019,2025-03-18,169.64,Credit Card
TXN_008673,CUST_0374,STR_019,2025-04-23,3036.57,Credit Card
TXN_008674,CUST_0403,STR_017,2025-05-18,540.58,Credit Card
TXN_008675,CUST_0053,STR_020,2025-06-03,286.73,Credit Card
TXN_008676,CUST_0038,STR_008,2025-03-06,126.52,Cash
TXN_008677,CUST_0350,STR_009,2025-09-13,564.32,Debit Card
TXN_008678,CUST_0483,STR_006,2025-01-29,4863.05,Debit Card
TXN_008679,CUST_0254,STR_013,2025-10-03,1978.72,Digital Wallet
TXN_008680,CUST_0182,STR_014,2025-01-17,1471.09,Credit Card
TXN_008681,CUST_0342,STR_007,2025-08-04,813.74,Digital Wallet
TXN_008682,CUST_0486,STR_012,2025-04-11,1435.58,Credit Card
TXN_008683,CUST_0352,STR_018,2025-02-27,3669.07,Cash
TXN_008684,CUST_0479,STR_016,2025-03-06,1138.57,Debit Card
TXN_008685,CUST_0118,STR_020,2025-12-31,540.58,Credit Card
TXN_008686,CUST_0467,STR_004,2025-01-18,586.75,Credit Card
TXN_008687,CUST_0159,STR_020,2025-09-18,276.94,Credit Card
TXN_008688,CUST_0003,STR_012,2025-05-11,538.38,Credit Card
TXN_008689,CUST_0084,STR_018,2025-09-03,1067.44,Credit Card
TXN_008690,CUST_0374,STR_001,2025-09-14,3777.91,Debit Card
TXN_008691,CUST_0121,STR_002,2025-10-14,947.87,Credit Card
TXN_008692,CUST_0421,STR_009,2025-01-07,1175.76,Debit Card
TXN_008693,CUST_0204,STR_004,2025-11-05,1744.5,Credit Card
TXN_008694,CUST_0175,STR_008,2025-10-26,1069.4,Credit Card
TXN_008695,CUST_0450,STR_014,2025-09-17,640.79,Debit Card
TXN_008696,CUST_0404,STR_015,2025-06-23,803.59,Credit Card
TXN_008697,CUST_0125,STR_013,2025-07-25,168.54,Credit Card
TXN_008698,CUST_0378,STR_019,2025-09-06,1157.9,Debit Card
TXN_008699,CUST_0337,STR_015,2025-06-03,780.12,Credit Card
TXN_008700,CUST_0034,STR_007,2025-09-24,5962.55,Digital Wallet
TXN_008701,CUST_0275,STR_008,2025-12-20,908.07,Digital Wallet
TXN_008702,CUST_0370,STR_006,2025-01-08,1478.41,Debit Card
TXN_008703,CUST_0192,STR_017,2025-04-18,3430.78,Digital Wallet
TXN_008704,CUST_0475,STR_020,2025-08-11,716.95,Digital Wallet
TXN_008705,CUST_0231,STR_002,2025-09-24,597.0,Cash
TXN_008706,CUST_0059,STR_012,2025-09-27,188.75,Debit Card
TXN_008707,CUST_0149,STR_006,2025-05-29,1798.47,Digital Wallet
TXN_008708,CUST_0074,STR_007,2025-12-07,4045.44,Debit Card
TXN_008709,CUST_0098,STR_018,2025-09-22,282.99,Digital Wallet
TXN_008710,CUST_0012,STR_008,2025-12-03,547.64,Credit Card
TXN_008711,CUST_0359,STR_017,2025-12-09,2104.55,Credit Card
TXN_008712,CUST_0453,STR_013,2025-03-04,281.83,Debit Card
TXN_008713,CUST_0211,STR_018,2025-06-16,1013.22,Debit Card
TXN_008714,CUST_0372,STR_004,2025-04-03,274.25,Cash
TXN_008715,CUST_0193,STR_012,2025-02-28,64.17,Credit Card
TXN_008716,CUST_0119,STR_018,2025-09-05,5845.92,Cash
TXN_008717,CUST_0278,STR_015,2025-03-27,2024.29,Digital Wallet
TXN_008718,CUST_0171,STR_003,2025-12-16,757.87,Cash
TXN_008719,CUST_0457,STR_017,2025-07-14,1929.33,Credit Card
TXN_008720,CUST_0366,STR_012,2025-09-24,867.97,Credit Card
TXN_008721,CUST_0377,STR_014,2025-10-23,442.8,Credit Card
TXN_008722,CUST_0142,STR_019,2025-11-25,493.23,Credit Card
TXN_008723,CUST_0196,STR_016,2025-08-01,1346.13,Credit Card
TXN_008724,CUST_0169,STR_004,2025-09-29,596.76,Credit Card
TXN_008725,CUST_0353,STR_016,2025-08-13,355.38,Credit Card
TXN_008726,CUST_0484,STR_007,2025-11-27,818.69,Credit Card
TXN_008727,CUST_0102,STR_019,2025-05-19,175.73,Digital Wallet
TXN_008728,CUST_0342,STR_002,2025-09-28,591.44,Cash
TXN_008729,CUST_0369,STR_007,2025-11-11,8854.11,Digital Wallet
TXN_008730,CUST_0448,STR_007,2025-05-22,5330.32,Debit Card
TXN_008731,CUST_0060,STR_012,2025-08-08,185.8,Debit Card
TXN_008732,CUST_0494,STR_013,2025-07-21,276.94,Credit Card
TXN_008733,CUST_0026,STR_014,2025-01-13,764.47,Digital Wallet
TXN_008734,CUST_0026,STR_013,2025-01-14,1263.06,Digital Wallet
TXN_008735,CUST_0134,STR_019,2025-12-23,2485.91,Digital Wallet
TXN_008736,CUST_0449,STR_006,2025-08-30,290.73,Credit Card
TXN_008737,CUST_0459,STR_015,2025-10-25,510.18,Credit Card
TXN_008738,CUST_0257,STR_002,2025-10-25,359.7,Debit Card
TXN_008739,CUST_0252,STR_014,2025-08-18,1783.3,Cash
TXN_008740,CUST_0373,STR_017,2025-03-27,2096.2,Credit Card
TXN_008741,CUST_0018,STR_006,2025-03-21,2711.89,Debit Card
TXN_008742,CUST_0289,STR_011,2025-12-13,986.91,Digital Wallet
TXN_008743,CUST_0464,STR_003,2025-12-28,565.98,Debit Card
TXN_008744,CUST_0036,STR_005,2025-03-28,1685.85,Credit Card
TXN_008745,CUST_0442,STR_019,2025-09-22,2933.83,Credit Card
TXN_008746,CUST_0305,STR_020,2025-04-13,772.13,Credit Card
TXN_008747,CUST_0397,STR_003,2025-11-29,2206.56,Credit Card
TXN_008748,CUST_0177,STR_017,2025-06-03,1035.42,Debit Card
TXN_008749,CUST_0141,STR_016,2025-08-13,401.0,Credit Card
TXN_008750,CUST_0291,STR_017,2025-09-07,1035.22,Credit Card
TXN_008751,CUST_0136,STR_017,2025-04-15,1311.56,Debit Card
TXN_008752,CUST_0391,STR_014,2025-10-19,1759.42,Digital Wallet
TXN_008753,CUST_0471,STR_008,2025-11-07,940.7,Credit Card
TXN_008754,CUST_0228,STR_016,2025-08-11,911.34,Credit Card
TXN_008755,CUST_0396,STR_005,2025-06-04,281.62,Cash
TXN_008756,CUST_0361,STR_002,2025-01-29,954.64,Credit Card
TXN_008757,CUST_0469,STR_017,2025-12-23,969.08,Cash
TXN_008758,CUST_0305,STR_008,2025-02-10,1586.92,Debit Card
TXN_008759,CUST_0463,STR_018,2025-03-20,872.25,Cash
TXN_008760,CUST_0059,STR_013,2025-05-18,1266.57,Credit Card
TXN_008761,CUST_0297,STR_009,2025-04-30,626.27,Credit Card
TXN_008762,CUST_0497,STR_011,2025-06-05,1760.45,Debit Card
TXN_008763,CUST_0002,STR_013,2025-08-26,5687.1,Credit Card
TXN_008764,CUST_0494,STR_018,2025-05-02,897.79,Credit Card
TXN_008765,CUST_0008,STR_015,2025-10-05,974.12,Digital Wallet
TXN_008766,CUST_0338,STR_009,2025-11-15,566.16,Debit Card
TXN_008767,CUST_0019,STR_006,2025-10-11,421.12,Credit Card
TXN_008768,CUST_0490,STR_013,2025-12-11,112.35,Credit Card
TXN_008769,CUST_0160,STR_012,2025-08-22,546.58,Debit Card
TXN_008770,CUST_0008,STR_009,2025-02-24,362.7,Debit Card
TXN_008771,CUST_0458,STR_019,2025-05-09,1172.65,Credit Card
TXN_008772,CUST_0157,STR_020,2025-03-25,654.34,Debit Card
TXN_008773,CUST_0398,STR_004,2025-11-10,8884.59,Debit Card
TXN_008774,CUST_0147,STR_009,2025-09-14,872.25,Credit Card
TXN_008775,CUST_0144,STR_002,2025-11-11,127.5,Debit Card
TXN_008776,CUST_0286,STR_012,2025-04-01,1853.94,Credit Card
TXN_008777,CUST_0136,STR_019,2025-08-22,1237.43,Debit Card
TXN_008778,CUST_0342,STR_019,2025-09-14,1319.91,Debit Card
TXN_008779,CUST_0173,STR_008,2025-03-14,1210.43,Credit Card
TXN_008780,CUST_0387,STR_009,2025-12-25,1287.17,Digital Wallet
TXN_008781,CUST_0248,STR_006,2025-09-16,1504.53,Credit Card
TXN_008782,CUST_0075,STR_018,2025-09-27,768.29,Debit Card
TXN_008783,CUST_0011,STR_001,2025-01-06,365.37,Debit Card
TXN_008784,CUST_0482,STR_012,2025-08-09,12282.16,Credit Card
TXN_008785,CUST_0159,STR_016,2025-03-16,1076.38,Debit Card
TXN_008786,CUST_0170,STR_001,2025-06-29,628.17,Credit Card
TXN_008787,CUST_0359,STR_020,2025-07-04,561.81,Debit Card
TXN_008788,CUST_0488,STR_008,2025-12-03,1059.06,Debit Card
TXN_008789,CUST_0444,STR_005,2025-12-19,1984.37,Debit Card
TXN_008790,CUST_0127,STR_010,2025-08-24,864.96,Digital Wallet
TXN_008791,CUST_0335,STR_002,2025-11-18,1673.84,Credit Card
TXN_008792,CUST_0407,STR_014,2025-05-27,651.5,Credit Card
TXN_008793,CUST_0138,STR_014,2025-05-09,969.34,Credit Card
TXN_008794,CUST_0008,STR_010,2025-06-13,1275.55,Credit Card
TXN_008795,CUST_0144,STR_017,2025-09-12,1425.56,Credit Card
TXN_008796,CUST_0267,STR_006,2025-01-06,680.75,Credit Card
TXN_008797,CUST_0057,STR_017,2025-06-24,177.45,Credit Card
TXN_008798,CUST_0289,STR_017,2025-06-09,323.03,Credit Card
TXN_008799,CUST_0434,STR_010,2025-04-30,721.91,Digital Wallet
TXN_008800,CUST_0364,STR_003,2025-04-09,1285.18,Credit Card
TXN_008801,CUST_0017,STR_011,2025-09-04,901.94,Credit Card
TXN_008802,CUST_0081,STR_011,2025-11-03,551.82,Credit Card
TXN_008803,CUST_0321,STR_016,2025-08-29,828.56,Credit Card
TXN_008804,CUST_0339,STR_011,2025-09-17,726.43,Debit Card
TXN_008805,CUST_0242,STR_005,2025-09-16,1513.23,Credit Card
TXN_008806,CUST_0366,STR_002,2025-12-11,2974.82,Credit Card
TXN_008807,CUST_0023,STR_004,2025-11-13,392.81,Credit Card
TXN_008808,CUST_0142,STR_020,2025-07-18,1565.42,Credit Card
TXN_008809,CUST_0497,STR_007,2025-11-13,626.24,Credit Card
TXN_008810,CUST_0379,STR_010,2025-02-26,149.92,Credit Card
TXN_008811,CUST_0334,STR_004,2025-04-23,1561.85,Credit Card
TXN_008812,CUST_0218,STR_020,2025-02-18,801.06,Debit Card
TXN_008813,CUST_0001,STR_008,2025-10-22,1047.24,Credit Card
TXN_008814,CUST_0385,STR_017,2025-05-16,2797.43,Credit Card
TXN_008815,CUST_0208,STR_015,2025-08-03,4454.42,Digital Wallet
TXN_008816,CUST_0050,STR_005,2025-03-28,51.71,Debit Card
TXN_008817,CUST_0399,STR_016,2025-01-18,1322.56,Credit Card
TXN_008818,CUST_0231,STR_018,2025-02-20,301.2,Credit Card
TXN_008819,CUST_0225,STR_018,2025-12-26,1443.82,Credit Card
TXN_008820,CUST_0053,STR_008,2025-07-20,885.06,Debit Card
TXN_008821,CUST_0460,STR_017,2025-12-09,410.66,Credit Card
TXN_008822,CUST_0047,STR_013,2025-03-12,1940.98,Digital Wallet
TXN_008823,CUST_0073,STR_010,2025-12-11,604.08,Credit Card
TXN_008824,CUST_0434,STR_009,2025-12-16,1585.6,Cash
TXN_008825,CUST_0382,STR_005,2025-09-09,1264.96,Credit Card
TXN_008826,CUST_0137,STR_014,2025-06-23,106.31,Credit Card
TXN_008827,CUST_0079,STR_015,2025-01-04,196.42,Credit Card
TXN_008828,CUST_0059,STR_003,2025-01-29,205.33,Debit Card
TXN_008829,CUST_0349,STR_002,2025-06-30,737.42,Credit Card
TXN_008830,CUST_0244,STR_003,2025-07-20,210.24,Credit Card
TXN_008831,CUST_0357,STR_001,2025-07-26,1231.65,Credit Card
TXN_008832,CUST_0228,STR_019,2025-07-16,1497.9,Credit Card
TXN_008833,CUST_0455,STR_012,2025-02-18,438.53,Credit Card
TXN_008834,CUST_0431,STR_019,2025-09-13,157.28,Debit Card
TXN_008835,CUST_0406,STR_018,2025-04-04,538.38,Cash
TXN_008836,CUST_0032,STR_018,2025-09-03,318.93,Digital Wallet
TXN_008837,CUST_0311,STR_018,2025-03-16,175.79,Cash
TXN_008838,CUST_0143,STR_016,2025-11-08,489.98,Debit Card
TXN_008839,CUST_0373,STR_015,2025-02-28,199.0,Debit Card
TXN_008840,CUST_0207,STR_007,2025-10-18,404.97,Digital Wallet
TXN_008841,CUST_0062,STR_012,2025-06-08,75.81,Debit Card
TXN_008842,CUST_0357,STR_010,2025-05-13,178.57,Debit Card
TXN_008843,CUST_0269,STR_010,2025-05-09,2106.83,Debit Card
TXN_008844,CUST_0159,STR_018,2025-07-12,1384.1,Credit Card
TXN_008845,CUST_0333,STR_019,2025-12-02,1918.36,Credit Card
TXN_008846,CUST_0430,STR_014,2025-10-26,57.46,Credit Card
TXN_008847,CUST_0028,STR_005,2025-02-22,281.62,Credit Card
TXN_008848,CUST_0157,STR_008,2025-01-20,206.81,Credit Card
TXN_008849,CUST_0349,STR_001,2025-01-19,1399.78,Credit Card
TXN_008850,CUST_0013,STR_005,2025-06-07,489.99,Digital Wallet
TXN_008851,CUST_0442,STR_006,2025-07-10,391.92,Credit Card
TXN_008852,CUST_0484,STR_006,2025-07-16,555.53,Digital Wallet
TXN_008853,CUST_0427,STR_002,2025-01-20,223.88,Digital Wallet
TXN_008854,CUST_0486,STR_012,2025-05-06,103.52,Credit Card
TXN_008855,CUST_0372,STR_020,2025-09-09,1906.16,Credit Card
TXN_008856,CUST_0342,STR_006,2025-04-10,466.22,Credit Card
TXN_008857,CUST_0223,STR_014,2025-04-24,945.04,Credit Card
TXN_008858,CUST_0430,STR_009,2025-12-10,5624.04,Credit Card
TXN_008859,CUST_0323,STR_013,2025-06-15,510.74,Credit Card
TXN_008860,CUST_0164,STR_011,2025-04-23,353.49,Credit Card
TXN_008861,CUST_0050,STR_014,2025-12-09,427.37,Credit Card
TXN_008862,CUST_0289,STR_002,2025-01-05,22.0,Credit Card
TXN_008863,CUST_0441,STR_001,2025-05-21,1045.71,Credit Card
TXN_008864,CUST_0413,STR_003,2025-03-30,2800.34,Debit Card
TXN_008865,CUST_0483,STR_012,2025-01-26,729.27,Debit Card
TXN_008866,CUST_0210,STR_019,2025-12-13,235.66,Credit Card
TXN_008867,CUST_0074,STR_011,2025-11-15,2079.35,Credit Card
TXN_008868,CUST_0069,STR_018,2025-07-17,516.61,Credit Card
TXN_008869,CUST_0206,STR_005,2025-06-23,140.91,Debit Card
TXN_008870,CUST_0254,STR_007,2025-08-31,1458.33,Digital Wallet
TXN_008871,CUST_0222,STR_010,2025-01-04,1087.05,Debit Card
TXN_008872,CUST_0303,STR_008,2025-05-08,2230.48,Digital Wallet
TXN_008873,CUST_0233,STR_010,2025-02-04,529.62,Credit Card
TXN_008874,CUST_0450,STR_019,2025-07-31,70.0,Credit Card
TXN_008875,CUST_0314,STR_013,2025-03-08,212.62,Debit Card
TXN_008876,CUST_0210,STR_016,2025-09-03,4133.07,Credit Card
TXN_008877,CUST_0318,STR_002,2025-04-26,1818.26,Debit Card
TXN_008878,CUST_0387,STR_007,2025-04-21,1076.76,Credit Card
TXN_008879,CUST_0315,STR_015,2025-03-14,2498.61,Credit Card
TXN_008880,CUST_0202,STR_014,2025-06-07,3251.46,Credit Card
TXN_008881,CUST_0098,STR_004,2025-12-18,846.47,Credit Card
TXN_008882,CUST_0013,STR_019,2025-05-05,2020.12,Credit Card
TXN_008883,CUST_0167,STR_013,2025-10-31,161.87,Credit Card
TXN_008884,CUST_0137,STR_011,2025-08-02,1541.14,Credit Card
TXN_008885,CUST_0449,STR_006,2025-10-06,1180.49,Cash
TXN_008886,CUST_0068,STR_007,2025-02-19,450.0,Credit Card
TXN_008887,CUST_0460,STR_009,2025-02-19,200.31,Debit Card
TXN_008888,CUST_0419,STR_007,2025-02-04,1443.82,Credit Card
TXN_008889,CUST_0246,STR_016,2025-02-17,762.65,Credit Card
TXN_008890,CUST_0158,STR_008,2025-08-26,2793.42,Credit Card
TXN_008891,CUST_0100,STR_019,2025-03-08,1092.94,Debit Card
TXN_008892,CUST_0377,STR_020,2025-12-18,1685.26,Debit Card
TXN_008893,CUST_0086,STR_017,2025-06-14,576.46,Credit Card
TXN_008894,CUST_0018,STR_002,2025-06-12,417.16,Credit Card
TXN_008895,CUST_0281,STR_010,2025-05-01,3210.88,Digital Wallet
TXN_008896,CUST_0333,STR_001,2025-08-11,919.01,Credit Card
TXN_008897,CUST_0215,STR_011,2025-08-09,260.54,Debit Card
TXN_008898,CUST_0112,STR_010,2025-12-31,685.81,Debit Card
TXN_008899,CUST_0081,STR_010,2025-07-16,103.22,Debit Card
TXN_008900,CUST_0128,STR_005,2025-12-27,2534.03,Credit Card
TXN_008901,CUST_0039,STR_012,2025-01-24,2468.92,Digital Wallet
TXN_008902,CUST_0500,STR_008,2025-07-03,588.91,Debit Card
TXN_008903,CUST_0175,STR_007,2025-04-09,444.41,Digital Wallet
TXN_008904,CUST_0019,STR_007,2025-01-25,578.95,Credit Card
TXN_008905,CUST_0104,STR_015,2025-07-07,349.59,Credit Card
TXN_008906,CUST_0125,STR_002,2025-11-11,134.99,Debit Card
TXN_008907,CUST_0352,STR_005,2025-07-29,177.45,Credit Card
TXN_008908,CUST_0032,STR_016,2025-12-01,752.91,Debit Card
TXN_008909,CUST_0449,STR_006,2025-04-28,1141.31,Credit Card
TXN_008910,CUST_0130,STR_003,2025-01-19,789.75,Credit Card
TXN_008911,CUST_0130,STR_019,2025-09-13,1606.97,Debit Card
TXN_008912,CUST_0219,STR_013,2025-12-01,628.17,Credit Card
TXN_008913,CUST_0177,STR_009,2025-03-06,148.33,Debit Card
TXN_008914,CUST_0042,STR_009,2025-09-05,1570.72,Credit Card
TXN_008915,CUST_0357,STR_013,2025-01-08,813.74,Debit Card
TXN_008916,CUST_0272,STR_007,2025-03-06,520.83,Debit Card
TXN_008917,CUST_0271,STR_019,2025-01-07,1437.57,Credit Card
TXN_008918,CUST_0141,STR_004,2025-09-27,1059.24,Credit Card
TXN_008919,CUST_0120,STR_008,2025-05-04,1151.93,Debit Card
TXN_008920,CUST_0450,STR_008,2025-02-19,813.74,Credit Card
TXN_008921,CUST_0236,STR_010,2025-10-27,1311.56,Credit Card
TXN_008922,CUST_0027,STR_007,2025-12-31,929.0,Credit Card
TXN_008923,CUST_0032,STR_009,2025-10-20,199.73,Credit Card
TXN_008924,CUST_0402,STR_009,2025-12-31,751.54,Credit Card
TXN_008925,CUST_0075,STR_010,2025-04-26,520.83,Credit Card
TXN_008926,CUST_0358,STR_020,2025-01-16,524.28,Credit Card
TXN_008927,CUST_0011,STR_002,2025-05-09,8206.17,Debit Card
TXN_008928,CUST_0371,STR_020,2025-09-10,813.74,Credit Card
TXN_008929,CUST_0204,STR_006,2025-04-24,1893.55,Credit Card
TXN_008930,CUST_0071,STR_006,2025-07-01,538.38,Credit Card
TXN_008931,CUST_0488,STR_017,2025-04-28,422.1,Credit Card
TXN_008932,CUST_0004,STR_020,2025-06-17,179.85,Credit Card
TXN_008933,CUST_0022,STR_012,2025-03-15,196.4,Credit Card
TXN_008934,CUST_0143,STR_005,2025-10-15,1601.11,Credit Card
TXN_008935,CUST_0037,STR_011,2025-10-26,1707.56,Credit Card
TXN_008936,CUST_0222,STR_002,2025-02-10,1208.16,Credit Card
TXN_008937,CUST_0343,STR_005,2025-10-23,3191.12,Credit Card
TXN_008938,CUST_0063,STR_014,2025-12-27,434.77,Credit Card
TXN_008939,CUST_0231,STR_020,2025-12-07,1221.34,Credit Card
TXN_008940,CUST_0466,STR_003,2025-02-09,3766.75,Credit Card
TXN_008941,CUST_0332,STR_016,2025-02-03,1757.7,Credit Card
TXN_008942,CUST_0016,STR_016,2025-06-27,1022.73,Cash
TXN_008943,CUST_0144,STR_002,2025-03-05,1062.09,Digital Wallet
TXN_008944,CUST_0086,STR_018,2025-08-22,520.83,Debit Card
TXN_008945,CUST_0325,STR_006,2025-12-20,360.77,Digital Wallet
TXN_008946,CUST_0268,STR_004,2025-11-12,134.99,Credit Card
TXN_008947,CUST_0484,STR_012,2025-12-05,3482.68,Debit Card
TXN_008948,CUST_0091,STR_006,2025-08-20,2672.8,Digital Wallet
TXN_008949,CUST_0003,STR_004,2025-01-10,1516.27,Credit Card
TXN_008950,CUST_0313,STR_009,2025-11-01,563.65,Digital Wallet
TXN_008951,CUST_0288,STR_017,2025-07-04,98.21,Digital Wallet
TXN_008952,CUST_0394,STR_019,2025-04-23,363.72,Digital Wallet
TXN_008953,CUST_0317,STR_017,2025-07-08,375.77,Credit Card
TXN_008954,CUST_0213,STR_001,2025-04-26,484.54,Credit Card
TXN_008955,CUST_0491,STR_013,2025-11-04,551.04,Debit Card
TXN_008956,CUST_0217,STR_013,2025-08-01,1412.56,Debit Card
TXN_008957,CUST_0136,STR_009,2025-01-23,413.48,Credit Card
TXN_008958,CUST_0365,STR_018,2025-04-26,432.9,Cash
TXN_008959,CUST_0353,STR_007,2025-09-25,703.01,Credit Card
TXN_008960,CUST_0127,STR_015,2025-01-24,3040.19,Credit Card
TXN_008961,CUST_0359,STR_019,2025-06-08,524.28,Credit Card
TXN_008962,CUST_0236,STR_008,2025-10-20,1514.86,Digital Wallet
TXN_008963,CUST_0250,STR_017,2025-12-08,452.44,Debit Card
TXN_008964,CUST_0436,STR_003,2025-12-19,842.63,Debit Card
TXN_008965,CUST_0204,STR_013,2025-01-14,442.53,Debit Card
TXN_008966,CUST_0146,STR_012,2025-12-08,3907.56,Digital Wallet
TXN_008967,CUST_0216,STR_016,2025-02-21,1316.82,Debit Card
TXN_008968,CUST_0423,STR_016,2025-02-13,520.83,Credit Card
TXN_008969,CUST_0267,STR_014,2025-08-01,224.11,Credit Card
TXN_008970,CUST_0117,STR_018,2025-05-02,1408.73,Credit Card
TXN_008971,CUST_0440,STR_008,2025-01-17,141.11,Debit Card
TXN_008972,CUST_0266,STR_019,2025-04-29,1059.13,Credit Card
TXN_008973,CUST_0167,STR_016,2025-08-12,1435.95,Debit Card
TXN_008974,CUST_0117,STR_017,2025-04-24,1967.34,Credit Card
TXN_008975,CUST_0261,STR_015,2025-01-15,972.84,Debit Card
TXN_008976,CUST_0037,STR_018,2025-12-03,1315.31,Credit Card
TXN_008977,CUST_0426,STR_015,2025-03-16,106.73,Credit Card
TXN_008978,CUST_0042,STR_002,2025-10-31,932.2,Debit Card
TXN_008979,CUST_0079,STR_011,2025-10-07,355.38,Cash
TXN_008980,CUST_0070,STR_001,2025-04-20,779.37,Credit Card
TXN_008981,CUST_0254,STR_001,2025-02-11,576.46,Credit Card
TXN_008982,CUST_0136,STR_013,2025-12-31,5495.15,Digital Wallet
TXN_008983,CUST_0032,STR_001,2025-04-19,1580.62,Debit Card
TXN_008984,CUST_0440,STR_012,2025-08-20,528.08,Credit Card
TXN_008985,CUST_0331,STR_013,2025-04-19,867.14,Credit Card
TXN_008986,CUST_0149,STR_010,2025-09-07,844.2,Cash
TXN_008987,CUST_0457,STR_013,2025-08-20,716.74,Credit Card
TXN_008988,CUST_0400,STR_004,2025-05-27,1282.94,Credit Card
TXN_008989,CUST_0292,STR_004,2025-04-03,3802.02,Debit Card
TXN_008990,CUST_0098,STR_013,2025-01-25,1999.9,Credit Card
TXN_008991,CUST_0462,STR_007,2025-04-14,3709.53,Debit Card
TXN_008992,CUST_0097,STR_004,2025-03-20,471.32,Credit Card
TXN_008993,CUST_0193,STR_008,2025-03-03,1022.15,Credit Card
TXN_008994,CUST_0042,STR_010,2025-09-08,486.52,Debit Card
TXN_008995,CUST_0440,STR_018,2025-09-28,846.17,Debit Card
TXN_008996,CUST_0254,STR_013,2025-04-05,634.06,Digital Wallet
TXN_008997,CUST_0405,STR_008,2025-06-14,1329.65,Cash
TXN_008998,CUST_0007,STR_009,2025-08-06,260.54,Credit Card
TXN_008999,CUST_0404,STR_009,2025-06-12,1058.47,Credit Card
TXN_009000,CUST_0175,STR_017,2025-04-22,2321.11,Credit Card
TXN_009001,CUST_0075,STR_014,2025-06-02,1308.68,Cash
TXN_009002,CUST_0012,STR_014,2025-06-12,871.86,Cash
TXN_009003,CUST_0500,STR_016,2025-05-15,771.77,Credit Card
TXN_009004,CUST_0371,STR_002,2025-11-23,1503.08,Credit Card
TXN_009005,CUST_0391,STR_018,2025-09-08,1496.89,Credit Card
TXN_009006,CUST_0156,STR_009,2025-06-12,836.97,Credit Card
TXN_009007,CUST_0220,STR_011,2025-07-28,1452.66,Debit Card
TXN_009008,CUST_0231,STR_005,2025-08-10,983.91,Debit Card
TXN_009009,CUST_0403,STR_019,2025-08-22,932.2,Debit Card
TXN_009010,CUST_0040,STR_006,2025-06-09,653.09,Digital Wallet
TXN_009011,CUST_0416,STR_014,2025-04-29,28.73,Digital Wallet
TXN_009012,CUST_0066,STR_010,2025-09-26,186.13,Credit Card
TXN_009013,CUST_0347,STR_001,2025-08-26,1308.38,Debit Card
TXN_009014,CUST_0175,STR_011,2025-10-30,937.84,Debit Card
TXN_009015,CUST_0177,STR_011,2025-12-29,70.0,Credit Card
TXN_009016,CUST_0010,STR_014,2025-07-12,1946.17,Credit Card
TXN_009017,CUST_0434,STR_006,2025-04-27,1338.35,Credit Card
TXN_009018,CUST_0313,STR_005,2025-10-15,3913.74,Credit Card
TXN_009019,CUST_0481,STR_002,2025-04-29,824.72,Credit Card
TXN_009020,CUST_0075,STR_020,2025-03-12,133.93,Credit Card
TXN_009021,CUST_0002,STR_016,2025-03-28,952.5,Credit Card
TXN_009022,CUST_0456,STR_009,2025-03-03,1578.22,Credit Card
TXN_009023,CUST_0342,STR_001,2025-12-19,77.41,Credit Card
TXN_009024,CUST_0214,STR_016,2025-07-05,3222.03,Credit Card
TXN_009025,CUST_0362,STR_011,2025-11-11,1531.19,Cash
TXN_009026,CUST_0259,STR_007,2025-10-29,150.0,Digital Wallet
TXN_009027,CUST_0471,STR_011,2025-01-28,224.11,Credit Card
TXN_009028,CUST_0434,STR_018,2025-02-16,675.22,Credit Card
TXN_009029,CUST_0112,STR_003,2025-12-24,2429.28,Digital Wallet
TXN_009030,CUST_0494,STR_003,2025-09-08,7585.99,Credit Card
TXN_009031,CUST_0258,STR_016,2025-10-13,1529.9,Debit Card
TXN_009032,CUST_0309,STR_009,2025-05-28,1103.64,Credit Card
TXN_009033,CUST_0141,STR_004,2025-11-18,2412.5,Digital Wallet
TXN_009034,CUST_0446,STR_009,2025-08-06,314.58,Debit Card
TXN_009035,CUST_0488,STR_002,2025-03-18,1374.65,Credit Card
TXN_009036,CUST_0104,STR_013,2025-01-31,70.0,Digital Wallet
TXN_009037,CUST_0371,STR_017,2025-10-05,1095.83,Digital Wallet
TXN_009038,CUST_0326,STR_020,2025-10-09,992.83,Credit Card
TXN_009039,CUST_0264,STR_017,2025-10-31,281.62,Credit Card
TXN_009040,CUST_0011,STR_007,2025-11-05,2067.86,Credit Card
TXN_009041,CUST_0179,STR_014,2025-06-08,496.64,Credit Card
TXN_009042,CUST_0109,STR_016,2025-10-17,306.03,Credit Card
TXN_009043,CUST_0132,STR_003,2025-01-19,524.05,Credit Card
TXN_009044,CUST_0465,STR_009,2025-02-01,5897.82,Debit Card
TXN_009045,CUST_0223,STR_020,2025-08-13,1562.19,Digital Wallet
TXN_009046,CUST_0282,STR_008,2025-01-21,54.54,Debit Card
TXN_009047,CUST_0031,STR_015,2025-09-06,1567.75,Digital Wallet
TXN_009048,CUST_0479,STR_014,2025-01-18,551.82,Credit Card
TXN_009049,CUST_0500,STR_017,2025-06-01,1271.3,Digital Wallet
TXN_009050,CUST_0353,STR_006,2025-03-30,854.39,Credit Card
TXN_009051,CUST_0266,STR_007,2025-01-11,2186.3,Digital Wallet
TXN_009052,CUST_0016,STR_006,2025-11-26,355.38,Debit Card
TXN_009053,CUST_0223,STR_011,2025-01-29,711.02,Credit Card
TXN_009054,CUST_0068,STR_019,2025-11-12,690.06,Credit Card
TXN_009055,CUST_0208,STR_014,2025-01-13,1090.04,Debit Card
TXN_009056,CUST_0154,STR_012,2025-02-16,205.33,Credit Card
TXN_009057,CUST_0084,STR_007,2025-11-02,1819.9,Debit Card
TXN_009058,CUST_0281,STR_019,2025-01-17,727.51,Debit Card
TXN_009059,CUST_0283,STR_012,2025-01-27,1070.5,Debit Card
TXN_009060,CUST_0361,STR_020,2025-12-21,93.3,Credit Card
TXN_009061,CUST_0420,STR_017,2025-11-05,2732.14,Credit Card
TXN_009062,CUST_0280,STR_010,2025-02-19,452.44,Credit Card
TXN_009063,CUST_0081,STR_003,2025-11-29,309.72,Credit Card
TXN_009064,CUST_0093,STR_013,2025-01-24,190.95,Credit Card
TXN_009065,CUST_0002,STR_012,2025-02-22,1861.5,Credit Card
TXN_009066,CUST_0449,STR_019,2025-01-04,2951.12,Debit Card
TXN_009067,CUST_0400,STR_018,2025-02-14,371.0,Digital Wallet
TXN_009068,CUST_0176,STR_019,2025-04-03,2379.42,Credit Card
TXN_009069,CUST_0124,STR_016,2025-07-04,710.66,Digital Wallet
TXN_009070,CUST_0436,STR_011,2025-07-20,1188.58,Credit Card
TXN_009071,CUST_0171,STR_003,2025-04-28,987.85,Credit Card
TXN_009072,CUST_0323,STR_010,2025-09-16,586.75,Credit Card
TXN_009073,CUST_0468,STR_016,2025-01-21,804.17,Cash
TXN_009074,CUST_0022,STR_020,2025-12-04,210.37,Debit Card
TXN_009075,CUST_0233,STR_012,2025-09-07,613.87,Debit Card
TXN_009076,CUST_0263,STR_010,2025-06-09,1165.89,Digital Wallet
TXN_009077,CUST_0054,STR_013,2025-04-16,754.99,Credit Card
TXN_009078,CUST_0131,STR_003,2025-02-03,937.32,Credit Card
TXN_009079,CUST_0114,STR_014,2025-11-28,253.04,Debit Card
TXN_009080,CUST_0476,STR_014,2025-11-18,388.43,Credit Card
TXN_009081,CUST_0070,STR_016,2025-11-12,428.62,Credit Card
TXN_009082,CUST_0491,STR_018,2025-08-20,1595.59,Credit Card
TXN_009083,CUST_0318,STR_018,2025-01-19,1777.64,Credit Card
TXN_009084,CUST_0288,STR_013,2025-08-16,2881.69,Debit Card
TXN_009085,CUST_0219,STR_002,2025-07-26,196.47,Credit Card
TXN_009086,CUST_0246,STR_011,2025-02-03,481.03,Credit Card
TXN_009087,CUST_0279,STR_015,2025-08-25,1431.89,Debit Card
TXN_009088,CUST_0008,STR_001,2025-08-25,6041.46,Credit Card
TXN_009089,CUST_0352,STR_015,2025-04-23,1538.42,Credit Card
TXN_009090,CUST_0051,STR_012,2025-11-06,1022.97,Debit Card
TXN_009091,CUST_0115,STR_009,2025-03-05,4987.38,Debit Card
TXN_009092,CUST_0103,STR_001,2025-08-30,519.15,Credit Card
TXN_009093,CUST_0223,STR_015,2025-02-02,1278.12,Credit Card
TXN_009094,CUST_0285,STR_008,2025-11-07,470.35,Credit Card
TXN_009095,CUST_0002,STR_017,2025-10-10,1062.21,Credit Card
TXN_009096,CUST_0351,STR_020,2025-07-02,519.58,Credit Card
TXN_009097,CUST_0319,STR_006,2025-11-04,531.11,Credit Card
TXN_009098,CUST_0092,STR_011,2025-09-02,359.7,Credit Card
TXN_009099,CUST_0098,STR_011,2025-12-17,842.63,Credit Card
TXN_009100,CUST_0471,STR_013,2025-03-05,1280.02,Credit Card
TXN_009101,CUST_0156,STR_011,2025-07-12,684.54,Credit Card
TXN_009102,CUST_0141,STR_009,2025-06-13,1123.62,Debit Card
TXN_009103,CUST_0067,STR_019,2025-07-27,868.02,Credit Card
TXN_009104,CUST_0314,STR_016,2025-03-24,805.78,Credit Card
TXN_009105,CUST_0097,STR_019,2025-03-09,456.98,Credit Card
TXN_009106,CUST_0139,STR_014,2025-12-09,487.16,Digital Wallet
TXN_009107,CUST_0005,STR_013,2025-11-05,1175.71,Debit Card
TXN_009108,CUST_0309,STR_012,2025-05-22,268.84,Credit Card
TXN_009109,CUST_0288,STR_012,2025-12-12,993.28,Debit Card
TXN_009110,CUST_0277,STR_020,2025-03-18,2484.32,Digital Wallet
TXN_009111,CUST_0184,STR_001,2025-10-07,721.91,Credit Card
TXN_009112,CUST_0014,STR_011,2025-02-01,888.81,Cash
TXN_009113,CUST_0389,STR_017,2025-10-28,2652.42,Debit Card
TXN_009114,CUST_0170,STR_007,2025-06-07,444.41,Debit Card
TXN_009115,CUST_0077,STR_012,2025-04-25,1227.01,Digital Wallet
TXN_009116,CUST_0046,STR_001,2025-06-20,866.56,Digital Wallet
TXN_009117,CUST_0117,STR_015,2025-10-17,134.99,Credit Card
TXN_009118,CUST_0476,STR_014,2025-11-20,1288.08,Credit Card
TXN_009119,CUST_0408,STR_016,2025-11-17,926.5,Credit Card
TXN_009120,CUST_0099,STR_016,2025-02-22,1133.05,Credit Card
TXN_009121,CUST_0421,STR_018,2025-01-28,248.5,Digital Wallet
TXN_009122,CUST_0345,STR_014,2025-02-08,2234.08,Digital Wallet
TXN_009123,CUST_0356,STR_015,2025-01-06,2082.65,Debit Card
TXN_009124,CUST_0280,STR_002,2025-04-06,1242.53,Credit Card
TXN_009125,CUST_0400,STR_007,2025-06-18,1676.09,Credit Card
TXN_009126,CUST_0319,STR_012,2025-06-03,440.75,Credit Card
TXN_009127,CUST_0457,STR_019,2025-10-31,551.04,Debit Card
TXN_009128,CUST_0278,STR_014,2025-11-25,1574.33,Credit Card
TXN_009129,CUST_0010,STR_018,2025-12-28,261.07,Credit Card
TXN_009130,CUST_0291,STR_008,2025-04-23,1370.94,Credit Card
TXN_009131,CUST_0205,STR_003,2025-07-07,121.79,Credit Card
TXN_009132,CUST_0104,STR_007,2025-10-16,996.12,Credit Card
TXN_009133,CUST_0057,STR_017,2025-11-13,978.98,Debit Card
TXN_009134,CUST_0267,STR_019,2025-02-01,661.28,Credit Card
TXN_009135,CUST_0052,STR_003,2025-11-06,103.22,Debit Card
TXN_009136,CUST_0282,STR_004,2025-07-08,738.14,Credit Card
TXN_009137,CUST_0311,STR_009,2025-06-06,1036.89,Debit Card
TXN_009138,CUST_0303,STR_012,2025-07-28,596.76,Digital Wallet
TXN_009139,CUST_0323,STR_001,2025-02-16,5470.86,Debit Card
TXN_009140,CUST_0394,STR_020,2025-05-03,33483.09,Debit Card
TXN_009141,CUST_0236,STR_008,2025-02-14,932.2,Credit Card
TXN_009142,CUST_0277,STR_014,2025-08-05,2101.52,Digital Wallet
TXN_009143,CUST_0096,STR_006,2025-10-25,268.84,Credit Card
TXN_009144,CUST_0177,STR_003,2025-07-25,432.93,Credit Card
TXN_009145,CUST_0154,STR_002,2025-05-10,152.87,Digital Wallet
TXN_009146,CUST_0185,STR_003,2025-10-09,1906.12,Credit Card
TXN_009147,CUST_0035,STR_011,2025-04-06,5740.46,Credit Card
TXN_009148,CUST_0335,STR_016,2025-11-18,1068.52,Digital Wallet
TXN_009149,CUST_0444,STR_009,2025-11-20,1997.57,Credit Card
TXN_009150,CUST_0049,STR_009,2025-05-15,1647.7,Debit Card
TXN_009151,CUST_0137,STR_007,2025-11-25,23.16,Credit Card
TXN_009152,CUST_0272,STR_009,2025-01-09,580.67,Digital Wallet
TXN_009153,CUST_0113,STR_019,2025-07-26,785.24,Debit Card
TXN_009154,CUST_0424,STR_005,2025-09-22,1339.67,Debit Card
TXN_009155,CUST_0459,STR_016,2025-12-03,64.17,Digital Wallet
TXN_009156,CUST_0438,STR_015,2025-04-03,4634.12,Debit Card
TXN_009157,CUST_0162,STR_014,2025-06-01,632.48,Credit Card
TXN_009158,CUST_0486,STR_002,2025-04-30,2601.25,Digital Wallet
TXN_009159,CUST_0087,STR_011,2025-01-27,628.22,Credit Card
TXN_009160,CUST_0382,STR_016,2025-04-02,1173.5,Debit Card
TXN_009161,CUST_0014,STR_016,2025-09-04,1424.61,Credit Card
TXN_009162,CUST_0257,STR_019,2025-07-14,980.64,Credit Card
TXN_009163,CUST_0100,STR_017,2025-05-16,1232.42,Credit Card
TXN_009164,CUST_0498,STR_016,2025-03-13,2084.8,Digital Wallet
TXN_009165,CUST_0268,STR_008,2025-06-21,1766.72,Credit Card
TXN_009166,CUST_0403,STR_007,2025-12-05,1550.7,Credit Card
TXN_009167,CUST_0083,STR_013,2025-11-02,2162.81,Credit Card
TXN_009168,CUST_0252,STR_013,2025-07-10,112.35,Credit Card
TXN_009169,CUST_0069,STR_007,2025-07-09,796.0,Cash
TXN_009170,CUST_0167,STR_005,2025-10-21,529.53,Credit Card
TXN_009171,CUST_0438,STR_006,2025-08-26,652.08,Credit Card
TXN_009172,CUST_0057,STR_020,2025-12-01,1042.85,Credit Card
TXN_009173,CUST_0063,STR_016,2025-07-22,1612.88,Credit Card
TXN_009174,CUST_0244,STR_011,2025-02-04,3915.88,Credit Card
TXN_009175,CUST_0420,STR_014,2025-04-07,983.65,Credit Card
TXN_009176,CUST_0341,STR_004,2025-10-21,1222.86,Debit Card
TXN_009177,CUST_0226,STR_019,2025-06-08,61028.37,Cash
TXN_009178,CUST_0107,STR_015,2025-10-03,505.63,Credit Card
TXN_009179,CUST_0462,STR_002,2025-01-12,1165.7,Digital Wallet
TXN_009180,CUST_0306,STR_011,2025-08-21,524.28,Credit Card
TXN_009181,CUST_0253,STR_007,2025-03-27,481.03,Debit Card
TXN_009182,CUST_0071,STR_017,2025-04-16,556.28,Digital Wallet
TXN_009183,CUST_0207,STR_001,2025-01-30,681.73,Credit Card
TXN_009184,CUST_0324,STR_004,2025-12-07,2070.45,Digital Wallet
TXN_009185,CUST_0221,STR_019,2025-07-06,363.72,Credit Card
TXN_009186,CUST_0323,STR_017,2025-01-03,2777.34,Credit Card
TXN_009187,CUST_0411,STR_007,2025-04-16,2665.35,Credit Card
TXN_009188,CUST_0025,STR_020,2025-11-22,2148.58,Credit Card
TXN_009189,CUST_0303,STR_003,2025-08-10,486.52,Credit Card
TXN_009190,CUST_0334,STR_007,2025-06-02,448.89,Debit Card
TXN_009191,CUST_0142,STR_018,2025-08-05,621.62,Debit Card
TXN_009192,CUST_0029,STR_010,2025-06-13,469.05,Credit Card
TXN_009193,CUST_0049,STR_014,2025-07-18,846.49,Credit Card
TXN_009194,CUST_0080,STR_012,2025-06-14,852.2,Debit Card
TXN_009195,CUST_0345,STR_012,2025-12-21,261.58,Cash
TXN_009196,CUST_0171,STR_018,2025-10-18,486.52,Credit Card
TXN_009197,CUST_0090,STR_003,2025-04-01,1454.56,Credit Card
TXN_009198,CUST_0371,STR_020,2025-12-23,2558.48,Debit Card
TXN_009199,CUST_0041,STR_015,2025-07-22,170.86,Credit Card
TXN_009200,CUST_0003,STR_012,2025-04-22,8347.29,Credit Card
TXN_009201,CUST_0444,STR_002,2025-08-05,962.06,Credit Card
TXN_009202,CUST_0404,STR_007,2025-10-25,46717.77,Debit Card
TXN_009203,CUST_0405,STR_011,2025-11-05,854.07,Credit Card
TXN_009204,CUST_0232,STR_012,2025-03-21,1328.05,Credit Card
TXN_009205,CUST_0141,STR_007,2025-06-20,1452.91,Debit Card
TXN_009206,CUST_0409,STR_011,2025-03-03,1507.45,Credit Card
TXN_009207,CUST_0074,STR_011,2025-01-20,519.58,Debit Card
TXN_009208,CUST_0030,STR_009,2025-12-18,121.79,Debit Card
TXN_009209,CUST_0405,STR_019,2025-06-04,617.21,Debit Card
TXN_009210,CUST_0122,STR_008,2025-06-19,1664.2,Debit Card
TXN_009211,CUST_0173,STR_009,2025-07-08,761.84,Debit Card
TXN_009212,CUST_0413,STR_004,2025-11-01,1412.56,Credit Card
TXN_009213,CUST_0005,STR_015,2025-07-13,721.91,Digital Wallet
TXN_009214,CUST_0202,STR_001,2025-05-15,1559.43,Credit Card
TXN_009215,CUST_0156,STR_012,2025-04-07,1984.38,Debit Card
TXN_009216,CUST_0447,STR_014,2025-06-11,733.63,Credit Card
TXN_009217,CUST_0293,STR_014,2025-12-14,1197.81,Credit Card
TXN_009218,CUST_0361,STR_014,2025-03-08,168.58,Credit Card
TXN_009219,CUST_0247,STR_015,2025-03-04,2102.04,Debit Card
TXN_009220,CUST_0060,STR_002,2025-03-08,725.78,Debit Card
TXN_009221,CUST_0321,STR_002,2025-04-24,520.83,Debit Card
TXN_009222,CUST_0017,STR_001,2025-06-25,854.39,Cash
TXN_009223,CUST_0308,STR_013,2025-11-27,177.45,Credit Card
TXN_009224,CUST_0359,STR_015,2025-12-24,895.38,Credit Card
TXN_009225,CUST_0297,STR_006,2025-10-26,2623.19,Credit Card
TXN_009226,CUST_0347,STR_011,2025-08-05,181.86,Credit Card
TXN_009227,CUST_0178,STR_020,2025-07-16,1042.55,Debit Card
TXN_009228,CUST_0008,STR_002,2025-10-21,1648.23,Credit Card
TXN_009229,CUST_0492,STR_010,2025-05-26,2262.19,Credit Card
TXN_009230,CUST_0438,STR_012,2025-06-03,1173.5,Debit Card
TXN_009231,CUST_0401,STR_011,2025-11-14,213.65,Digital Wallet
TXN_009232,CUST_0378,STR_009,2025-08-28,912.59,Debit Card
TXN_009233,CUST_0451,STR_002,2025-02-14,277.44,Credit Card
TXN_009234,CUST_0047,STR_017,2025-08-07,404.81,Credit Card
TXN_009235,CUST_0247,STR_016,2025-02-25,3183.53,Credit Card
TXN_009236,CUST_0305,STR_009,2025-12-19,573.46,Debit Card
TXN_009237,CUST_0395,STR_020,2025-03-19,685.63,Digital Wallet
TXN_009238,CUST_0264,STR_006,2025-01-30,2364.44,Credit Card
TXN_009239,CUST_0451,STR_006,2025-04-01,57.46,Debit Card
TXN_009240,CUST_0041,STR_003,2025-08-25,632.48,Credit Card
TXN_009241,CUST_0020,STR_001,2025-07-20,681.47,Credit Card
TXN_009242,CUST_0157,STR_008,2025-03-15,531.11,Digital Wallet
TXN_009243,CUST_0401,STR_015,2025-10-14,392.94,Credit Card
TXN_009244,CUST_0105,STR_011,2025-06-21,884.16,Credit Card
TXN_009245,CUST_0135,STR_003,2025-05-04,296.66,Credit Card
TXN_009246,CUST_0034,STR_002,2025-03-06,112.35,Credit Card
TXN_009247,CUST_0150,STR_013,2025-06-08,1705.96,Credit Card
TXN_009248,CUST_0337,STR_018,2025-01-06,391.92,Credit Card
TXN_009249,CUST_0051,STR_013,2025-03-31,3283.0,Debit Card
TXN_009250,CUST_0201,STR_018,2025-09-22,1685.26,Debit Card
TXN_009251,CUST_0352,STR_014,2025-08-11,472.52,Digital Wallet
TXN_009252,CUST_0451,STR_006,2025-06-23,1681.75,Cash
TXN_009253,CUST_0255,STR_002,2025-05-12,830.82,Debit Card
TXN_009254,CUST_0261,STR_002,2025-02-13,1766.38,Credit Card
TXN_009255,CUST_0258,STR_018,2025-09-05,877.96,Cash
TXN_009256,CUST_0335,STR_013,2025-01-18,549.33,Digital Wallet
TXN_009257,CUST_0182,STR_002,2025-05-07,3376.54,Cash
TXN_009258,CUST_0060,STR_007,2025-06-16,604.82,Debit Card
TXN_009259,CUST_0082,STR_016,2025-02-26,1448.48,Credit Card
TXN_009260,CUST_0361,STR_017,2025-04-27,2665.42,Digital Wallet
TXN_009261,CUST_0278,STR_008,2025-05-28,297.46,Debit Card
TXN_009262,CUST_0019,STR_008,2025-03-17,2587.42,Digital Wallet
TXN_009263,CUST_0255,STR_012,2025-07-18,2207.56,Credit Card
TXN_009264,CUST_0337,STR_003,2025-07-28,199.73,Credit Card
TXN_009265,CUST_0464,STR_007,2025-12-05,321.69,Credit Card
TXN_009266,CUST_0052,STR_017,2025-12-18,45487.14,Digital Wallet
TXN_009267,CUST_0306,STR_001,2025-02-01,2056.38,Digital Wallet
TXN_009268,CUST_0163,STR_004,2025-09-29,622.99,Credit Card
TXN_009269,CUST_0469,STR_019,2025-07-05,1450.98,Credit Card
TXN_009270,CUST_0189,STR_004,2025-05-20,2040.9,Debit Card
TXN_009271,CUST_0234,STR_014,2025-10-04,21797.72,Credit Card
TXN_009272,CUST_0361,STR_020,2025-09-25,868.43,Credit Card
TXN_009273,CUST_0304,STR_018,2025-05-07,1152.92,Credit Card
TXN_009274,CUST_0036,STR_011,2025-03-30,2096.66,Credit Card
TXN_009275,CUST_0305,STR_019,2025-01-17,313.12,Debit Card
TXN_009276,CUST_0403,STR_018,2025-07-03,513.55,Digital Wallet
TXN_009277,CUST_0210,STR_008,2025-07-05,706.28,Credit Card
TXN_009278,CUST_0037,STR_005,2025-11-14,168.58,Debit Card
TXN_009279,CUST_0149,STR_015,2025-12-18,1332.89,Credit Card
TXN_009280,CUST_0010,STR_001,2025-09-21,2153.2,Credit Card
TXN_009281,CUST_0196,STR_010,2025-02-17,1983.18,Credit Card
TXN_009282,CUST_0093,STR_006,2025-08-21,442.53,Credit Card
TXN_009283,CUST_0191,STR_013,2025-07-23,579.24,Credit Card
TXN_009284,CUST_0314,STR_014,2025-12-12,3111.53,Credit Card
TXN_009285,CUST_0305,STR_019,2025-02-10,860.61,Cash
TXN_009286,CUST_0044,STR_003,2025-05-12,1949.34,Debit Card
TXN_009287,CUST_0120,STR_005,2025-12-20,2890.67,Debit Card
TXN_009288,CUST_0222,STR_012,2025-06-04,2454.52,Debit Card
TXN_009289,CUST_0262,STR_019,2025-10-31,481.03,Debit Card
TXN_009290,CUST_0258,STR_002,2025-12-19,1229.64,Credit Card
TXN_009291,CUST_0001,STR_011,2025-01-13,600.86,Digital Wallet
TXN_009292,CUST_0305,STR_010,2025-04-13,359.7,Debit Card
TXN_009293,CUST_0392,STR_013,2025-03-03,227.96,Credit Card
TXN_009294,CUST_0137,STR_003,2025-05-08,136.46,Credit Card
TXN_009295,CUST_0217,STR_018,2025-09-27,710.76,Credit Card
TXN_009296,CUST_0009,STR_008,2025-01-23,945.04,Credit Card
TXN_009297,CUST_0469,STR_005,2025-05-05,1102.08,Debit Card
TXN_009298,CUST_0225,STR_008,2025-03-29,1872.18,Cash
TXN_009299,CUST_0424,STR_013,2025-07-25,2849.37,Credit Card
TXN_009300,CUST_0293,STR_001,2025-08-15,1322.56,Cash
TXN_009301,CUST_0451,STR_001,2025-08-21,1103.64,Credit Card
TXN_009302,CUST_0059,STR_012,2025-05-06,1878.54,Credit Card
TXN_009303,CUST_0216,STR_015,2025-11-02,642.6,Digital Wallet
TXN_009304,CUST_0034,STR_014,2025-02-20,3427.61,Debit Card
TXN_009305,CUST_0139,STR_018,2025-04-10,1256.34,Debit Card
TXN_009306,CUST_0152,STR_006,2025-09-03,142.5,Digital Wallet
TXN_009307,CUST_0072,STR_003,2025-01-03,905.63,Credit Card
TXN_009308,CUST_0473,STR_017,2025-09-25,2452.72,Credit Card
TXN_009309,CUST_0050,STR_009,2025-01-21,1452.74,Credit Card
TXN_009310,CUST_0242,STR_011,2025-03-05,1219.23,Credit Card
TXN_009311,CUST_0297,STR_010,2025-03-06,495.02,Credit Card
TXN_009312,CUST_0468,STR_012,2025-03-21,1087.2,Digital Wallet
TXN_009313,CUST_0188,STR_020,2025-10-28,1807.83,Credit Card
TXN_009314,CUST_0239,STR_006,2025-09-18,551.04,Debit Card
TXN_009315,CUST_0186,STR_009,2025-11-19,2190.67,Debit Card
TXN_009316,CUST_0369,STR_002,2025-12-28,1167.53,Credit Card
TXN_009317,CUST_0119,STR_006,2025-07-11,1277.32,Credit Card
TXN_009318,CUST_0201,STR_010,2025-07-17,1769.6,Credit Card
TXN_009319,CUST_0114,STR_008,2025-10-07,2727.39,Digital Wallet
TXN_009320,CUST_0444,STR_012,2025-08-20,7108.34,Credit Card
TXN_009321,CUST_0223,STR_019,2025-03-04,4793.72,Debit Card
TXN_009322,CUST_0375,STR_001,2025-01-11,2184.01,Digital Wallet
TXN_009323,CUST_0284,STR_018,2025-05-03,578.95,Credit Card
TXN_009324,CUST_0488,STR_015,2025-08-13,419.73,Debit Card
TXN_009325,CUST_0387,STR_007,2025-07-04,493.65,Credit Card
TXN_009326,CUST_0482,STR_003,2025-08-16,529.53,Credit Card
TXN_009327,CUST_0275,STR_008,2025-05-12,306.03,Digital Wallet
TXN_009328,CUST_0490,STR_015,2025-03-31,2097.2,Debit Card
TXN_009329,CUST_0028,STR_017,2025-05-03,1786.11,Cash
TXN_009330,CUST_0311,STR_013,2025-05-13,804.71,Credit Card
TXN_009331,CUST_0366,STR_017,2025-10-27,896.85,Credit Card
TXN_009332,CUST_0466,STR_012,2025-09-06,5281.5,Credit Card
TXN_009333,CUST_0471,STR_005,2025-02-19,705.62,Credit Card
TXN_009334,CUST_0240,STR_005,2025-08-30,1255.96,Credit Card
TXN_009335,CUST_0135,STR_006,2025-07-12,738.02,Debit Card
TXN_009336,CUST_0217,STR_019,2025-07-31,1758.02,Debit Card
TXN_009337,CUST_0232,STR_017,2025-06-10,2226.65,Digital Wallet
TXN_009338,CUST_0063,STR_005,2025-11-21,1252.14,Credit Card
TXN_009339,CUST_0354,STR_001,2025-03-10,933.64,Digital Wallet
TXN_009340,CUST_0101,STR_007,2025-09-24,687.46,Credit Card
TXN_009341,CUST_0003,STR_014,2025-05-21,1121.42,Credit Card
TXN_009342,CUST_0142,STR_018,2025-05-26,2488.68,Credit Card
TXN_009343,CUST_0256,STR_011,2025-05-11,546.47,Credit Card
TXN_009344,CUST_0126,STR_013,2025-06-11,1648.37,Credit Card
TXN_009345,CUST_0018,STR_017,2025-06-30,1198.65,Digital Wallet
TXN_009346,CUST_0170,STR_007,2025-03-26,952.5,Debit Card
TXN_009347,CUST_0351,STR_004,2025-03-31,579.68,Credit Card
TXN_009348,CUST_0094,STR_010,2025-09-21,616.09,Digital Wallet
TXN_009349,CUST_0142,STR_013,2025-10-01,5789.5,Cash
TXN_009350,CUST_0422,STR_020,2025-10-06,1962.59,Credit Card
TXN_009351,CUST_0093,STR_016,2025-09-03,1279.83,Credit Card
TXN_009352,CUST_0016,STR_015,2025-07-10,52419.22,Digital Wallet
TXN_009353,CUST_0228,STR_016,2025-09-15,106.73,Credit Card
TXN_009354,CUST_0416,STR_009,2025-10-18,46076.94,Credit Card
TXN_009355,CUST_0433,STR_020,2025-06-21,896.84,Debit Card
TXN_009356,CUST_0422,STR_011,2025-12-03,557.41,Credit Card
TXN_009357,CUST_0185,STR_012,2025-10-04,179.85,Debit Card
TXN_009358,CUST_0282,STR_002,2025-06-05,139.46,Credit Card
TXN_009359,CUST_0015,STR_004,2025-03-28,986.08,Credit Card
TXN_009360,CUST_0335,STR_011,2025-11-06,26445.85,Credit Card
TXN_009361,CUST_0169,STR_005,2025-09-17,3140.1,Credit Card
TXN_009362,CUST_0220,STR_015,2025-06-30,1732.35,Credit Card
TXN_009363,CUST_0327,STR_016,2025-11-22,269.98,Digital Wallet
TXN_009364,CUST_0106,STR_014,2025-01-20,493.6,Credit Card
TXN_009365,CUST_0277,STR_004,2025-07-14,721.91,Debit Card
TXN_009366,CUST_0317,STR_012,2025-02-08,990.04,Credit Card
TXN_009367,CUST_0329,STR_013,2025-07-07,2977.27,Digital Wallet
TXN_009368,CUST_0383,STR_013,2025-08-11,529.53,Debit Card
TXN_009369,CUST_0321,STR_017,2025-08-05,104.39,Credit Card
TXN_009370,CUST_0377,STR_017,2025-03-24,1076.76,Debit Card
TXN_009371,CUST_0482,STR_016,2025-10-20,157.68,Credit Card
TXN_009372,CUST_0155,STR_019,2025-09-30,1497.64,Debit Card
TXN_009373,CUST_0242,STR_003,2025-03-28,588.91,Debit Card
TXN_009374,CUST_0344,STR_015,2025-02-04,21858.8,Digital Wallet
TXN_009375,CUST_0326,STR_019,2025-11-21,1037.63,Credit Card
TXN_009376,CUST_0325,STR_008,2025-09-29,3684.19,Cash
TXN_009377,CUST_0120,STR_018,2025-05-21,1844.8,Credit Card
TXN_009378,CUST_0352,STR_011,2025-01-04,286.73,Credit Card
TXN_009379,CUST_0177,STR_018,2025-03-12,1955.68,Credit Card
TXN_009380,CUST_0368,STR_013,2025-06-25,973.85,Digital Wallet
TXN_009381,CUST_0275,STR_015,2025-01-07,849.79,Credit Card
TXN_009382,CUST_0383,STR_010,2025-11-25,442.53,Credit Card
TXN_009383,CUST_0470,STR_020,2025-10-19,444.41,Credit Card
TXN_009384,CUST_0338,STR_009,2025-10-09,1295.12,Cash
TXN_009385,CUST_0141,STR_001,2025-02-12,1369.08,Cash
TXN_009386,CUST_0433,STR_007,2025-12-27,1354.44,Credit Card
TXN_009387,CUST_0055,STR_013,2025-02-24,178.7,Credit Card
TXN_009388,CUST_0317,STR_015,2025-04-12,46.32,Digital Wallet
TXN_009389,CUST_0262,STR_016,2025-09-16,1685.77,Credit Card
TXN_009390,CUST_0156,STR_019,2025-03-01,313.12,Debit Card
TXN_009391,CUST_0486,STR_005,2025-08-03,2030.64,Credit Card
TXN_009392,CUST_0374,STR_014,2025-02-27,846.49,Credit Card
TXN_009393,CUST_0382,STR_001,2025-10-11,559.06,Credit Card
TXN_009394,CUST_0065,STR_010,2025-12-17,857.68,Cash
TXN_009395,CUST_0302,STR_004,2025-11-26,949.04,Credit Card
TXN_009396,CUST_0352,STR_014,2025-06-21,1477.03,Credit Card
TXN_009397,CUST_0435,STR_007,2025-05-04,308.27,Credit Card
TXN_009398,CUST_0028,STR_017,2025-02-04,2086.18,Digital Wallet
TXN_009399,CUST_0476,STR_009,2025-09-07,1080.78,Credit Card
TXN_009400,CUST_0237,STR_007,2025-04-17,1663.51,Credit Card
TXN_009401,CUST_0252,STR_011,2025-08-28,103.22,Credit Card
TXN_009402,CUST_0482,STR_010,2025-11-15,1041.66,Digital Wallet
TXN_009403,CUST_0156,STR_018,2025-11-20,442.53,Debit Card
TXN_009404,CUST_0102,STR_006,2025-09-11,476.66,Credit Card
TXN_009405,CUST_0112,STR_020,2025-05-27,140.91,Debit Card
TXN_009406,CUST_0490,STR_020,2025-03-29,947.72,Credit Card
TXN_009407,CUST_0475,STR_020,2025-06-14,1223.09,Credit Card
TXN_009408,CUST_0145,STR_011,2025-05-13,199.0,Credit Card
TXN_009409,CUST_0354,STR_006,2025-10-14,1215.51,Debit Card
TXN_009410,CUST_0382,STR_016,2025-10-30,820.08,Credit Card
TXN_009411,CUST_0038,STR_004,2025-09-19,98.06,Credit Card
TXN_009412,CUST_0486,STR_020,2025-08-15,2928.56,Cash
TXN_009413,CUST_0353,STR_009,2025-10-18,464.51,Debit Card
TXN_009414,CUST_0117,STR_008,2025-09-02,172.77,Debit Card
TXN_009415,CUST_0457,STR_006,2025-08-20,995.69,Debit Card
TXN_009416,CUST_0411,STR_011,2025-08-08,1118.12,Debit Card
TXN_009417,CUST_0267,STR_016,2025-09-18,7331.71,Debit Card
TXN_009418,CUST_0180,STR_012,2025-06-26,1365.22,Debit Card
TXN_009419,CUST_0388,STR_011,2025-02-14,687.46,Debit Card
TXN_009420,CUST_0369,STR_003,2025-09-19,1848.86,Credit Card
TXN_009421,CUST_0028,STR_011,2025-12-11,1334.3,Digital Wallet
TXN_009422,CUST_0445,STR_015,2025-10-02,1253.49,Digital Wallet
TXN_009423,CUST_0064,STR_009,2025-01-15,751.87,Debit Card
TXN_009424,CUST_0069,STR_013,2025-06-26,369.01,Debit Card
TXN_009425,CUST_0065,STR_011,2025-10-27,1059.24,Digital Wallet
TXN_009426,CUST_0023,STR_015,2025-07-18,1593.32,Credit Card
TXN_009427,CUST_0190,STR_019,2025-01-17,106.31,Digital Wallet
TXN_009428,CUST_0493,STR_007,2025-06-12,546.47,Credit Card
TXN_009429,CUST_0128,STR_019,2025-07-13,1736.8,Digital Wallet
TXN_009430,CUST_0438,STR_013,2025-11-15,940.7,Credit Card
TXN_009431,CUST_0305,STR_018,2025-10-15,23.16,Credit Card
TXN_009432,CUST_0244,STR_011,2025-10-13,1402.66,Credit Card
TXN_009433,CUST_0139,STR_006,2025-12-31,1609.94,Digital Wallet
TXN_009434,CUST_0453,STR_011,2025-12-14,969.08,Credit Card
TXN_009435,CUST_0231,STR_006,2025-07-09,441.58,Debit Card
TXN_009436,CUST_0040,STR_012,2025-05-02,1059.27,Debit Card
TXN_009437,CUST_0005,STR_002,2025-06-08,1982.7,Debit Card
TXN_009438,CUST_0443,STR_017,2025-05-25,1092.81,Debit Card
TXN_009439,CUST_0425,STR_001,2025-10-25,759.15,Credit Card
TXN_009440,CUST_0303,STR_019,2025-12-15,355.38,Credit Card
TXN_009441,CUST_0092,STR_009,2025-05-08,653.09,Credit Card
TXN_009442,CUST_0259,STR_007,2025-12-29,661.28,Cash
TXN_009443,CUST_0437,STR_018,2025-06-08,622.99,Credit Card
TXN_009444,CUST_0084,STR_007,2025-01-29,811.18,Cash
TXN_009445,CUST_0164,STR_020,2025-07-06,3111.51,Debit Card
TXN_009446,CUST_0328,STR_003,2025-05-12,115.7,Debit Card
TXN_009447,CUST_0177,STR_011,2025-07-16,2396.26,Credit Card
TXN_009448,CUST_0038,STR_015,2025-05-10,229.48,Credit Card
TXN_009449,CUST_0177,STR_003,2025-11-02,2854.69,Credit Card
TXN_009450,CUST_0290,STR_007,2025-06-17,719.4,Debit Card
TXN_009451,CUST_0283,STR_003,2025-11-20,108.2,Credit Card
TXN_009452,CUST_0321,STR_018,2025-04-20,2819.42,Digital Wallet
TXN_009453,CUST_0335,STR_010,2025-09-06,759.05,Credit Card
TXN_009454,CUST_0426,STR_017,2025-01-11,476.25,Debit Card
TXN_009455,CUST_0442,STR_015,2025-01-25,7327.81,Credit Card
TXN_009456,CUST_0172,STR_007,2025-05-22,1552.6,Credit Card
TXN_009457,CUST_0178,STR_012,2025-08-25,2811.61,Credit Card
TXN_009458,CUST_0102,STR_007,2025-12-25,1032.14,Digital Wallet
TXN_009459,CUST_0482,STR_002,2025-03-03,98.21,Digital Wallet
TXN_009460,CUST_0422,STR_020,2025-09-13,484.54,Digital Wallet
TXN_009461,CUST_0349,STR_010,2025-05-14,1653.42,Credit Card
TXN_009462,CUST_0270,STR_020,2025-07-22,23.16,Debit Card
TXN_009463,CUST_0499,STR_014,2025-10-26,98.21,Digital Wallet
TXN_009464,CUST_0487,STR_013,2025-05-26,2162.12,Credit Card
TXN_009465,CUST_0007,STR_011,2025-01-13,292.86,Credit Card
TXN_009466,CUST_0449,STR_007,2025-11-11,638.79,Debit Card
TXN_009467,CUST_0155,STR_009,2025-01-13,297.51,Debit Card
TXN_009468,CUST_0049,STR_012,2025-06-18,643.03,Digital Wallet
TXN_009469,CUST_0099,STR_008,2025-07-25,2713.98,Debit Card
TXN_009470,CUST_0348,STR_012,2025-09-17,1098.6,Credit Card
TXN_009471,CUST_0336,STR_002,2025-01-20,573.78,Debit Card
TXN_009472,CUST_0190,STR_004,2025-05-05,628.22,Debit Card
TXN_009473,CUST_0027,STR_001,2025-10-07,639.75,Credit Card
TXN_009474,CUST_0100,STR_015,2025-05-07,333.31,Credit Card
TXN_009475,CUST_0046,STR_006,2025-05-03,448.89,Debit Card
TXN_009476,CUST_0091,STR_011,2025-11-23,551.82,Credit Card
TXN_009477,CUST_0362,STR_003,2025-08-24,750.34,Credit Card
TXN_009478,CUST_0239,STR_020,2025-07-12,318.58,Debit Card
TXN_009479,CUST_0001,STR_007,2025-06-20,2122.43,Credit Card
TXN_009480,CUST_0165,STR_017,2025-03-04,206.81,Credit Card
TXN_009481,CUST_0107,STR_010,2025-01-02,854.39,Credit Card
TXN_009482,CUST_0435,STR_005,2025-12-24,472.52,Credit Card
TXN_009483,CUST_0399,STR_011,2025-03-15,719.15,Debit Card
TXN_009484,CUST_0119,STR_013,2025-07-09,736.05,Digital Wallet
TXN_009485,CUST_0280,STR_020,2025-01-24,804.71,Debit Card
TXN_009486,CUST_0211,STR_017,2025-03-16,2223.31,Credit Card
TXN_009487,CUST_0028,STR_001,2025-03-29,4037.28,Debit Card
TXN_009488,CUST_0185,STR_020,2025-05-17,2101.89,Debit Card
TXN_009489,CUST_0310,STR_019,2025-11-06,196.4,Cash
TXN_009490,CUST_0262,STR_004,2025-11-04,708.37,Credit Card
TXN_009491,CUST_0396,STR_006,2025-03-02,2687.66,Digital Wallet
TXN_009492,CUST_0229,STR_016,2025-03-05,1119.82,Debit Card
TXN_009493,CUST_0350,STR_015,2025-08-29,1103.64,Debit Card
TXN_009494,CUST_0185,STR_015,2025-05-31,940.7,Digital Wallet
TXN_009495,CUST_0075,STR_018,2025-02-07,379.51,Credit Card
TXN_009496,CUST_0280,STR_017,2025-10-11,2337.41,Debit Card
TXN_009497,CUST_0055,STR_007,2025-04-08,791.36,Credit Card
TXN_009498,CUST_0009,STR_004,2025-04-28,4233.52,Credit Card
TXN_009499,CUST_0242,STR_006,2025-05-03,1520.6,Cash
TXN_009500,CUST_0083,STR_011,2025-11-13,1465.99,Credit Card
TXN_009501,CUST_0135,STR_016,2025-06-20,178.57,Credit Card
TXN_009502,CUST_0376,STR_011,2025-01-23,1944.44,Debit Card
TXN_009503,CUST_0024,STR_005,2025-01-25,1082.87,Credit Card
TXN_009504,CUST_0444,STR_006,2025-02-25,578.95,Credit Card
TXN_009505,CUST_0143,STR_011,2025-05-04,106.73,Cash
TXN_009506,CUST_0343,STR_016,2025-07-20,1173.5,Digital Wallet
TXN_009507,CUST_0023,STR_007,2025-12-27,2050.53,Credit Card
TXN_009508,CUST_0134,STR_016,2025-10-08,3181.97,Credit Card
TXN_009509,CUST_0345,STR_007,2025-07-13,112.35,Credit Card
TXN_009510,CUST_0493,STR_011,2025-03-20,326.43,Credit Card
TXN_009511,CUST_0274,STR_003,2025-08-17,687.46,Debit Card
TXN_009512,CUST_0234,STR_008,2025-02-10,297.46,Debit Card
TXN_009513,CUST_0234,STR_015,2025-08-12,632.48,Credit Card
TXN_009514,CUST_0399,STR_017,2025-01-07,1058.33,Cash
TXN_009515,CUST_0076,STR_019,2025-05-14,1478.23,Credit Card
TXN_009516,CUST_0235,STR_001,2025-01-01,683.47,Credit Card
TXN_009517,CUST_0302,STR_011,2025-09-08,175.79,Credit Card
TXN_009518,CUST_0053,STR_006,2025-08-30,2114.92,Credit Card
TXN_009519,CUST_0484,STR_002,2025-11-28,1029.41,Credit Card
TXN_009520,CUST_0166,STR_006,2025-04-13,789.52,Credit Card
TXN_009521,CUST_0244,STR_009,2025-05-22,726.43,Credit Card
TXN_009522,CUST_0147,STR_007,2025-08-07,134.99,Debit Card
TXN_009523,CUST_0038,STR_019,2025-03-10,745.5,Credit Card
TXN_009524,CUST_0489,STR_004,2025-05-08,562.25,Credit Card
TXN_009525,CUST_0285,STR_009,2025-09-18,1075.32,Debit Card
TXN_009526,CUST_0240,STR_017,2025-10-24,413.48,Digital Wallet
TXN_009527,CUST_0496,STR_002,2025-09-05,1681.63,Credit Card
TXN_009528,CUST_0005,STR_005,2025-11-22,1809.92,Digital Wallet
TXN_009529,CUST_0486,STR_001,2025-01-19,915.51,Debit Card
TXN_009530,CUST_0330,STR_003,2025-04-25,384.94,Debit Card
TXN_009531,CUST_0410,STR_014,2025-06-09,272.39,Credit Card
TXN_009532,CUST_0202,STR_016,2025-04-12,553.88,Cash
TXN_009533,CUST_0272,STR_011,2025-04-07,641.9,Credit Card
TXN_009534,CUST_0390,STR_004,2025-03-26,771.37,Credit Card
TXN_009535,CUST_0080,STR_006,2025-06-27,643.55,Digital Wallet
TXN_009536,CUST_0457,STR_018,2025-01-28,181.86,Digital Wallet
TXN_009537,CUST_0066,STR_005,2025-04-28,23.16,Debit Card
TXN_009538,CUST_0217,STR_018,2025-05-17,306.03,Debit Card
TXN_009539,CUST_0362,STR_004,2025-05-25,995.69,Debit Card
TXN_009540,CUST_0239,STR_010,2025-10-09,120.93,Credit Card
TXN_009541,CUST_0291,STR_016,2025-06-16,2870.28,Digital Wallet
TXN_009542,CUST_0202,STR_015,2025-04-27,355.38,Credit Card
TXN_009543,CUST_0438,STR_008,2025-01-14,4373.89,Debit Card
TXN_009544,CUST_0213,STR_009,2025-01-16,1152.92,Debit Card
TXN_009545,CUST_0211,STR_005,2025-04-30,196.4,Debit Card
TXN_009546,CUST_0398,STR_001,2025-11-14,966.99,Cash
TXN_009547,CUST_0300,STR_004,2025-07-05,442.88,Digital Wallet
TXN_009548,CUST_0309,STR_019,2025-11-13,476.25,Credit Card
TXN_009549,CUST_0373,STR_004,2025-10-09,1334.8,Credit Card
TXN_009550,CUST_0153,STR_011,2025-06-01,1110.88,Credit Card
TXN_009551,CUST_0055,STR_003,2025-01-22,664.72,Credit Card
TXN_009552,CUST_0145,STR_012,2025-06-24,1151.44,Cash
TXN_009553,CUST_0325,STR_003,2025-11-25,1196.84,Credit Card
TXN_009554,CUST_0051,STR_019,2025-08-22,545.58,Cash
TXN_009555,CUST_0397,STR_019,2025-07-14,66.5,Debit Card
TXN_009556,CUST_0210,STR_014,2025-08-30,1386.45,Credit Card
TXN_009557,CUST_0072,STR_006,2025-06-11,862.34,Credit Card
TXN_009558,CUST_0263,STR_012,2025-07-03,3573.21,Credit Card
TXN_009559,CUST_0102,STR_007,2025-09-12,398.47,Debit Card
TXN_009560,CUST_0305,STR_002,2025-09-12,1051.47,Credit Card
TXN_009561,CUST_0167,STR_004,2025-03-14,444.41,Credit Card
TXN_009562,CUST_0052,STR_011,2025-12-26,2802.26,Credit Card
TXN_009563,CUST_0215,STR_011,2025-07-14,684.54,Credit Card
TXN_009564,CUST_0292,STR_015,2025-04-27,210.24,Debit Card
TXN_009565,CUST_0268,STR_018,2025-01-12,3763.8,Credit Card
TXN_009566,CUST_0324,STR_009,2025-05-01,1147.06,Debit Card
TXN_009567,CUST_0424,STR_014,2025-06-05,952.5,Digital Wallet
TXN_009568,CUST_0080,STR_008,2025-02-25,2221.41,Credit Card
TXN_009569,CUST_0086,STR_003,2025-02-02,2082.23,Credit Card
TXN_009570,CUST_0187,STR_009,2025-06-15,498.07,Debit Card
TXN_009571,CUST_0471,STR_005,2025-03-11,1735.99,Debit Card
TXN_009572,CUST_0189,STR_014,2025-07-17,170.86,Cash
TXN_009573,CUST_0083,STR_002,2025-12-15,580.67,Credit Card
TXN_009574,CUST_0310,STR_012,2025-12-11,168.58,Credit Card
TXN_009575,CUST_0161,STR_015,2025-06-19,1034.23,Cash
TXN_009576,CUST_0250,STR_004,2025-04-22,2309.06,Credit Card
TXN_009577,CUST_0352,STR_003,2025-01-20,206.81,Debit Card
TXN_009578,CUST_0093,STR_018,2025-12-18,1178.8,Credit Card
TXN_009579,CUST_0134,STR_003,2025-02-18,1221.08,Credit Card
TXN_009580,CUST_0248,STR_006,2025-06-17,41.69,Debit Card
TXN_009581,CUST_0098,STR_014,2025-07-25,1663.17,Digital Wallet
TXN_009582,CUST_0406,STR_001,2025-10-08,63.26,Credit Card
TXN_009583,CUST_0051,STR_005,2025-05-07,2009.95,Digital Wallet
TXN_009584,CUST_0359,STR_002,2025-09-28,3832.46,Credit Card
TXN_009585,CUST_0042,STR_010,2025-12-10,926.03,Credit Card
TXN_009586,CUST_0039,STR_005,2025-07-01,559.06,Debit Card
TXN_009587,CUST_0147,STR_005,2025-11-30,5983.21,Credit Card
TXN_009588,CUST_0143,STR_017,2025-07-25,1722.32,Credit Card
TXN_009589,CUST_0142,STR_013,2025-11-07,218.73,Credit Card
TXN_009590,CUST_0087,STR_001,2025-02-06,1194.06,Digital Wallet
TXN_009591,CUST_0176,STR_016,2025-07-27,578.95,Digital Wallet
TXN_009592,CUST_0201,STR_010,2025-12-17,900.05,Credit Card
TXN_009593,CUST_0031,STR_008,2025-02-08,1387.97,Credit Card
TXN_009594,CUST_0471,STR_016,2025-06-21,2262.98,Credit Card
TXN_009595,CUST_0446,STR_006,2025-01-24,993.8,Credit Card
TXN_009596,CUST_0193,STR_001,2025-05-19,1131.36,Digital Wallet
TXN_009597,CUST_0148,STR_015,2025-09-02,2063.53,Debit Card
TXN_009598,CUST_0054,STR_012,2025-04-28,573.88,Debit Card
TXN_009599,CUST_0210,STR_009,2025-12-21,661.28,Digital Wallet
TXN_009600,CUST_0327,STR_011,2025-08-26,134.99,Credit Card
TXN_009601,CUST_0335,STR_012,2025-01-24,332.92,Debit Card
TXN_009602,CUST_0250,STR_019,2025-09-27,496.06,Debit Card
TXN_009603,CUST_0202,STR_020,2025-06-10,898.64,Credit Card
TXN_009604,CUST_0490,STR_011,2025-01-12,476.25,Credit Card
TXN_009605,CUST_0369,STR_015,2025-07-23,1936.41,Credit Card
TXN_009606,CUST_0423,STR_006,2025-10-08,2541.17,Credit Card
TXN_009607,CUST_0317,STR_012,2025-12-04,578.95,Digital Wallet
TXN_009608,CUST_0303,STR_009,2025-02-18,2062.02,Credit Card
TXN_009609,CUST_0396,STR_003,2025-05-25,551.04,Credit Card
TXN_009610,CUST_0020,STR_001,2025-07-20,590.0,Debit Card
TXN_009611,CUST_0249,STR_006,2025-09-02,148.33,Credit Card
TXN_009612,CUST_0023,STR_015,2025-07-23,481.03,Credit Card
TXN_009613,CUST_0273,STR_014,2025-04-17,1509.31,Digital Wallet
TXN_009614,CUST_0485,STR_014,2025-08-04,444.41,Debit Card
TXN_009615,CUST_0302,STR_014,2025-10-09,1030.34,Credit Card
TXN_009616,CUST_0214,STR_005,2025-11-19,918.74,Debit Card
TXN_009617,CUST_0111,STR_013,2025-06-12,54.54,Debit Card
TXN_009618,CUST_0134,STR_014,2025-07-24,1308.68,Credit Card
TXN_009619,CUST_0181,STR_015,2025-05-31,1500.5,Credit Card
TXN_009620,CUST_0083,STR_014,2025-10-18,1308.68,Digital Wallet
TXN_009621,CUST_0468,STR_005,2025-07-12,210.37,Credit Card
TXN_009622,CUST_0252,STR_018,2025-11-20,495.02,Credit Card
TXN_009623,CUST_0453,STR_005,2025-03-10,476.66,Credit Card
TXN_009624,CUST_0011,STR_011,2025-11-06,66.5,Cash
TXN_009625,CUST_0210,STR_001,2025-04-05,150.0,Digital Wallet
TXN_009626,CUST_0159,STR_007,2025-11-05,1048.56,Debit Card
TXN_009627,CUST_0280,STR_016,2025-09-03,995.69,Credit Card
TXN_009628,CUST_0177,STR_018,2025-11-11,802.9,Digital Wallet
TXN_009629,CUST_0391,STR_006,2025-05-01,570.49,Credit Card
TXN_009630,CUST_0266,STR_018,2025-11-27,529.62,Credit Card
TXN_009631,CUST_0262,STR_014,2025-11-25,586.75,Credit Card
TXN_009632,CUST_0014,STR_019,2025-01-13,583.18,Digital Wallet
TXN_009633,CUST_0055,STR_001,2025-09-10,63.65,Credit Card
TXN_009634,CUST_0457,STR_003,2025-10-14,20196.49,Debit Card
TXN_009635,CUST_0269,STR_001,2025-12-31,1183.32,Debit Card
TXN_009636,CUST_0311,STR_015,2025-04-01,961.06,Credit Card
TXN_009637,CUST_0069,STR_001,2025-12-19,292.86,Debit Card
TXN_009638,CUST_0409,STR_003,2025-04-09,313.17,Debit Card
TXN_009639,CUST_0269,STR_011,2025-09-23,1218.88,Credit Card
TXN_009640,CUST_0145,STR_008,2025-11-13,1545.68,Credit Card
TXN_009641,CUST_0287,STR_004,2025-11-22,2098.51,Credit Card
TXN_009642,CUST_0388,STR_019,2025-01-24,1860.42,Credit Card
TXN_009643,CUST_0478,STR_003,2025-05-02,224.11,Digital Wallet
TXN_009644,CUST_0162,STR_007,2025-11-18,620.22,Credit Card
TXN_009645,CUST_0167,STR_015,2025-03-30,655.78,Credit Card
TXN_009646,CUST_0120,STR_019,2025-01-21,1634.27,Debit Card
TXN_009647,CUST_0343,STR_019,2025-12-07,181.86,Credit Card
TXN_009648,CUST_0337,STR_016,2025-09-07,708.37,Credit Card
TXN_009649,CUST_0467,STR_012,2025-08-14,854.39,Credit Card
TXN_009650,CUST_0090,STR_011,2025-06-08,103.22,Digital Wallet
TXN_009651,CUST_0447,STR_003,2025-01-10,2103.15,Digital Wallet
TXN_009652,CUST_0196,STR_017,2025-12-22,1896.25,Credit Card
TXN_009653,CUST_0064,STR_013,2025-09-12,181.86,Digital Wallet
TXN_009654,CUST_0381,STR_004,2025-03-09,1780.37,Credit Card
TXN_009655,CUST_0081,STR_003,2025-07-10,178.57,Debit Card
TXN_009656,CUST_0070,STR_017,2025-11-02,3275.04,Credit Card
TXN_009657,CUST_0486,STR_017,2025-01-08,945.04,Debit Card
TXN_009658,CUST_0488,STR_005,2025-06-02,604.08,Cash
TXN_009659,CUST_0336,STR_018,2025-06-22,1489.91,Digital Wallet
TXN_009660,CUST_0409,STR_007,2025-07-16,2234.72,Credit Card
TXN_009661,CUST_0128,STR_012,2025-11-24,626.24,Debit Card
TXN_009662,CUST_0409,STR_018,2025-03-28,286.73,Credit Card
TXN_009663,CUST_0112,STR_016,2025-02-02,169.64,Credit Card
TXN_009664,CUST_0177,STR_011,2025-01-05,2741.1,Debit Card
TXN_009665,CUST_0149,STR_002,2025-09-25,2325.97,Credit Card
TXN_009666,CUST_0428,STR_014,2025-01-29,2804.57,Credit Card
TXN_009667,CUST_0043,STR_003,2025-05-30,2752.16,Credit Card
TXN_009668,CUST_0188,STR_005,2025-12-08,362.7,Credit Card
TXN_009669,CUST_0319,STR_009,2025-02-13,1775.12,Debit Card
TXN_009670,CUST_0349,STR_015,2025-04-13,395.85,Debit Card
TXN_009671,CUST_0063,STR_010,2025-05-01,2118.84,Debit Card
TXN_009672,CUST_0287,STR_004,2025-07-29,573.88,Digital Wallet
TXN_009673,CUST_0325,STR_004,2025-12-11,2278.46,Credit Card
TXN_009674,CUST_0330,STR_017,2025-07-26,21642.12,Credit Card
TXN_009675,CUST_0011,STR_020,2025-08-09,18262.78,Digital Wallet
TXN_009676,CUST_0008,STR_002,2025-07-04,706.28,Digital Wallet
TXN_009677,CUST_0374,STR_006,2025-03-09,1949.16,Debit Card
TXN_009678,CUST_0141,STR_006,2025-09-20,1681.19,Debit Card
TXN_009679,CUST_0291,STR_004,2025-12-28,2800.92,Digital Wallet
TXN_009680,CUST_0087,STR_013,2025-05-09,372.26,Credit Card
TXN_009681,CUST_0216,STR_004,2025-11-10,628.22,Digital Wallet
TXN_009682,CUST_0443,STR_008,2025-01-26,6529.79,Credit Card
TXN_009683,CUST_0164,STR_006,2025-12-19,287.04,Debit Card
TXN_009684,CUST_0379,STR_009,2025-11-03,1118.12,Credit Card
TXN_009685,CUST_0205,STR_006,2025-12-23,1097.92,Credit Card
TXN_009686,CUST_0225,STR_013,2025-10-02,1652.69,Credit Card
TXN_009687,CUST_0043,STR_005,2025-05-08,551.82,Credit Card
TXN_009688,CUST_0074,STR_009,2025-12-22,1374.92,Credit Card
TXN_009689,CUST_0238,STR_013,2025-05-14,1109.77,Credit Card
TXN_009690,CUST_0376,STR_017,2025-03-11,205.36,Digital Wallet
TXN_009691,CUST_0171,STR_013,2025-08-30,809.62,Credit Card
TXN_009692,CUST_0228,STR_013,2025-07-27,1418.4,Credit Card
TXN_009693,CUST_0279,STR_009,2025-01-12,856.28,Credit Card
TXN_009694,CUST_0253,STR_012,2025-04-02,950.08,Credit Card
TXN_009695,CUST_0384,STR_006,2025-05-25,486.52,Credit Card
TXN_009696,CUST_0067,STR_015,2025-10-16,1178.17,Credit Card
TXN_009697,CUST_0470,STR_014,2025-07-10,57.46,Credit Card
TXN_009698,CUST_0122,STR_018,2025-01-11,862.68,Digital Wallet
TXN_009699,CUST_0395,STR_003,2025-12-20,1037.63,Debit Card
TXN_009700,CUST_0018,STR_001,2025-09-06,3405.47,Digital Wallet
TXN_009701,CUST_0306,STR_020,2025-09-27,1194.05,Credit Card
TXN_009702,CUST_0012,STR_005,2025-05-17,1286.06,Credit Card
TXN_009703,CUST_0272,STR_019,2025-01-17,625.76,Credit Card
TXN_009704,CUST_0496,STR_004,2025-10-13,721.91,Credit Card
TXN_009705,CUST_0185,STR_018,2025-09-10,413.87,Credit Card
TXN_009706,CUST_0482,STR_009,2025-04-02,1127.93,Debit Card
TXN_009707,CUST_0402,STR_017,2025-08-25,472.52,Credit Card
TXN_009708,CUST_0151,STR_012,2025-07-19,144.04,Credit Card
TXN_009709,CUST_0267,STR_015,2025-07-26,391.92,Credit Card
TXN_009710,CUST_0345,STR_012,2025-10-29,121.79,Credit Card
TXN_009711,CUST_0489,STR_013,2025-06-30,551.04,Credit Card
TXN_009712,CUST_0136,STR_009,2025-07-03,1117.25,Credit Card
TXN_009713,CUST_0061,STR_018,2025-07-10,681.91,Debit Card
TXN_009714,CUST_0020,STR_017,2025-04-18,990.04,Digital Wallet
TXN_009715,CUST_0454,STR_002,2025-10-07,450.77,Credit Card
TXN_009716,CUST_0414,STR_015,2025-02-06,1205.46,Cash
TXN_009717,CUST_0050,STR_009,2025-03-31,690.11,Debit Card
TXN_009718,CUST_0315,STR_002,2025-04-01,1222.26,Credit Card
TXN_009719,CUST_0412,STR_016,2025-11-17,184.8,Credit Card
TXN_009720,CUST_0499,STR_002,2025-10-01,940.7,Credit Card
TXN_009721,CUST_0096,STR_018,2025-04-08,524.28,Debit Card
TXN_009722,CUST_0492,STR_004,2025-03-09,846.49,Credit Card
TXN_009723,CUST_0257,STR_017,2025-04-20,1733.15,Credit Card
TXN_009724,CUST_0480,STR_009,2025-02-22,520.83,Credit Card
TXN_009725,CUST_0085,STR_010,2025-03-25,1023.36,Digital Wallet
TXN_009726,CUST_0399,STR_010,2025-03-19,199.73,Debit Card
TXN_009727,CUST_0476,STR_015,2025-10-24,738.02,Credit Card
TXN_009728,CUST_0240,STR_011,2025-09-01,551.82,Digital Wallet
TXN_009729,CUST_0197,STR_019,2025-01-14,205.33,Digital Wallet
TXN_009730,CUST_0322,STR_010,2025-04-13,1329.13,Credit Card
TXN_009731,CUST_0148,STR_009,2025-09-25,885.06,Debit Card
TXN_009732,CUST_0294,STR_010,2025-09-30,524.05,Cash
TXN_009733,CUST_0184,STR_008,2025-05-07,63.0,Credit Card
TXN_009734,CUST_0184,STR_017,2025-06-19,1141.52,Credit Card
TXN_009735,CUST_0059,STR_014,2025-08-15,2591.23,Credit Card
TXN_009736,CUST_0437,STR_010,2025-12-27,75.81,Credit Card
TXN_009737,CUST_0250,STR_005,2025-05-02,935.39,Debit Card
TXN_009738,CUST_0175,STR_017,2025-05-16,1901.21,Digital Wallet
TXN_009739,CUST_0360,STR_009,2025-04-27,1759.98,Credit Card
TXN_009740,CUST_0176,STR_017,2025-05-30,4054.35,Credit Card
TXN_009741,CUST_0182,STR_008,2025-01-18,1117.26,Credit Card
TXN_009742,CUST_0380,STR_003,2025-08-09,365.37,Credit Card
TXN_009743,CUST_0336,STR_015,2025-07-20,175.79,Debit Card
TXN_009744,CUST_0167,STR_003,2025-02-21,3330.76,Credit Card
TXN_009745,CUST_0373,STR_018,2025-07-10,949.04,Credit Card
TXN_009746,CUST_0401,STR_001,2025-11-08,531.11,Debit Card
TXN_009747,CUST_0327,STR_006,2025-12-31,25.86,Debit Card
TXN_009748,CUST_0226,STR_018,2025-03-05,198.34,Credit Card
TXN_009749,CUST_0138,STR_017,2025-01-05,2904.51,Credit Card
TXN_009750,CUST_0026,STR_013,2025-02-23,1317.71,Cash
TXN_009751,CUST_0252,STR_020,2025-11-07,1868.97,Digital Wallet
TXN_009752,CUST_0085,STR_007,2025-02-04,513.55,Credit Card
TXN_009753,CUST_0032,STR_017,2025-08-17,316.58,Credit Card
TXN_009754,CUST_0446,STR_014,2025-01-30,1627.48,Debit Card
TXN_009755,CUST_0488,STR_008,2025-02-04,334.13,Debit Card
TXN_009756,CUST_0055,STR_016,2025-10-07,808.02,Credit Card
TXN_009757,CUST_0161,STR_008,2025-05-06,220.31,Credit Card
TXN_009758,CUST_0430,STR_002,2025-03-07,442.53,Credit Card
TXN_009759,CUST_0027,STR_019,2025-04-04,2749.84,Credit Card
TXN_009760,CUST_0338,STR_007,2025-06-13,1076.76,Credit Card
TXN_009761,CUST_0112,STR_014,2025-03-23,221.44,Credit Card
TXN_009762,CUST_0055,STR_014,2025-12-06,1067.89,Digital Wallet
TXN_009763,CUST_0341,STR_013,2025-02-08,1038.29,Credit Card
TXN_009764,CUST_0252,STR_014,2025-09-01,303.34,Debit Card
TXN_009765,CUST_0013,STR_020,2025-08-16,1039.79,Credit Card
TXN_009766,CUST_0489,STR_016,2025-09-01,706.28,Credit Card
TXN_009767,CUST_0266,STR_012,2025-05-09,2925.18,Debit Card
TXN_009768,CUST_0485,STR_019,2025-09-10,655.78,Debit Card
TXN_009769,CUST_0100,STR_014,2025-04-08,412.36,Credit Card
TXN_009770,CUST_0220,STR_013,2025-08-23,639.68,Credit Card
TXN_009771,CUST_0105,STR_016,2025-07-07,313.12,Digital Wallet
TXN_009772,CUST_0002,STR_015,2025-01-23,586.75,Credit Card
TXN_009773,CUST_0093,STR_006,2025-10-22,476.25,Debit Card
TXN_009774,CUST_0012,STR_013,2025-09-27,1051.97,Credit Card
TXN_009775,CUST_0365,STR_009,2025-12-09,1754.96,Credit Card
TXN_009776,CUST_0397,STR_017,2025-05-11,1205.24,Credit Card
TXN_009777,CUST_0494,STR_018,2025-08-18,1181.44,Digital Wallet
TXN_009778,CUST_0398,STR_015,2025-11-14,684.54,Debit Card
TXN_009779,CUST_0161,STR_017,2025-12-28,1507.76,Credit Card
TXN_009780,CUST_0466,STR_016,2025-02-10,114.74,Digital Wallet
TXN_009781,CUST_0267,STR_004,2025-04-08,899.94,Debit Card
TXN_009782,CUST_0134,STR_018,2025-09-22,544.29,Credit Card
TXN_009783,CUST_0463,STR_006,2025-04-06,661.28,Debit Card
TXN_009784,CUST_0045,STR_011,2025-07-21,1221.9,Credit Card
TXN_009785,CUST_0465,STR_009,2025-07-01,177.45,Credit Card
TXN_009786,CUST_0044,STR_020,2025-02-08,654.34,Credit Card
TXN_009787,CUST_0144,STR_018,2025-10-07,1344.2,Credit Card
TXN_009788,CUST_0249,STR_002,2025-02-20,1130.81,Credit Card
TXN_009789,CUST_0056,STR_017,2025-06-01,206.81,Debit Card
TXN_009790,CUST_0339,STR_005,2025-04-19,398.59,Debit Card
TXN_009791,CUST_0360,STR_004,2025-02-21,1222.4,Credit Card
TXN_009792,CUST_0303,STR_015,2025-10-27,308.27,Credit Card
TXN_009793,CUST_0102,STR_010,2025-04-19,206.81,Credit Card
TXN_009794,CUST_0373,STR_002,2025-01-29,112.35,Debit Card
TXN_009795,CUST_0207,STR_003,2025-04-06,710.46,Credit Card
TXN_009796,CUST_0129,STR_005,2025-04-15,844.2,Digital Wallet
TXN_009797,CUST_0406,STR_008,2025-11-05,546.47,Credit Card
TXN_009798,CUST_0361,STR_007,2025-11-25,824.72,Credit Card
TXN_009799,CUST_0350,STR_006,2025-01-16,470.84,Credit Card
TXN_009800,CUST_0472,STR_001,2025-06-22,1732.44,Debit Card
TXN_009801,CUST_0455,STR_013,2025-12-13,531.11,Cash
TXN_009802,CUST_0408,STR_009,2025-06-18,726.43,Credit Card
TXN_009803,CUST_0186,STR_010,2025-01-18,710.76,Credit Card
TXN_009804,CUST_0105,STR_005,2025-09-20,1067.65,Credit Card
TXN_009805,CUST_0173,STR_017,2025-10-29,2076.55,Credit Card
TXN_009806,CUST_0305,STR_005,2025-09-15,726.43,Credit Card
TXN_009807,CUST_0270,STR_011,2025-03-03,362.9,Credit Card
TXN_009808,CUST_0335,STR_017,2025-12-28,2280.91,Credit Card
TXN_009809,CUST_0078,STR_015,2025-06-20,2193.15,Credit Card
TXN_009810,CUST_0289,STR_007,2025-06-06,903.47,Debit Card
TXN_009811,CUST_0098,STR_020,2025-03-30,708.37,Credit Card
TXN_009812,CUST_0220,STR_004,2025-03-10,1140.52,Digital Wallet
TXN_009813,CUST_0445,STR_010,2025-05-26,439.16,Credit Card
TXN_009814,CUST_0234,STR_016,2025-10-26,212.09,Digital Wallet
TXN_009815,CUST_0387,STR_011,2025-08-24,654.34,Digital Wallet
TXN_009816,CUST_0023,STR_014,2025-05-14,727.93,Credit Card
TXN_009817,CUST_0003,STR_003,2025-08-19,885.06,Credit Card
TXN_009818,CUST_0125,STR_016,2025-07-23,1852.33,Credit Card
TXN_009819,CUST_0137,STR_007,2025-10-13,538.38,Credit Card
TXN_009820,CUST_0007,STR_001,2025-10-04,179.85,Debit Card
TXN_009821,CUST_0102,STR_004,2025-10-11,24.42,Credit Card
TXN_009822,CUST_0269,STR_016,2025-10-16,1519.25,Debit Card
TXN_009823,CUST_0440,STR_006,2025-12-18,2261.71,Digital Wallet
TXN_009824,CUST_0034,STR_019,2025-01-21,927.86,Credit Card
TXN_009825,CUST_0076,STR_007,2025-01-01,579.52,Debit Card
TXN_009826,CUST_0192,STR_005,2025-11-21,466.1,Credit Card
TXN_009827,CUST_0481,STR_018,2025-07-16,1072.2,Credit Card
TXN_009828,CUST_0299,STR_011,2025-04-08,1600.98,Credit Card
TXN_009829,CUST_0432,STR_001,2025-11-19,106.31,Credit Card
TXN_009830,CUST_0413,STR_005,2025-07-07,774.37,Credit Card
TXN_009831,CUST_0116,STR_011,2025-10-09,970.77,Credit Card
TXN_009832,CUST_0466,STR_001,2025-11-21,1192.18,Debit Card
TXN_009833,CUST_0491,STR_004,2025-04-19,4596.12,Cash
TXN_009834,CUST_0248,STR_017,2025-10-23,963.0,Debit Card
TXN_009835,CUST_0413,STR_014,2025-12-14,357.19,Debit Card
TXN_009836,CUST_0137,STR_017,2025-05-04,535.71,Credit Card
TXN_009837,CUST_0023,STR_008,2025-03-18,379.89,Debit Card
TXN_009838,CUST_0425,STR_012,2025-06-08,1653.12,Credit Card
TXN_009839,CUST_0388,STR_007,2025-03-18,1326.75,Debit Card
TXN_009840,CUST_0012,STR_016,2025-06-03,448.22,Credit Card
TXN_009841,CUST_0470,STR_014,2025-10-10,261.58,Debit Card
TXN_009842,CUST_0292,STR_006,2025-10-26,2894.09,Credit Card
TXN_009843,CUST_0493,STR_002,2025-01-08,1152.82,Credit Card
TXN_009844,CUST_0047,STR_015,2025-09-15,554.2,Credit Card
TXN_009845,CUST_0221,STR_015,2025-12-16,272.92,Debit Card
TXN_009846,CUST_0392,STR_009,2025-01-30,208.78,Debit Card
TXN_009847,CUST_0157,STR_007,2025-06-02,706.28,Credit Card
TXN_009848,CUST_0159,STR_017,2025-05-20,2752.22,Digital Wallet
TXN_009849,CUST_0459,STR_020,2025-03-02,1692.18,Credit Card
TXN_009850,CUST_0096,STR_018,2025-10-07,520.83,Credit Card
TXN_009851,CUST_0114,STR_004,2025-07-28,497.85,Digital Wallet
TXN_009852,CUST_0049,STR_016,2025-01-20,172.77,Credit Card
TXN_009853,CUST_0484,STR_002,2025-11-16,123.2,Debit Card
TXN_009854,CUST_0062,STR_016,2025-04-25,1109.06,Credit Card
TXN_009855,CUST_0027,STR_020,2025-09-04,209.72,Digital Wallet
TXN_009856,CUST_0190,STR_017,2025-02-03,2306.09,Debit Card
TXN_009857,CUST_0100,STR_008,2025-12-24,1326.66,Debit Card
TXN_009858,CUST_0198,STR_011,2025-12-12,420.74,Digital Wallet
TXN_009859,CUST_0336,STR_013,2025-08-29,2236.24,Debit Card
TXN_009860,CUST_0418,STR_007,2025-03-09,2936.77,Credit Card
TXN_009861,CUST_0454,STR_004,2025-05-30,442.88,Credit Card
TXN_009862,CUST_0356,STR_019,2025-01-01,835.22,Digital Wallet
TXN_009863,CUST_0197,STR_015,2025-08-31,1216.46,Debit Card
TXN_009864,CUST_0390,STR_003,2025-10-08,292.86,Debit Card
TXN_009865,CUST_0423,STR_014,2025-03-26,2471.23,Debit Card
TXN_009866,CUST_0049,STR_010,2025-04-10,1621.74,Credit Card
TXN_009867,CUST_0368,STR_008,2025-03-29,106.31,Debit Card
TXN_009868,CUST_0042,STR_010,2025-03-16,112.35,Credit Card
TXN_009869,CUST_0151,STR_009,2025-07-15,1063.49,Debit Card
TXN_009870,CUST_0050,STR_002,2025-02-14,428.82,Credit Card
TXN_009871,CUST_0029,STR_004,2025-05-08,38763.36,Credit Card
TXN_009872,CUST_0008,STR_002,2025-02-04,66.5,Debit Card
TXN_009873,CUST_0170,STR_007,2025-02-23,501.05,Credit Card
TXN_009874,CUST_0470,STR_011,2025-04-16,617.53,Credit Card
TXN_009875,CUST_0180,STR_014,2025-06-10,3611.72,Credit Card
TXN_009876,CUST_0165,STR_018,2025-03-07,523.16,Debit Card
TXN_009877,CUST_0304,STR_017,2025-04-25,2664.53,Digital Wallet
TXN_009878,CUST_0157,STR_017,2025-10-22,706.98,Credit Card
TXN_009879,CUST_0325,STR_015,2025-10-26,205.33,Credit Card
TXN_009880,CUST_0006,STR_013,2025-04-16,924.58,Credit Card
TXN_009881,CUST_0198,STR_003,2025-05-07,1453.55,Cash
TXN_009882,CUST_0147,STR_010,2025-03-27,1533.95,Cash
TXN_009883,CUST_0404,STR_012,2025-01-26,628.22,Cash
TXN_009884,CUST_0181,STR_007,2025-04-24,1878.17,Debit Card
TXN_009885,CUST_0408,STR_010,2025-10-21,710.76,Credit Card
TXN_009886,CUST_0142,STR_004,2025-04-01,1864.4,Digital Wallet
TXN_009887,CUST_0398,STR_003,2025-12-17,199.3,Digital Wallet
TXN_009888,CUST_0493,STR_011,2025-08-28,2675.94,Debit Card
TXN_009889,CUST_0248,STR_001,2025-07-14,516.39,Credit Card
TXN_009890,CUST_0088,STR_010,2025-12-22,758.37,Credit Card
TXN_009891,CUST_0383,STR_005,2025-08-09,636.73,Credit Card
TXN_009892,CUST_0483,STR_007,2025-08-15,721.91,Digital Wallet
TXN_009893,CUST_0229,STR_006,2025-06-24,776.86,Debit Card
TXN_009894,CUST_0042,STR_012,2025-03-09,766.13,Digital Wallet
TXN_009895,CUST_0148,STR_015,2025-07-12,2041.3,Digital Wallet
TXN_009896,CUST_0111,STR_013,2025-12-24,546.47,Cash
TXN_009897,CUST_0005,STR_006,2025-07-20,2877.3,Credit Card
TXN_009898,CUST_0129,STR_006,2025-01-04,133.5,Credit Card
TXN_009899,CUST_0454,STR_001,2025-12-30,1848.96,Debit Card
TXN_009900,CUST_0276,STR_020,2025-10-04,53.77,Debit Card
TXN_009901,CUST_0101,STR_011,2025-04-19,1311.56,Credit Card
TXN_009902,CUST_0484,STR_007,2025-07-04,984.17,Cash
TXN_009903,CUST_0438,STR_012,2025-07-07,1062.3,Credit Card
TXN_009904,CUST_0241,STR_011,2025-04-29,783.84,Debit Card
TXN_009905,CUST_0156,STR_013,2025-03-19,2541.02,Credit Card
TXN_009906,CUST_0125,STR_008,2025-03-03,333.13,Credit Card
TXN_009907,CUST_0216,STR_013,2025-07-17,41879.04,Credit Card
TXN_009908,CUST_0133,STR_019,2025-05-01,281.62,Credit Card
TXN_009909,CUST_0008,STR_008,2025-05-13,178.57,Credit Card
TXN_009910,CUST_0236,STR_004,2025-02-07,1261.57,Credit Card
TXN_009911,CUST_0140,STR_004,2025-01-23,867.17,Debit Card
TXN_009912,CUST_0424,STR_005,2025-08-30,642.62,Debit Card
TXN_009913,CUST_0095,STR_007,2025-02-17,188.22,Digital Wallet
TXN_009914,CUST_0119,STR_009,2025-11-30,324.66,Credit Card
TXN_009915,CUST_0222,STR_010,2025-02-08,306.03,Digital Wallet
TXN_009916,CUST_0205,STR_004,2025-07-31,1403.65,Debit Card
TXN_009917,CUST_0342,STR_015,2025-02-25,356.98,Credit Card
TXN_009918,CUST_0398,STR_016,2025-01-09,1441.14,Debit Card
TXN_009919,CUST_0409,STR_007,2025-05-30,610.88,Debit Card
TXN_009920,CUST_0484,STR_004,2025-12-23,604.08,Debit Card
TXN_009921,CUST_0177,STR_014,2025-08-20,177.45,Credit Card
TXN_009922,CUST_0311,STR_012,2025-05-20,199.23,Debit Card
TXN_009923,CUST_0197,STR_015,2025-08-24,1627.48,Credit Card
TXN_009924,CUST_0272,STR_016,2025-11-22,706.28,Debit Card
TXN_009925,CUST_0395,STR_011,2025-09-26,721.91,Credit Card
TXN_009926,CUST_0278,STR_012,2025-10-06,2202.58,Credit Card
TXN_009927,CUST_0449,STR_006,2025-09-08,4387.59,Credit Card
TXN_009928,CUST_0253,STR_005,2025-04-17,4257.78,Digital Wallet
TXN_009929,CUST_0440,STR_004,2025-04-15,5286.88,Credit Card
TXN_009930,CUST_0232,STR_020,2025-08-26,2483.19,Credit Card
TXN_009931,CUST_0172,STR_014,2025-09-29,8848.4,Credit Card
TXN_009932,CUST_0288,STR_008,2025-09-16,529.34,Credit Card
TXN_009933,CUST_0374,STR_016,2025-07-28,1552.45,Credit Card
TXN_009934,CUST_0007,STR_006,2025-09-11,602.0,Credit Card
TXN_009935,CUST_0074,STR_010,2025-09-15,209.72,Credit Card
TXN_009936,CUST_0371,STR_006,2025-03-25,1224.84,Credit Card
TXN_009937,CUST_0479,STR_008,2025-03-17,2491.78,Credit Card
TXN_009938,CUST_0148,STR_014,2025-03-07,1197.92,Credit Card
TXN_009939,CUST_0014,STR_012,2025-09-30,25394.89,Credit Card
TXN_009940,CUST_0259,STR_018,2025-08-22,306.03,Digital Wallet
TXN_009941,CUST_0473,STR_018,2025-06-09,632.34,Credit Card
TXN_009942,CUST_0468,STR_004,2025-06-17,448.89,Credit Card
TXN_009943,CUST_0082,STR_017,2025-12-05,1203.6,Debit Card
TXN_009944,CUST_0231,STR_001,2025-09-16,75.81,Debit Card
TXN_009945,CUST_0327,STR_006,2025-08-03,1206.37,Credit Card
TXN_009946,CUST_0070,STR_017,2025-08-13,856.75,Debit Card
TXN_009947,CUST_0344,STR_002,2025-03-04,54.48,Debit Card
TXN_009948,CUST_0420,STR_015,2025-04-08,178.85,Credit Card
TXN_009949,CUST_0144,STR_007,2025-08-23,1156.67,Cash
TXN_009950,CUST_0098,STR_004,2025-02-19,456.98,Credit Card
TXN_009951,CUST_0403,STR_014,2025-04-11,253.04,Digital Wallet
TXN_009952,CUST_0189,STR_006,2025-07-11,1324.27,Digital Wallet
TXN_009953,CUST_0486,STR_019,2025-10-25,603.47,Cash
TXN_009954,CUST_0175,STR_003,2025-07-02,495.02,Credit Card
TXN_009955,CUST_0490,STR_005,2025-02-24,510.18,Credit Card
TXN_009956,CUST_0322,STR_005,2025-02-18,313.17,Credit Card
TXN_009957,CUST_0314,STR_008,2025-02-03,650.91,Credit Card
TXN_009958,CUST_0306,STR_007,2025-10-26,2877.17,Credit Card
TXN_009959,CUST_0196,STR_009,2025-12-12,83.48,Debit Card
TXN_009960,CUST_0040,STR_005,2025-01-03,582.64,Digital Wallet
TXN_009961,CUST_0351,STR_007,2025-04-02,1030.29,Debit Card
TXN_009962,CUST_0380,STR_018,2025-10-01,561.81,Digital Wallet
TXN_009963,CUST_0491,STR_004,2025-12-30,1435.33,Cash
TXN_009964,CUST_0323,STR_001,2025-11-15,1293.08,Debit Card
TXN_009965,CUST_0379,STR_009,2025-01-14,2812.09,Debit Card
TXN_009966,CUST_0051,STR_017,2025-11-01,24159.45,Credit Card
TXN_009967,CUST_0425,STR_014,2025-06-28,263.09,Debit Card
TXN_009968,CUST_0421,STR_017,2025-04-22,1251.62,Credit Card
TXN_009969,CUST_0331,STR_002,2025-05-01,196.42,Credit Card
TXN_009970,CUST_0297,STR_004,2025-11-04,212.9,Digital Wallet
TXN_009971,CUST_0331,STR_011,2025-06-14,106.31,Debit Card
TXN_009972,CUST_0189,STR_007,2025-01-08,1524.31,Credit Card
TXN_009973,CUST_0233,STR_014,2025-02-14,444.41,Debit Card
TXN_009974,CUST_0048,STR_011,2025-03-29,2587.42,Credit Card
TXN_009975,CUST_0368,STR_018,2025-03-13,464.5,Credit Card
TXN_009976,CUST_0076,STR_005,2025-01-03,254.69,Digital Wallet
TXN_009977,CUST_0262,STR_013,2025-12-13,269.98,Credit Card
TXN_009978,CUST_0237,STR_001,2025-02-15,2181.17,Digital Wallet
TXN_009979,CUST_0348,STR_013,2025-07-13,63.65,Cash
TXN_009980,CUST_0398,STR_010,2025-04-13,363.72,Credit Card
TXN_009981,CUST_0051,STR_001,2025-12-06,644.38,Credit Card
TXN_009982,CUST_0348,STR_011,2025-04-10,1344.17,Credit Card
TXN_009983,CUST_0328,STR_014,2025-08-03,2349.76,Debit Card
TXN_009984,CUST_0291,STR_001,2025-09-13,212.24,Debit Card
TXN_009985,CUST_0164,STR_019,2025-02-14,464.5,Debit Card
TXN_009986,CUST_0207,STR_014,2025-09-11,442.53,Cash
TXN_009987,CUST_0476,STR_019,2025-04-29,1083.73,Credit Card
TXN_009988,CUST_0454,STR_001,2025-10-29,865.87,Debit Card
TXN_009989,CUST_0001,STR_001,2025-10-15,1950.94,Credit Card
TXN_009990,CUST_0245,STR_012,2025-06-17,274.25,Debit Card
TXN_009991,CUST_0243,STR_018,2025-03-15,783.84,Debit Card
TXN_009992,CUST_0370,STR_020,2025-01-12,178.26,Credit Card
TXN_009993,CUST_0468,STR_018,2025-07-30,1358.7,Credit Card
TXN_009994,CUST_0358,STR_016,2025-01-08,388.43,Debit Card
TXN_009995,CUST_0440,STR_002,2025-12-07,308.27,Debit Card
TXN_009996,CUST_0149,STR_019,2025-12-13,1618.75,Debit Card
TXN_009997,CUST_0041,STR_005,2025-03-01,106.31,Credit Card
TXN_009998,CUST_0420,STR_015,2025-11-18,708.37,Credit Card
TXN_009999,CUST_0033,STR_017,2025-04-20,533.72,Debit Card
TXN_010000,CUST_0280,STR_008,2025-07-31,282.99,Debit Card
TXN_010001,CUST_0390,STR_013,2025-03-09,503.05,Credit Card
TXN_010002,CUST_0413,STR_002,2025-05-02,209.72,Debit Card
TXN_010003,CUST_0288,STR_019,2025-01-16,394.97,Credit Card
TXN_010004,CUST_0487,STR_014,2025-01-19,578.95,Digital Wallet
TXN_010005,CUST_0281,STR_005,2025-04-26,456.05,Digital Wallet
TXN_010006,CUST_0215,STR_004,2025-05-16,721.91,Credit Card
TXN_010007,CUST_0231,STR_002,2025-06-11,809.95,Credit Card
TXN_010008,CUST_0173,STR_016,2025-12-10,355.38,Credit Card
TXN_010009,CUST_0395,STR_017,2025-11-15,32680.16,Credit Card
TXN_010010,CUST_0274,STR_019,2025-07-19,1272.67,Cash
TXN_010011,CUST_0457,STR_014,2025-03-03,1461.75,Credit Card
TXN_010012,CUST_0098,STR_017,2025-12-05,4576.0,Debit Card
TXN_010013,CUST_0088,STR_005,2025-01-22,1760.64,Credit Card
TXN_010014,CUST_0112,STR_009,2025-11-18,720.19,Debit Card
TXN_010015,CUST_0038,STR_011,2025-01-11,519.58,Credit Card
TXN_010016,CUST_0286,STR_017,2025-06-23,60.1,Cash
TXN_010017,CUST_0484,STR_013,2025-03-12,3036.6,Credit Card
TXN_010018,CUST_0497,STR_005,2025-02-06,20.84,Credit Card
TXN_010019,CUST_0171,STR_018,2025-01-30,2197.1,Digital Wallet
TXN_010020,CUST_0499,STR_002,2025-07-10,1084.82,Debit Card
TXN_010021,CUST_0041,STR_001,2025-07-20,1127.31,Credit Card
TXN_010022,CUST_0365,STR_008,2025-11-16,3338.18,Credit Card
TXN_010023,CUST_0025,STR_008,2025-10-07,481.03,Credit Card
TXN_010024,CUST_0493,STR_007,2025-03-15,3313.18,Credit Card
TXN_010025,CUST_0127,STR_002,2025-07-22,3934.85,Digital Wallet
TXN_010026,CUST_0343,STR_012,2025-12-21,272.39,Debit Card
TXN_010027,CUST_0203,STR_003,2025-07-12,446.83,Credit Card
TXN_010028,CUST_0165,STR_018,2025-08-03,2115.11,Credit Card
TXN_010029,CUST_0435,STR_018,2025-03-02,334.46,Debit Card
TXN_010030,CUST_0205,STR_018,2025-07-11,1766.68,Debit Card
TXN_010031,CUST_0376,STR_019,2025-07-07,991.87,Credit Card
TXN_010032,CUST_0370,STR_008,2025-03-27,159.7,Digital Wallet
TXN_010033,CUST_0011,STR_011,2025-07-10,604.03,Credit Card
TXN_010034,CUST_0050,STR_006,2025-06-09,552.48,Digital Wallet
TXN_010035,CUST_0327,STR_004,2025-09-07,611.98,Digital Wallet
TXN_010036,CUST_0297,STR_017,2025-11-05,2179.95,Debit Card
TXN_010037,CUST_0138,STR_009,2025-10-08,510.18,Credit Card
TXN_010038,CUST_0061,STR_004,2025-09-02,3257.05,Credit Card
TXN_010039,CUST_0262,STR_014,2025-09-26,955.06,Debit Card
TXN_010040,CUST_0488,STR_018,2025-03-08,2662.05,Debit Card
TXN_010041,CUST_0228,STR_011,2025-03-30,344.56,Credit Card
TXN_010042,CUST_0156,STR_006,2025-02-12,365.37,Credit Card
TXN_010043,CUST_0207,STR_008,2025-04-15,1799.52,Debit Card
TXN_010044,CUST_0304,STR_001,2025-10-07,551.82,Debit Card
TXN_010045,CUST_0382,STR_020,2025-01-20,1717.5,Debit Card
TXN_010046,CUST_0129,STR_015,2025-06-30,1404.42,Credit Card
TXN_010047,CUST_0235,STR_012,2025-02-18,969.77,Cash
TXN_010048,CUST_0307,STR_020,2025-09-22,1126.91,Credit Card
TXN_010049,CUST_0018,STR_012,2025-07-12,3016.17,Digital Wallet
TXN_010050,CUST_0159,STR_020,2025-11-09,856.77,Credit Card
TXN_010051,CUST_0055,STR_003,2025-01-15,725.4,Debit Card
TXN_010052,CUST_0196,STR_019,2025-04-08,352.75,Credit Card
TXN_010053,CUST_0020,STR_017,2025-12-22,8006.2,Credit Card
TXN_010054,CUST_0265,STR_002,2025-12-15,885.02,Credit Card
TXN_010055,CUST_0004,STR_015,2025-06-16,523.13,Credit Card
TXN_010056,CUST_0437,STR_015,2025-12-16,804.17,Credit Card
TXN_010057,CUST_0244,STR_017,2025-11-25,751.69,Credit Card
TXN_010058,CUST_0416,STR_002,2025-11-17,476.25,Credit Card
TXN_010059,CUST_0280,STR_005,2025-08-09,6791.83,Debit Card
TXN_010060,CUST_0145,STR_018,2025-11-18,724.24,Credit Card
TXN_010061,CUST_0122,STR_013,2025-01-25,345.02,Digital Wallet
TXN_010062,CUST_0046,STR_005,2025-11-21,235.66,Credit Card
TXN_010063,CUST_0068,STR_009,2025-10-06,2344.94,Credit Card
TXN_010064,CUST_0365,STR_004,2025-05-27,1199.45,Credit Card
TXN_010065,CUST_0414,STR_009,2025-01-19,206.81,Credit Card
TXN_010066,CUST_0403,STR_013,2025-07-03,467.62,Debit Card
TXN_010067,CUST_0437,STR_017,2025-08-08,711.68,Credit Card
TXN_010068,CUST_0034,STR_012,2025-09-21,209.72,Cash
TXN_010069,CUST_0348,STR_005,2025-11-18,529.62,Credit Card
TXN_010070,CUST_0014,STR_010,2025-09-10,1862.04,Credit Card
TXN_010071,CUST_0035,STR_004,2025-10-23,1166.35,Digital Wallet
TXN_010072,CUST_0008,STR_017,2025-10-15,649.28,Credit Card
TXN_010073,CUST_0445,STR_002,2025-06-11,235.66,Credit Card
TXN_010074,CUST_0137,STR_015,2025-03-07,2185.98,Credit Card
TXN_010075,CUST_0432,STR_002,2025-12-21,771.96,Credit Card
TXN_010076,CUST_0001,STR_018,2025-11-14,519.58,Cash
TXN_010077,CUST_0486,STR_002,2025-11-25,1067.92,Debit Card
TXN_010078,CUST_0156,STR_001,2025-04-13,412.36,Credit Card
TXN_010079,CUST_0333,STR_004,2025-11-16,537.68,Credit Card
TXN_010080,CUST_0333,STR_005,2025-09-29,846.49,Debit Card
TXN_010081,CUST_0466,STR_018,2025-11-24,586.74,Cash
TXN_010082,CUST_0296,STR_010,2025-03-28,8681.47,Credit Card
TXN_010083,CUST_0239,STR_015,2025-02-17,1027.78,Digital Wallet
TXN_010084,CUST_0461,STR_019,2025-10-28,1477.63,Debit Card
TXN_010085,CUST_0421,STR_011,2025-02-26,23.16,Debit Card
TXN_010086,CUST_0082,STR_009,2025-08-30,789.03,Debit Card
TXN_010087,CUST_0411,STR_003,2025-08-07,210.37,Digital Wallet
TXN_010088,CUST_0279,STR_014,2025-08-06,419.44,Credit Card
TXN_010089,CUST_0245,STR_009,2025-02-03,412.36,Credit Card
TXN_010090,CUST_0069,STR_014,2025-07-07,1121.42,Credit Card
TXN_010091,CUST_0038,STR_013,2025-08-03,2662.13,Credit Card
TXN_010092,CUST_0031,STR_016,2025-07-07,1568.37,Cash
TXN_010093,CUST_0103,STR_010,2025-07-07,710.84,Digital Wallet
TXN_010094,CUST_0408,STR_020,2025-09-29,899.94,Credit Card
TXN_010095,CUST_0487,STR_003,2025-03-21,363.72,Credit Card
TXN_010096,CUST_0173,STR_013,2025-03-06,1169.33,Credit Card
TXN_010097,CUST_0385,STR_006,2025-09-02,421.36,Digital Wallet
TXN_010098,CUST_0313,STR_006,2025-02-17,3567.88,Credit Card
TXN_010099,CUST_0150,STR_011,2025-05-06,189.05,Credit Card
TXN_010100,CUST_0292,STR_007,2025-09-17,510.18,Credit Card
TXN_010101,CUST_0277,STR_004,2025-07-27,23.16,Cash
TXN_010102,CUST_0256,STR_010,2025-06-14,356.51,Credit Card
TXN_010103,CUST_0392,STR_010,2025-03-27,1322.56,Debit Card
TXN_010104,CUST_0150,STR_009,2025-04-12,215.38,Debit Card
TXN_010105,CUST_0315,STR_007,2025-06-01,196.4,Credit Card
TXN_010106,CUST_0371,STR_014,2025-08-27,1327.59,Credit Card
TXN_010107,CUST_0054,STR_007,2025-04-13,2365.64,Debit Card
TXN_010108,CUST_0128,STR_005,2025-09-22,661.28,Credit Card
TXN_010109,CUST_0110,STR_018,2025-03-19,1351.18,Debit Card
TXN_010110,CUST_0244,STR_011,2025-10-07,807.27,Debit Card
TXN_010111,CUST_0197,STR_018,2025-10-01,493.6,Debit Card
TXN_010112,CUST_0389,STR_011,2025-03-30,169.64,Digital Wallet
TXN_010113,CUST_0490,STR_012,2025-08-25,1990.54,Credit Card
TXN_010114,CUST_0064,STR_004,2025-06-25,252.0,Credit Card
TXN_010115,CUST_0329,STR_001,2025-04-20,196.47,Credit Card
TXN_010116,CUST_0096,STR_020,2025-07-06,540.58,Debit Card
TXN_010117,CUST_0357,STR_020,2025-01-13,634.19,Cash
TXN_010118,CUST_0270,STR_012,2025-09-17,20690.53,Credit Card
TXN_010119,CUST_0254,STR_009,2025-04-09,850.49,Credit Card
TXN_010120,CUST_0279,STR_009,2025-07-25,1762.97,Digital Wallet
TXN_010121,CUST_0484,STR_020,2025-10-08,2494.8,Credit Card
TXN_010122,CUST_0262,STR_016,2025-09-29,103.22,Digital Wallet
TXN_010123,CUST_0072,STR_017,2025-07-30,583.18,Debit Card
TXN_010124,CUST_0416,STR_020,2025-03-21,448.89,Credit Card
TXN_010125,CUST_0306,STR_006,2025-06-23,177.45,Credit Card
TXN_010126,CUST_0213,STR_011,2025-03-04,1480.8,Debit Card
TXN_010127,CUST_0085,STR_018,2025-04-21,3874.11,Credit Card
TXN_010128,CUST_0435,STR_016,2025-03-21,46428.91,Credit Card
TXN_010129,CUST_0215,STR_009,2025-09-27,25.86,Credit Card
TXN_010130,CUST_0021,STR_008,2025-06-29,708.37,Debit Card
TXN_010131,CUST_0303,STR_019,2025-06-08,2053.62,Credit Card
TXN_010132,CUST_0155,STR_014,2025-05-14,1226.86,Credit Card
TXN_010133,CUST_0444,STR_008,2025-07-09,1593.32,Cash
TXN_010134,CUST_0207,STR_017,2025-02-27,357.19,Credit Card
TXN_010135,CUST_0436,STR_011,2025-02-26,1065.13,Credit Card
TXN_010136,CUST_0347,STR_003,2025-03-02,134.99,Credit Card
TXN_010137,CUST_0015,STR_011,2025-05-22,1043.91,Credit Card
TXN_010138,CUST_0379,STR_014,2025-09-13,235.66,Debit Card
TXN_010139,CUST_0056,STR_017,2025-07-21,1591.08,Debit Card
TXN_010140,CUST_0146,STR_018,2025-07-10,18303.39,Credit Card
TXN_010141,CUST_0159,STR_006,2025-10-09,969.08,Credit Card
TXN_010142,CUST_0189,STR_011,2025-06-18,2344.79,Credit Card
TXN_010143,CUST_0134,STR_002,2025-11-11,970.3,Digital Wallet
TXN_010144,CUST_0406,STR_008,2025-06-19,24098.52,Debit Card
TXN_010145,CUST_0226,STR_020,2025-05-07,2855.35,Credit Card
TXN_010146,CUST_0318,STR_016,2025-01-27,210.24,Credit Card
TXN_010147,CUST_0075,STR_003,2025-07-17,1342.45,Debit Card
TXN_010148,CUST_0442,STR_015,2025-02-03,513.55,Debit Card
TXN_010149,CUST_0476,STR_013,2025-11-23,2157.06,Credit Card
TXN_010150,CUST_0019,STR_014,2025-11-09,770.63,Credit Card
TXN_010151,CUST_0007,STR_006,2025-07-22,279.9,Cash
TXN_010152,CUST_0062,STR_011,2025-01-28,476.25,Credit Card
TXN_010153,CUST_0300,STR_011,2025-03-03,1076.76,Credit Card
TXN_010154,CUST_0014,STR_005,2025-07-04,169.64,Credit Card
TXN_010155,CUST_0032,STR_003,2025-11-22,232.68,Digital Wallet
TXN_010156,CUST_0055,STR_001,2025-06-29,471.32,Debit Card
TXN_010157,CUST_0126,STR_012,2025-08-17,248.5,Debit Card
TXN_010158,CUST_0499,STR_020,2025-01-25,551.04,Credit Card
TXN_010159,CUST_0305,STR_001,2025-09-27,1180.1,Credit Card
TXN_010160,CUST_0100,STR_018,2025-01-15,3544.34,Credit Card
TXN_010161,CUST_0493,STR_002,2025-07-09,1601.64,Credit Card
TXN_010162,CUST_0069,STR_012,2025-09-23,1799.22,Credit Card
TXN_010163,CUST_0117,STR_017,2025-04-05,1218.93,Debit Card
TXN_010164,CUST_0407,STR_010,2025-03-08,1124.36,Credit Card
TXN_010165,CUST_0184,STR_020,2025-04-08,684.54,Credit Card
TXN_010166,CUST_0072,STR_010,2025-05-28,3374.58,Credit Card
TXN_010167,CUST_0108,STR_019,2025-03-04,4104.7,Debit Card
TXN_010168,CUST_0085,STR_006,2025-04-11,379.88,Debit Card
TXN_010169,CUST_0470,STR_009,2025-08-18,177.45,Credit Card
TXN_010170,CUST_0100,STR_003,2025-05-20,920.24,Credit Card
TXN_010171,CUST_0450,STR_012,2025-10-09,550.0,Digital Wallet
TXN_010172,CUST_0139,STR_015,2025-09-06,913.6,Credit Card
TXN_010173,CUST_0371,STR_009,2025-05-23,672.95,Credit Card
TXN_010174,CUST_0049,STR_005,2025-12-06,1744.5,Credit Card
TXN_010175,CUST_0405,STR_013,2025-12-29,391.92,Credit Card
TXN_010176,CUST_0205,STR_010,2025-11-25,1443.82,Credit Card
TXN_010177,CUST_0393,STR_001,2025-06-25,375.77,Debit Card
TXN_010178,CUST_0404,STR_020,2025-10-30,1443.82,Debit Card
TXN_010179,CUST_0141,STR_006,2025-07-11,231.69,Digital Wallet
TXN_010180,CUST_0462,STR_001,2025-05-28,551.04,Credit Card
TXN_010181,CUST_0126,STR_014,2025-02-10,196.4,Digital Wallet
TXN_010182,CUST_0035,STR_013,2025-02-05,9460.5,Credit Card
TXN_010183,CUST_0013,STR_005,2025-12-26,629.16,Credit Card
TXN_010184,CUST_0098,STR_012,2025-11-09,799.94,Digital Wallet
TXN_010185,CUST_0159,STR_006,2025-01-04,2143.62,Digital Wallet
TXN_010186,CUST_0400,STR_012,2025-04-19,1059.06,Cash
TXN_010187,CUST_0486,STR_003,2025-10-28,1416.74,Credit Card
TXN_010188,CUST_0481,STR_007,2025-01-31,687.46,Credit Card
TXN_010189,CUST_0082,STR_007,2025-08-24,641.14,Debit Card
TXN_010190,CUST_0341,STR_016,2025-04-08,1059.06,Credit Card
TXN_010191,CUST_0077,STR_002,2025-05-07,1230.39,Cash
TXN_010192,CUST_0483,STR_008,2025-06-19,274.25,Credit Card
TXN_010193,CUST_0432,STR_019,2025-01-09,918.04,Credit Card
TXN_010194,CUST_0153,STR_007,2025-03-25,1365.13,Credit Card
TXN_010195,CUST_0234,STR_003,2025-12-01,744.78,Credit Card
TXN_010196,CUST_0067,STR_002,2025-07-07,1601.16,Debit Card
TXN_010197,CUST_0233,STR_018,2025-10-09,4537.13,Debit Card
TXN_010198,CUST_0335,STR_015,2025-06-25,3477.37,Credit Card
TXN_010199,CUST_0187,STR_012,2025-06-29,1084.06,Debit Card
TXN_010200,CUST_0186,STR_006,2025-07-09,613.87,Digital Wallet
TXN_010201,CUST_0431,STR_005,2025-11-29,391.92,Debit Card
TXN_010202,CUST_0300,STR_019,2025-02-21,561.81,Credit Card
TXN_010203,CUST_0399,STR_003,2025-11-23,205.33,Credit Card
TXN_010204,CUST_0024,STR_017,2025-03-30,1419.29,Credit Card
TXN_010205,CUST_0399,STR_010,2025-07-20,206.74,Credit Card
TXN_010206,CUST_0387,STR_011,2025-04-03,3370.52,Credit Card
TXN_010207,CUST_0237,STR_017,2025-07-20,281.81,Credit Card
TXN_010208,CUST_0011,STR_012,2025-11-28,3316.68,Digital Wallet
TXN_010209,CUST_0030,STR_007,2025-01-09,2014.27,Credit Card
TXN_010210,CUST_0266,STR_017,2025-11-03,744.94,Credit Card
TXN_010211,CUST_0498,STR_015,2025-05-26,895.65,Debit Card
TXN_010212,CUST_0195,STR_005,2025-02-25,1462.59,Digital Wallet
TXN_010213,CUST_0105,STR_018,2025-11-16,693.52,Credit Card
TXN_010214,CUST_0258,STR_015,2025-12-06,1421.5,Credit Card
TXN_010215,CUST_0389,STR_006,2025-04-29,444.41,Credit Card
TXN_010216,CUST_0034,STR_012,2025-03-25,1487.19,Credit Card
TXN_010217,CUST_0091,STR_016,2025-08-14,332.21,Credit Card
TXN_010218,CUST_0124,STR_014,2025-05-12,551.82,Credit Card
TXN_010219,CUST_0206,STR_001,2025-04-13,355.38,Digital Wallet
TXN_010220,CUST_0465,STR_010,2025-07-08,568.72,Credit Card
TXN_010221,CUST_0250,STR_004,2025-07-20,2966.67,Credit Card
TXN_010222,CUST_0421,STR_002,2025-06-04,616.58,Credit Card
TXN_010223,CUST_0476,STR_010,2025-05-25,355.38,Credit Card
TXN_010224,CUST_0292,STR_016,2025-08-28,70.0,Debit Card
TXN_010225,CUST_0404,STR_013,2025-07-18,3571.92,Digital Wallet
TXN_010226,CUST_0100,STR_001,2025-11-24,1197.31,Credit Card
TXN_010227,CUST_0442,STR_013,2025-07-02,643.03,Digital Wallet
TXN_010228,CUST_0165,STR_004,2025-02-09,28.73,Credit Card
TXN_010229,CUST_0118,STR_010,2025-10-17,596.82,Digital Wallet
TXN_010230,CUST_0027,STR_014,2025-05-27,2015.45,Credit Card
TXN_010231,CUST_0230,STR_003,2025-02-13,862.47,Credit Card
TXN_010232,CUST_0097,STR_006,2025-06-23,1063.34,Digital Wallet
TXN_010233,CUST_0041,STR_018,2025-12-22,391.92,Credit Card
TXN_010234,CUST_0241,STR_018,2025-04-18,2001.83,Digital Wallet
TXN_010235,CUST_0498,STR_017,2025-07-18,3039.56,Debit Card
TXN_010236,CUST_0007,STR_018,2025-05-10,2923.15,Credit Card
TXN_010237,CUST_0217,STR_018,2025-01-29,2648.15,Digital Wallet
TXN_010238,CUST_0336,STR_014,2025-12-30,1791.29,Credit Card
TXN_010239,CUST_0360,STR_006,2025-01-14,927.97,Credit Card
TXN_010240,CUST_0264,STR_014,2025-05-01,1909.66,Credit Card
TXN_010241,CUST_0078,STR_014,2025-02-18,150.0,Digital Wallet
TXN_010242,CUST_0248,STR_018,2025-06-04,576.46,Credit Card
TXN_010243,CUST_0325,STR_012,2025-11-11,442.8,Credit Card
TXN_010244,CUST_0107,STR_001,2025-09-13,60.47,Cash
TXN_010245,CUST_0448,STR_013,2025-03-19,807.11,Digital Wallet
TXN_010246,CUST_0276,STR_016,2025-04-21,809.29,Credit Card
TXN_010247,CUST_0141,STR_009,2025-05-03,2064.02,Digital Wallet
TXN_010248,CUST_0353,STR_017,2025-07-15,1353.62,Debit Card
TXN_010249,CUST_0101,STR_005,2025-01-19,344.56,Credit Card
TXN_010250,CUST_0384,STR_008,2025-04-17,813.74,Debit Card
TXN_010251,CUST_0341,STR_016,2025-11-17,70.0,Credit Card
TXN_010252,CUST_0453,STR_003,2025-10-09,2179.29,Credit Card
TXN_010253,CUST_0307,STR_019,2025-12-22,545.73,Credit Card
TXN_010254,CUST_0010,STR_012,2025-08-01,272.79,Credit Card
TXN_010255,CUST_0433,STR_006,2025-11-11,800.5,Credit Card
TXN_010256,CUST_0354,STR_020,2025-07-18,2115.6,Debit Card
TXN_010257,CUST_0078,STR_004,2025-02-03,1395.83,Credit Card
TXN_010258,CUST_0021,STR_006,2025-09-10,524.28,Credit Card
TXN_010259,CUST_0470,STR_001,2025-12-07,839.57,Credit Card
TXN_010260,CUST_0162,STR_014,2025-03-02,519.58,Digital Wallet
TXN_010261,CUST_0165,STR_019,2025-07-12,3833.43,Debit Card
TXN_010262,CUST_0060,STR_015,2025-01-05,1270.72,Credit Card
TXN_010263,CUST_0290,STR_003,2025-08-06,966.04,Credit Card
TXN_010264,CUST_0033,STR_014,2025-02-24,783.84,Credit Card
TXN_010265,CUST_0492,STR_019,2025-01-23,101.24,Digital Wallet
TXN_010266,CUST_0434,STR_016,2025-12-27,2089.28,Credit Card
TXN_010267,CUST_0188,STR_002,2025-07-03,163.73,Digital Wallet
TXN_010268,CUST_0177,STR_003,2025-12-06,1574.75,Credit Card
TXN_010269,CUST_0112,STR_006,2025-07-24,788.93,Cash
TXN_010270,CUST_0233,STR_003,2025-05-15,568.86,Digital Wallet
TXN_010271,CUST_0385,STR_015,2025-05-18,748.86,Debit Card
TXN_010272,CUST_0370,STR_013,2025-02-04,1471.02,Credit Card
TXN_010273,CUST_0087,STR_003,2025-10-30,1572.92,Credit Card
TXN_010274,CUST_0069,STR_009,2025-06-18,1527.89,Credit Card
TXN_010275,CUST_0137,STR_009,2025-11-11,804.71,Credit Card
TXN_010276,CUST_0272,STR_014,2025-07-15,604.08,Digital Wallet
TXN_010277,CUST_0179,STR_010,2025-05-17,2833.23,Credit Card
TXN_010278,CUST_0273,STR_004,2025-10-15,441.64,Credit Card
TXN_010279,CUST_0395,STR_001,2025-07-22,840.18,Debit Card
TXN_010280,CUST_0314,STR_001,2025-10-17,2647.38,Debit Card
TXN_010281,CUST_0252,STR_012,2025-06-22,2414.52,Debit Card
TXN_010282,CUST_0125,STR_008,2025-08-03,740.51,Digital Wallet
TXN_010283,CUST_0421,STR_001,2025-06-05,412.36,Credit Card
TXN_010284,CUST_0156,STR_007,2025-03-09,1623.34,Credit Card
TXN_010285,CUST_0145,STR_002,2025-05-12,98.21,Debit Card
TXN_010286,CUST_0343,STR_019,2025-11-18,1039.35,Credit Card
TXN_010287,CUST_0042,STR_016,2025-10-06,1261.16,Credit Card
TXN_010288,CUST_0137,STR_001,2025-11-11,1322.56,Credit Card
TXN_010289,CUST_0368,STR_011,2025-06-06,2312.37,Debit Card
TXN_010290,CUST_0009,STR_016,2025-02-20,767.59,Debit Card
TXN_010291,CUST_0411,STR_007,2025-11-06,369.77,Debit Card
TXN_010292,CUST_0365,STR_004,2025-02-17,1329.04,Credit Card
TXN_010293,CUST_0142,STR_013,2025-09-22,121.79,Digital Wallet
TXN_010294,CUST_0185,STR_015,2025-12-23,398.28,Debit Card
TXN_010295,CUST_0477,STR_013,2025-03-18,412.36,Digital Wallet
TXN_010296,CUST_0472,STR_006,2025-11-14,31223.02,Debit Card
TXN_010297,CUST_0356,STR_010,2025-09-01,1552.41,Debit Card
TXN_010298,CUST_0378,STR_005,2025-04-21,2487.84,Digital Wallet
TXN_010299,CUST_0104,STR_002,2025-10-21,420.74,Credit Card
TXN_010300,CUST_0274,STR_013,2025-10-31,1609.42,Credit Card
TXN_010301,CUST_0111,STR_002,2025-06-04,419.44,Cash
TXN_010302,CUST_0433,STR_005,2025-03-21,939.36,Debit Card
TXN_010303,CUST_0203,STR_002,2025-06-06,2664.21,Credit Card
TXN_010304,CUST_0022,STR_016,2025-04-18,254.62,Debit Card
TXN_010305,CUST_0366,STR_020,2025-12-08,457.62,Digital Wallet
TXN_010306,CUST_0209,STR_001,2025-10-05,510.18,Credit Card
TXN_010307,CUST_0492,STR_011,2025-10-23,344.56,Credit Card
TXN_010308,CUST_0468,STR_016,2025-06-28,699.09,Digital Wallet
TXN_010309,CUST_0169,STR_009,2025-02-18,1822.32,Credit Card
TXN_010310,CUST_0434,STR_006,2025-10-02,503.05,Digital Wallet
TXN_010311,CUST_0044,STR_012,2025-12-09,7636.2,Credit Card
TXN_010312,CUST_0325,STR_009,2025-05-27,388.43,Credit Card
TXN_010313,CUST_0367,STR_011,2025-10-10,206.74,Credit Card
TXN_010314,CUST_0191,STR_017,2025-11-28,4021.43,Credit Card
TXN_010315,CUST_0143,STR_005,2025-12-14,561.81,Debit Card
TXN_010316,CUST_0060,STR_003,2025-12-12,497.85,Credit Card
TXN_010317,CUST_0030,STR_011,2025-03-06,75.81,Debit Card
TXN_010318,CUST_0499,STR_019,2025-05-04,1156.66,Credit Card
TXN_010319,CUST_0288,STR_003,2025-08-22,726.43,Credit Card
TXN_010320,CUST_0183,STR_011,2025-03-04,72.02,Digital Wallet
TXN_010321,CUST_0147,STR_009,2025-11-17,3015.25,Credit Card
TXN_010322,CUST_0102,STR_001,2025-03-20,412.36,Credit Card
TXN_010323,CUST_0039,STR_020,2025-02-05,1163.72,Digital Wallet
TXN_010324,CUST_0095,STR_003,2025-03-04,35516.46,Debit Card
TXN_010325,CUST_0136,STR_016,2025-12-06,565.98,Cash
TXN_010326,CUST_0024,STR_003,2025-12-04,2141.44,Credit Card
TXN_010327,CUST_0057,STR_015,2025-11-06,565.98,Cash
TXN_010328,CUST_0157,STR_015,2025-01-15,613.87,Debit Card
TXN_010329,CUST_0084,STR_018,2025-09-06,459.49,Credit Card
TXN_010330,CUST_0307,STR_020,2025-10-12,178.57,Debit Card
TXN_010331,CUST_0017,STR_005,2025-12-08,1183.9,Digital Wallet
TXN_010332,CUST_0272,STR_015,2025-01-21,687.46,Debit Card
TXN_010333,CUST_0404,STR_007,2025-11-10,1497.42,Credit Card
TXN_010334,CUST_0158,STR_015,2025-10-27,719.4,Credit Card
TXN_010335,CUST_0443,STR_008,2025-11-20,1723.57,Debit Card
TXN_010336,CUST_0088,STR_016,2025-08-16,804.71,Credit Card
TXN_010337,CUST_0365,STR_012,2025-08-08,1164.25,Credit Card
TXN_010338,CUST_0219,STR_013,2025-06-09,60.47,Credit Card
TXN_010339,CUST_0196,STR_020,2025-03-31,1416.74,Credit Card
TXN_010340,CUST_0092,STR_001,2025-01-18,168.58,Credit Card
TXN_010341,CUST_0339,STR_014,2025-12-15,854.39,Digital Wallet
TXN_010342,CUST_0041,STR_019,2025-08-30,1124.25,Digital Wallet
TXN_010343,CUST_0031,STR_009,2025-06-19,600.86,Credit Card
TXN_010344,CUST_0044,STR_005,2025-10-15,466.54,Digital Wallet
TXN_010345,CUST_0074,STR_010,2025-12-02,524.28,Digital Wallet
TXN_010346,CUST_0224,STR_012,2025-08-26,472.52,Debit Card
TXN_010347,CUST_0379,STR_003,2025-08-24,281.62,Cash
TXN_010348,CUST_0042,STR_010,2025-07-28,25.86,Digital Wallet
TXN_010349,CUST_0298,STR_008,2025-09-26,221.44,Credit Card
TXN_010350,CUST_0299,STR_011,2025-05-26,1227.74,Debit Card
TXN_010351,CUST_0499,STR_019,2025-05-28,1961.28,Credit Card
TXN_010352,CUST_0307,STR_011,2025-07-19,1785.46,Credit Card
TXN_010353,CUST_0309,STR_012,2025-02-19,518.81,Digital Wallet
TXN_010354,CUST_0144,STR_010,2025-07-11,2224.8,Credit Card
TXN_010355,CUST_0324,STR_017,2025-07-14,1887.48,Credit Card
TXN_010356,CUST_0070,STR_002,2025-08-07,872.25,Cash
TXN_010357,CUST_0323,STR_001,2025-02-25,1815.08,Debit Card
TXN_010358,CUST_0206,STR_009,2025-03-07,2161.22,Credit Card
TXN_010359,CUST_0276,STR_019,2025-04-10,2052.01,Credit Card
TXN_010360,CUST_0372,STR_004,2025-03-08,297.46,Credit Card
TXN_010361,CUST_0282,STR_007,2025-07-20,1562.49,Digital Wallet
TXN_010362,CUST_0073,STR_002,2025-12-03,466.1,Credit Card
TXN_010363,CUST_0106,STR_019,2025-01-31,578.95,Debit Card
TXN_010364,CUST_0404,STR_013,2025-09-03,493.36,Credit Card
TXN_010365,CUST_0306,STR_015,2025-09-29,2303.44,Credit Card
TXN_010366,CUST_0126,STR_006,2025-04-13,223.88,Digital Wallet
TXN_010367,CUST_0367,STR_001,2025-07-30,1846.58,Credit Card
TXN_010368,CUST_0191,STR_014,2025-11-08,106.31,Debit Card
TXN_010369,CUST_0212,STR_015,2025-06-13,386.54,Credit Card
TXN_010370,CUST_0331,STR_001,2025-05-10,1884.51,Digital Wallet
TXN_010371,CUST_0050,STR_007,2025-02-24,3576.96,Credit Card
TXN_010372,CUST_0043,STR_019,2025-04-13,1710.11,Credit Card
TXN_010373,CUST_0197,STR_002,2025-08-04,1774.23,Credit Card
TXN_010374,CUST_0118,STR_012,2025-08-16,524.05,Credit Card
TXN_010375,CUST_0347,STR_012,2025-04-02,198.54,Digital Wallet
TXN_010376,CUST_0433,STR_008,2025-07-07,206.81,Credit Card
TXN_010377,CUST_0305,STR_019,2025-09-04,1963.02,Credit Card
TXN_010378,CUST_0306,STR_009,2025-03-10,26112.92,Digital Wallet
TXN_010379,CUST_0120,STR_003,2025-08-16,576.46,Credit Card
TXN_010380,CUST_0073,STR_018,2025-04-26,1354.13,Credit Card
TXN_010381,CUST_0096,STR_001,2025-05-12,3275.42,Credit Card
TXN_010382,CUST_0464,STR_007,2025-08-10,2569.27,Debit Card
TXN_010383,CUST_0245,STR_006,2025-01-28,2636.44,Credit Card
TXN_010384,CUST_0194,STR_014,2025-07-28,224.11,Credit Card
TXN_010385,CUST_0278,STR_015,2025-10-23,2728.25,Debit Card
TXN_010386,CUST_0362,STR_020,2025-08-21,127.5,Debit Card
TXN_010387,CUST_0441,STR_003,2025-03-21,1230.8,Credit Card
TXN_010388,CUST_0140,STR_018,2025-08-22,2789.35,Credit Card
TXN_010389,CUST_0327,STR_018,2025-06-25,1038.1,Cash
TXN_010390,CUST_0476,STR_003,2025-06-24,685.81,Digital Wallet
TXN_010391,CUST_0163,STR_008,2025-09-17,1185.31,Debit Card
TXN_010392,CUST_0035,STR_011,2025-05-15,3370.52,Credit Card
TXN_010393,CUST_0209,STR_008,2025-11-16,1486.86,Credit Card
TXN_010394,CUST_0156,STR_016,2025-08-27,313.12,Credit Card
TXN_010395,CUST_0262,STR_020,2025-09-09,209.72,Credit Card
TXN_010396,CUST_0063,STR_011,2025-10-09,870.6,Digital Wallet
TXN_010397,CUST_0229,STR_004,2025-03-05,493.51,Digital Wallet
TXN_010398,CUST_0345,STR_012,2025-08-15,2062.34,Credit Card
TXN_010399,CUST_0286,STR_001,2025-11-16,650.31,Debit Card
TXN_010400,CUST_0286,STR_003,2025-01-21,2100.48,Debit Card
TXN_010401,CUST_0087,STR_014,2025-09-24,565.35,Debit Card
TXN_010402,CUST_0075,STR_020,2025-04-09,1048.1,Credit Card
TXN_010403,CUST_0319,STR_015,2025-05-18,143.21,Credit Card
TXN_010404,CUST_0260,STR_001,2025-09-18,169.15,Digital Wallet
TXN_010405,CUST_0433,STR_005,2025-02-21,1631.86,Digital Wallet
TXN_010406,CUST_0284,STR_001,2025-09-25,148.33,Debit Card
TXN_010407,CUST_0013,STR_010,2025-11-02,1454.06,Credit Card
TXN_010408,CUST_0356,STR_017,2025-07-02,914.99,Credit Card
TXN_010409,CUST_0406,STR_020,2025-07-02,728.47,Debit Card
TXN_010410,CUST_0165,STR_011,2025-06-17,1142.07,Debit Card
TXN_010411,CUST_0483,STR_020,2025-04-24,88.39,Credit Card
TXN_010412,CUST_0377,STR_014,2025-05-07,561.81,Credit Card
TXN_010413,CUST_0225,STR_004,2025-02-28,975.66,Credit Card
TXN_010414,CUST_0235,STR_017,2025-04-05,898.35,Credit Card
TXN_010415,CUST_0374,STR_016,2025-07-31,140.0,Cash
TXN_010416,CUST_0338,STR_004,2025-03-19,546.58,Credit Card
TXN_010417,CUST_0289,STR_005,2025-02-03,1195.24,Debit Card
TXN_010418,CUST_0354,STR_003,2025-11-24,684.0,Digital Wallet
TXN_010419,CUST_0054,STR_003,2025-10-28,1437.17,Credit Card
TXN_010420,CUST_0252,STR_020,2025-08-27,4725.2,Cash
TXN_010421,CUST_0407,STR_008,2025-04-05,2229.65,Debit Card
TXN_010422,CUST_0466,STR_017,2025-09-15,263.09,Credit Card
TXN_010423,CUST_0223,STR_004,2025-12-28,337.61,Debit Card
TXN_010424,CUST_0365,STR_008,2025-10-19,398.0,Credit Card
TXN_010425,CUST_0463,STR_016,2025-05-08,851.54,Debit Card
TXN_010426,CUST_0321,STR_016,2025-08-08,126.52,Credit Card
TXN_010427,CUST_0178,STR_012,2025-10-20,1212.51,Digital Wallet
TXN_010428,CUST_0248,STR_009,2025-08-28,516.97,Digital Wallet
TXN_010429,CUST_0140,STR_005,2025-03-31,1590.04,Debit Card
TXN_010430,CUST_0437,STR_018,2025-12-03,75.81,Debit Card
TXN_010431,CUST_0092,STR_020,2025-04-28,1092.94,Digital Wallet
TXN_010432,CUST_0313,STR_012,2025-01-22,520.83,Digital Wallet
TXN_010433,CUST_0295,STR_006,2025-02-28,655.78,Credit Card
TXN_010434,CUST_0444,STR_005,2025-10-01,1533.37,Credit Card
TXN_010435,CUST_0157,STR_010,2025-03-19,267.85,Credit Card
TXN_010436,CUST_0124,STR_005,2025-08-31,2070.33,Debit Card
TXN_010437,CUST_0496,STR_010,2025-07-04,2395.72,Digital Wallet
TXN_010438,CUST_0319,STR_015,2025-10-02,476.25,Debit Card
TXN_010439,CUST_0496,STR_015,2025-11-08,1003.16,Digital Wallet
TXN_010440,CUST_0386,STR_002,2025-05-21,3773.64,Credit Card
TXN_010441,CUST_0120,STR_007,2025-08-07,1526.32,Credit Card
TXN_010442,CUST_0297,STR_014,2025-08-10,618.71,Debit Card
TXN_010443,CUST_0382,STR_005,2025-12-25,481.03,Debit Card
TXN_010444,CUST_0178,STR_008,2025-09-05,2749.25,Digital Wallet
TXN_010445,CUST_0190,STR_004,2025-06-19,848.97,Debit Card
TXN_010446,CUST_0378,STR_013,2025-09-28,447.75,Credit Card
TXN_010447,CUST_0122,STR_008,2025-03-29,844.86,Debit Card
TXN_010448,CUST_0080,STR_014,2025-04-14,1437.19,Credit Card
TXN_010449,CUST_0021,STR_020,2025-12-09,639.8,Credit Card
TXN_010450,CUST_0418,STR_001,2025-05-24,1147.75,Cash
TXN_010451,CUST_0008,STR_017,2025-07-21,121.92,Debit Card
TXN_010452,CUST_0399,STR_008,2025-11-27,526.92,Credit Card
TXN_010453,CUST_0233,STR_013,2025-08-16,23.16,Credit Card
TXN_010454,CUST_0335,STR_005,2025-02-25,432.93,Credit Card
TXN_010455,CUST_0377,STR_004,2025-10-25,706.28,Debit Card
TXN_010456,CUST_0139,STR_001,2025-12-13,1260.09,Credit Card
TXN_010457,CUST_0424,STR_010,2025-09-16,2129.05,Debit Card
TXN_010458,CUST_0124,STR_016,2025-12-18,846.49,Cash
TXN_010459,CUST_0302,STR_020,2025-06-17,2236.46,Debit Card
TXN_010460,CUST_0101,STR_011,2025-12-19,1012.68,Cash
TXN_010461,CUST_0341,STR_004,2025-11-29,1340.44,Debit Card
TXN_010462,CUST_0204,STR_017,2025-12-23,1295.07,Debit Card
TXN_010463,CUST_0074,STR_019,2025-05-19,419.44,Credit Card
TXN_010464,CUST_0280,STR_009,2025-11-24,4122.64,Credit Card
TXN_010465,CUST_0243,STR_006,2025-02-07,446.83,Credit Card
TXN_010466,CUST_0053,STR_006,2025-10-29,192.51,Debit Card
TXN_010467,CUST_0483,STR_011,2025-05-14,4015.84,Debit Card
TXN_010468,CUST_0052,STR_004,2025-08-27,442.8,Credit Card
TXN_010469,CUST_0090,STR_012,2025-05-05,23.16,Credit Card
TXN_010470,CUST_0410,STR_019,2025-04-18,282.99,Credit Card
TXN_010471,CUST_0128,STR_007,2025-04-28,1584.13,Digital Wallet
TXN_010472,CUST_0147,STR_008,2025-09-06,290.73,Credit Card
TXN_010473,CUST_0263,STR_019,2025-10-07,1994.08,Credit Card
TXN_010474,CUST_0421,STR_005,2025-11-24,1152.92,Credit Card
TXN_010475,CUST_0412,STR_010,2025-07-01,874.7,Digital Wallet
TXN_010476,CUST_0380,STR_018,2025-10-09,547.64,Credit Card
TXN_010477,CUST_0432,STR_019,2025-01-09,848.85,Credit Card
TXN_010478,CUST_0017,STR_020,2025-08-31,3191.94,Credit Card
TXN_010479,CUST_0338,STR_007,2025-08-27,860.19,Credit Card
TXN_010480,CUST_0087,STR_012,2025-03-19,3460.15,Debit Card
TXN_010481,CUST_0210,STR_009,2025-09-01,216.06,Credit Card
TXN_010482,CUST_0136,STR_009,2025-02-23,1020.36,Debit Card
TXN_010483,CUST_0415,STR_009,2025-01-21,359.7,Debit Card
TXN_010484,CUST_0066,STR_014,2025-09-28,215.05,Credit Card
TXN_010485,CUST_0091,STR_016,2025-06-19,632.48,Credit Card
TXN_010486,CUST_0231,STR_009,2025-06-19,612.06,Credit Card
TXN_010487,CUST_0217,STR_018,2025-01-17,804.71,Digital Wallet
TXN_010488,CUST_0342,STR_017,2025-09-20,112.35,Credit Card
TXN_010489,CUST_0469,STR_001,2025-04-14,1573.97,Debit Card
TXN_010490,CUST_0430,STR_011,2025-02-28,2510.64,Debit Card
TXN_010491,CUST_0173,STR_017,2025-02-28,119.0,Credit Card
TXN_010492,CUST_0472,STR_009,2025-10-24,150.83,Debit Card
TXN_010493,CUST_0164,STR_005,2025-07-03,1615.91,Credit Card
TXN_010494,CUST_0440,STR_003,2025-08-03,1816.58,Credit Card
TXN_010495,CUST_0023,STR_002,2025-06-19,456.98,Digital Wallet
TXN_010496,CUST_0496,STR_007,2025-09-26,576.46,Digital Wallet
TXN_010497,CUST_0431,STR_015,2025-12-15,846.49,Credit Card
TXN_010498,CUST_0332,STR_019,2025-02-04,186.07,Digital Wallet
TXN_010499,CUST_0386,STR_018,2025-10-15,840.89,Debit Card
TXN_010500,CUST_0001,STR_013,2025-06-13,546.47,Credit Card
TXN_010501,CUST_0022,STR_003,2025-11-03,1416.74,Digital Wallet
TXN_010502,CUST_0027,STR_007,2025-05-08,1148.57,Credit Card
TXN_010503,CUST_0273,STR_018,2025-11-14,842.63,Credit Card
TXN_010504,CUST_0483,STR_015,2025-01-16,567.34,Credit Card
TXN_010505,CUST_0416,STR_012,2025-04-08,476.25,Credit Card
TXN_010506,CUST_0489,STR_001,2025-11-06,2096.01,Credit Card
TXN_010507,CUST_0493,STR_007,2025-04-12,286.73,Digital Wallet
TXN_010508,CUST_0286,STR_014,2025-06-05,100.99,Digital Wallet
TXN_010509,CUST_0431,STR_019,2025-08-25,1834.06,Credit Card
TXN_010510,CUST_0204,STR_003,2025-07-08,281.81,Credit Card
TXN_010511,CUST_0012,STR_013,2025-09-29,2189.47,Credit Card
TXN_010512,CUST_0467,STR_007,2025-10-11,1708.78,Credit Card
TXN_010513,CUST_0393,STR_016,2025-04-04,396.19,Credit Card
TXN_010514,CUST_0003,STR_003,2025-02-12,1126.19,Credit Card
TXN_010515,CUST_0224,STR_001,2025-10-22,1131.63,Credit Card
TXN_010516,CUST_0390,STR_003,2025-05-09,3370.52,Credit Card
TXN_010517,CUST_0177,STR_002,2025-11-18,2021.07,Credit Card
TXN_010518,CUST_0471,STR_005,2025-07-19,1108.03,Credit Card
TXN_010519,CUST_0054,STR_015,2025-07-09,1155.24,Debit Card
TXN_010520,CUST_0296,STR_012,2025-08-31,827.24,Credit Card
TXN_010521,CUST_0219,STR_001,2025-10-18,2764.25,Digital Wallet
TXN_010522,CUST_0397,STR_001,2025-04-02,3609.52,Credit Card
TXN_010523,CUST_0465,STR_014,2025-05-14,661.28,Debit Card
TXN_010524,CUST_0098,STR_001,2025-07-07,705.55,Debit Card
TXN_010525,CUST_0255,STR_009,2025-02-11,121.79,Debit Card
TXN_010526,CUST_0401,STR_014,2025-08-05,205.33,Digital Wallet
TXN_010527,CUST_0123,STR_014,2025-11-03,687.46,Debit Card
TXN_010528,CUST_0488,STR_004,2025-04-01,2761.0,Credit Card
TXN_010529,CUST_0027,STR_003,2025-04-11,540.58,Credit Card
TXN_010530,CUST_0492,STR_002,2025-04-29,790.44,Credit Card
TXN_010531,CUST_0121,STR_009,2025-09-29,3088.24,Digital Wallet
TXN_010532,CUST_0173,STR_001,2025-01-25,1627.08,Credit Card
TXN_010533,CUST_0440,STR_019,2025-05-10,41639.11,Credit Card
TXN_010534,CUST_0171,STR_016,2025-07-03,1562.87,Credit Card
TXN_010535,CUST_0306,STR_008,2025-02-06,866.35,Credit Card
TXN_010536,CUST_0294,STR_015,2025-09-15,915.48,Credit Card
TXN_010537,CUST_0142,STR_007,2025-07-19,627.55,Credit Card
TXN_010538,CUST_0050,STR_010,2025-01-08,655.78,Digital Wallet
TXN_010539,CUST_0281,STR_013,2025-02-19,357.19,Digital Wallet
TXN_010540,CUST_0258,STR_006,2025-08-17,267.54,Credit Card
TXN_010541,CUST_0335,STR_017,2025-07-16,1159.93,Credit Card
TXN_010542,CUST_0432,STR_014,2025-03-28,1443.09,Debit Card
TXN_010543,CUST_0201,STR_010,2025-09-25,471.64,Credit Card
TXN_010544,CUST_0449,STR_019,2025-03-20,2207.28,Cash
TXN_010545,CUST_0408,STR_019,2025-05-06,2155.21,Debit Card
TXN_010546,CUST_0021,STR_009,2025-01-06,1023.82,Credit Card
TXN_010547,CUST_0107,STR_016,2025-04-23,1418.31,Credit Card
TXN_010548,CUST_0008,STR_015,2025-12-03,451.09,Digital Wallet
TXN_010549,CUST_0046,STR_009,2025-11-05,2448.82,Credit Card
TXN_010550,CUST_0048,STR_012,2025-10-08,2356.22,Digital Wallet
TXN_010551,CUST_0385,STR_003,2025-02-14,344.56,Debit Card
TXN_010552,CUST_0414,STR_019,2025-03-24,7640.29,Credit Card
TXN_010553,CUST_0086,STR_004,2025-10-10,1848.49,Cash
TXN_010554,CUST_0270,STR_013,2025-12-16,1118.12,Credit Card
TXN_010555,CUST_0048,STR_003,2025-04-20,1544.0,Digital Wallet
TXN_010556,CUST_0195,STR_012,2025-03-31,221.44,Debit Card
TXN_010557,CUST_0461,STR_011,2025-06-22,2854.52,Debit Card
TXN_010558,CUST_0499,STR_008,2025-07-22,3477.63,Credit Card
TXN_010559,CUST_0498,STR_019,2025-03-11,529.62,Credit Card
TXN_010560,CUST_0366,STR_017,2025-12-13,541.95,Credit Card
TXN_010561,CUST_0398,STR_014,2025-07-21,391.83,Credit Card
TXN_010562,CUST_0180,STR_014,2025-03-15,751.63,Credit Card
TXN_010563,CUST_0214,STR_010,2025-09-22,461.8,Credit Card
TXN_010564,CUST_0493,STR_020,2025-07-27,3785.17,Debit Card
TXN_010565,CUST_0422,STR_003,2025-09-06,199.0,Credit Card
TXN_010566,CUST_0454,STR_012,2025-02-21,1406.24,Credit Card
TXN_010567,CUST_0061,STR_018,2025-10-17,1204.6,Debit Card
TXN_010568,CUST_0318,STR_011,2025-02-18,630.72,Credit Card
TXN_010569,CUST_0423,STR_007,2025-06-05,540.58,Debit Card
TXN_010570,CUST_0162,STR_018,2025-08-16,997.18,Credit Card
TXN_010571,CUST_0193,STR_003,2025-05-16,134.99,Debit Card
TXN_010572,CUST_0144,STR_012,2025-10-02,1764.64,Credit Card
TXN_010573,CUST_0267,STR_019,2025-05-08,846.49,Digital Wallet
TXN_010574,CUST_0318,STR_020,2025-02-06,3030.84,Credit Card
TXN_010575,CUST_0360,STR_013,2025-07-03,1400.95,Credit Card
TXN_010576,CUST_0374,STR_013,2025-05-29,422.1,Digital Wallet
TXN_010577,CUST_0078,STR_019,2025-02-14,995.12,Credit Card
TXN_010578,CUST_0374,STR_013,2025-07-30,209.72,Debit Card
TXN_010579,CUST_0214,STR_019,2025-03-29,362.7,Credit Card
TXN_010580,CUST_0297,STR_016,2025-06-20,1256.43,Credit Card
TXN_010581,CUST_0332,STR_018,2025-02-03,277.47,Credit Card
TXN_010582,CUST_0428,STR_001,2025-06-16,1609.42,Credit Card
TXN_010583,CUST_0254,STR_007,2025-04-23,778.18,Digital Wallet
TXN_010584,CUST_0359,STR_015,2025-04-30,60.47,Digital Wallet
TXN_010585,CUST_0159,STR_020,2025-03-25,360.57,Cash
TXN_010586,CUST_0322,STR_011,2025-06-01,442.53,Credit Card
TXN_010587,CUST_0496,STR_017,2025-03-15,3905.97,Digital Wallet
TXN_010588,CUST_0055,STR_006,2025-08-17,2230.73,Debit Card
TXN_010589,CUST_0393,STR_002,2025-06-11,2648.21,Credit Card
TXN_010590,CUST_0323,STR_017,2025-12-08,209.72,Credit Card
TXN_010591,CUST_0339,STR_014,2025-07-29,632.48,Credit Card
TXN_010592,CUST_0357,STR_002,2025-05-29,5414.51,Debit Card
TXN_010593,CUST_0204,STR_007,2025-10-21,727.4,Credit Card
TXN_010594,CUST_0227,STR_004,2025-05-24,393.04,Credit Card
TXN_010595,CUST_0049,STR_002,2025-02-26,274.25,Credit Card
TXN_010596,CUST_0065,STR_003,2025-12-20,409.96,Debit Card
TXN_010597,CUST_0498,STR_016,2025-03-08,128.24,Digital Wallet
TXN_010598,CUST_0112,STR_019,2025-10-14,1067.44,Digital Wallet
TXN_010599,CUST_0160,STR_010,2025-11-01,1020.36,Digital Wallet
TXN_010600,CUST_0401,STR_006,2025-08-17,1311.27,Credit Card
TXN_010601,CUST_0405,STR_014,2025-09-19,639.0,Credit Card
TXN_010602,CUST_0249,STR_011,2025-03-02,566.78,Debit Card
TXN_010603,CUST_0227,STR_012,2025-06-23,181.86,Debit Card
TXN_010604,CUST_0083,STR_008,2025-12-28,828.64,Credit Card
TXN_010605,CUST_0390,STR_010,2025-10-30,210.24,Credit Card
TXN_010606,CUST_0088,STR_008,2025-04-10,8137.4,Digital Wallet
TXN_010607,CUST_0446,STR_009,2025-03-06,604.08,Credit Card
TXN_010608,CUST_0197,STR_019,2025-02-25,2205.32,Credit Card
TXN_010609,CUST_0342,STR_017,2025-02-10,303.1,Debit Card
TXN_010610,CUST_0194,STR_020,2025-04-13,3741.33,Credit Card
TXN_010611,CUST_0093,STR_017,2025-08-01,576.46,Credit Card
TXN_010612,CUST_0283,STR_004,2025-07-02,1167.08,Digital Wallet
TXN_010613,CUST_0293,STR_011,2025-05-29,1529.3,Digital Wallet
TXN_010614,CUST_0357,STR_015,2025-10-17,66.5,Credit Card
TXN_010615,CUST_0285,STR_007,2025-08-12,466.1,Credit Card
TXN_010616,CUST_0038,STR_009,2025-08-23,519.58,Digital Wallet
TXN_010617,CUST_0185,STR_014,2025-03-02,170.49,Digital Wallet
TXN_010618,CUST_0120,STR_009,2025-07-10,655.78,Credit Card
TXN_010619,CUST_0405,STR_018,2025-07-11,3816.83,Credit Card
TXN_010620,CUST_0500,STR_007,2025-01-30,476.58,Credit Card
TXN_010621,CUST_0031,STR_013,2025-07-22,262.65,Credit Card
TXN_010622,CUST_0166,STR_019,2025-02-11,1336.14,Credit Card
TXN_010623,CUST_0023,STR_002,2025-02-27,46708.77,Credit Card
TXN_010624,CUST_0361,STR_004,2025-07-20,578.95,Credit Card
TXN_010625,CUST_0446,STR_014,2025-12-11,1898.97,Digital Wallet
TXN_010626,CUST_0493,STR_011,2025-12-08,445.52,Credit Card
TXN_010627,CUST_0149,STR_004,2025-12-30,344.56,Cash
TXN_010628,CUST_0336,STR_017,2025-08-23,2352.8,Digital Wallet
TXN_010629,CUST_0240,STR_011,2025-12-05,2146.66,Credit Card
TXN_010630,CUST_0096,STR_011,2025-11-19,1064.76,Debit Card
TXN_010631,CUST_0290,STR_001,2025-04-09,1059.24,Credit Card
TXN_010632,CUST_0381,STR_007,2025-03-31,434.54,Debit Card
TXN_010633,CUST_0267,STR_005,2025-10-13,1619.25,Credit Card
TXN_010634,CUST_0050,STR_013,2025-08-21,313.12,Credit Card
TXN_010635,CUST_0193,STR_006,2025-01-23,28.73,Credit Card
TXN_010636,CUST_0183,STR_011,2025-01-30,3525.25,Credit Card
TXN_010637,CUST_0264,STR_009,2025-08-24,2116.41,Credit Card
TXN_010638,CUST_0062,STR_007,2025-01-13,121.92,Debit Card
TXN_010639,CUST_0209,STR_006,2025-07-12,1102.08,Credit Card
TXN_010640,CUST_0001,STR_007,2025-12-14,1715.44,Credit Card
TXN_010641,CUST_0296,STR_013,2025-04-05,600.22,Debit Card
TXN_010642,CUST_0497,STR_014,2025-01-12,2703.88,Debit Card
TXN_010643,CUST_0209,STR_017,2025-04-12,1958.79,Debit Card
TXN_010644,CUST_0018,STR_002,2025-05-05,897.79,Debit Card
TXN_010645,CUST_0133,STR_009,2025-03-12,9434.99,Debit Card
TXN_010646,CUST_0375,STR_003,2025-02-18,1718.44,Credit Card
TXN_010647,CUST_0175,STR_004,2025-09-07,229.48,Credit Card
TXN_010648,CUST_0127,STR_019,2025-07-05,846.49,Credit Card
TXN_010649,CUST_0096,STR_006,2025-03-16,2608.13,Credit Card
TXN_010650,CUST_0082,STR_010,2025-10-10,1666.37,Debit Card
TXN_010651,CUST_0069,STR_011,2025-02-24,12107.95,Digital Wallet
TXN_010652,CUST_0322,STR_008,2025-01-06,1543.79,Credit Card
TXN_010653,CUST_0464,STR_016,2025-07-16,179.85,Credit Card
TXN_010654,CUST_0002,STR_020,2025-05-30,6222.99,Credit Card
TXN_010655,CUST_0106,STR_002,2025-02-13,1245.76,Credit Card
TXN_010656,CUST_0116,STR_011,2025-03-17,523.99,Credit Card
TXN_010657,CUST_0408,STR_014,2025-03-30,281.62,Debit Card
TXN_010658,CUST_0431,STR_019,2025-02-28,1588.19,Credit Card
TXN_010659,CUST_0063,STR_011,2025-10-14,133.93,Credit Card
TXN_010660,CUST_0341,STR_018,2025-07-21,5905.2,Debit Card
TXN_010661,CUST_0083,STR_001,2025-11-19,2367.75,Credit Card
TXN_010662,CUST_0477,STR_009,2025-04-07,175.79,Cash
TXN_010663,CUST_0270,STR_016,2025-11-30,1067.22,Credit Card
TXN_010664,CUST_0228,STR_011,2025-01-05,812.61,Digital Wallet
TXN_010665,CUST_0071,STR_013,2025-04-03,388.43,Cash
TXN_010666,CUST_0165,STR_010,2025-11-16,2518.34,Cash
TXN_010667,CUST_0240,STR_008,2025-04-24,719.78,Debit Card
TXN_010668,CUST_0419,STR_016,2025-01-31,519.58,Credit Card
TXN_010669,CUST_0412,STR_019,2025-12-14,751.54,Credit Card
TXN_010670,CUST_0246,STR_011,2025-05-16,493.53,Debit Card
TXN_010671,CUST_0498,STR_003,2025-08-12,699.01,Digital Wallet
TXN_010672,CUST_0077,STR_003,2025-09-01,1264.18,Credit Card
TXN_010673,CUST_0358,STR_019,2025-05-04,661.28,Credit Card
TXN_010674,CUST_0111,STR_016,2025-07-09,518.81,Credit Card
TXN_010675,CUST_0165,STR_003,2025-10-02,754.62,Debit Card
TXN_010676,CUST_0297,STR_008,2025-11-16,2403.91,Debit Card
TXN_010677,CUST_0210,STR_010,2025-03-09,983.36,Credit Card
TXN_010678,CUST_0378,STR_002,2025-05-09,771.05,Credit Card
TXN_010679,CUST_0499,STR_016,2025-10-10,2521.63,Digital Wallet
TXN_010680,CUST_0226,STR_008,2025-02-13,52.5,Debit Card
TXN_010681,CUST_0493,STR_005,2025-08-04,1522.82,Debit Card
TXN_010682,CUST_0109,STR_015,2025-12-14,399.46,Credit Card
TXN_010683,CUST_0120,STR_013,2025-09-14,26747.06,Debit Card
TXN_010684,CUST_0043,STR_006,2025-03-15,419.29,Debit Card
TXN_010685,CUST_0142,STR_002,2025-07-03,952.5,Credit Card
TXN_010686,CUST_0351,STR_005,2025-05-11,1588.59,Credit Card
TXN_010687,CUST_0110,STR_005,2025-06-17,210.24,Credit Card
TXN_010688,CUST_0359,STR_004,2025-08-21,929.34,Credit Card
TXN_010689,CUST_0490,STR_018,2025-04-30,643.03,Digital Wallet
TXN_010690,CUST_0285,STR_001,2025-09-03,573.46,Debit Card
TXN_010691,CUST_0471,STR_011,2025-10-14,1469.06,Credit Card
TXN_010692,CUST_0136,STR_006,2025-09-18,391.74,Debit Card
TXN_010693,CUST_0026,STR_008,2025-04-07,1015.61,Credit Card
TXN_010694,CUST_0119,STR_016,2025-05-06,635.65,Credit Card
TXN_010695,CUST_0023,STR_007,2025-06-26,206.74,Credit Card
TXN_010696,CUST_0494,STR_008,2025-11-05,106.31,Credit Card
TXN_010697,CUST_0133,STR_017,2025-03-30,103.22,Debit Card
TXN_010698,CUST_0052,STR_009,2025-06-02,103.22,Credit Card
TXN_010699,CUST_0248,STR_014,2025-07-02,604.08,Credit Card
TXN_010700,CUST_0020,STR_001,2025-11-21,209.72,Credit Card
TXN_010701,CUST_0412,STR_004,2025-05-09,422.1,Debit Card
TXN_010702,CUST_0112,STR_012,2025-07-29,1152.92,Credit Card
TXN_010703,CUST_0112,STR_017,2025-09-28,716.46,Credit Card
TXN_010704,CUST_0260,STR_002,2025-10-21,1706.87,Digital Wallet
TXN_010705,CUST_0279,STR_004,2025-08-01,616.09,Credit Card
TXN_010706,CUST_0419,STR_001,2025-01-23,420.74,Debit Card
TXN_010707,CUST_0016,STR_010,2025-07-14,548.5,Credit Card
TXN_010708,CUST_0382,STR_002,2025-02-17,809.95,Credit Card
TXN_010709,CUST_0105,STR_012,2025-06-26,28.73,Credit Card
TXN_010710,CUST_0378,STR_002,2025-11-06,1056.21,Credit Card
TXN_010711,CUST_0468,STR_017,2025-08-26,602.55,Credit Card
TXN_010712,CUST_0293,STR_005,2025-08-31,799.6,Credit Card
TXN_010713,CUST_0206,STR_013,2025-08-05,1642.91,Credit Card
TXN_010714,CUST_0453,STR_017,2025-10-16,459.49,Credit Card
TXN_010715,CUST_0221,STR_001,2025-06-02,884.63,Debit Card
TXN_010716,CUST_0431,STR_020,2025-12-02,274.25,Credit Card
TXN_010717,CUST_0214,STR_003,2025-01-15,206.74,Digital Wallet
TXN_010718,CUST_0273,STR_007,2025-08-26,201.7,Debit Card
TXN_010719,CUST_0176,STR_014,2025-09-15,551.04,Debit Card
TXN_010720,CUST_0203,STR_007,2025-09-21,925.44,Debit Card
TXN_010721,CUST_0488,STR_006,2025-12-18,1232.17,Debit Card
TXN_010722,CUST_0268,STR_003,2025-11-23,2563.17,Digital Wallet
TXN_010723,CUST_0019,STR_011,2025-07-06,860.19,Credit Card
TXN_010724,CUST_0113,STR_012,2025-11-26,520.83,Credit Card
TXN_010725,CUST_0367,STR_015,2025-09-21,519.58,Credit Card
TXN_010726,CUST_0089,STR_019,2025-02-09,524.28,Debit Card
TXN_010727,CUST_0001,STR_005,2025-09-20,1095.27,Credit Card
TXN_010728,CUST_0052,STR_008,2025-09-19,1525.96,Digital Wallet
TXN_010729,CUST_0166,STR_020,2025-02-13,199.23,Credit Card
TXN_010730,CUST_0228,STR_020,2025-06-01,540.58,Debit Card
TXN_010731,CUST_0434,STR_006,2025-09-05,672.17,Debit Card
TXN_010732,CUST_0142,STR_004,2025-10-22,764.47,Credit Card
TXN_010733,CUST_0099,STR_007,2025-04-17,1670.77,Debit Card
TXN_010734,CUST_0208,STR_019,2025-12-21,420.48,Debit Card
TXN_010735,CUST_0357,STR_010,2025-07-24,946.52,Credit Card
TXN_010736,CUST_0052,STR_010,2025-05-18,892.23,Digital Wallet
TXN_010737,CUST_0007,STR_006,2025-02-16,171.49,Digital Wallet
TXN_010738,CUST_0397,STR_002,2025-11-26,610.12,Credit Card
TXN_010739,CUST_0161,STR_001,2025-11-12,477.13,Credit Card
TXN_010740,CUST_0436,STR_013,2025-08-13,743.75,Credit Card
TXN_010741,CUST_0020,STR_009,2025-09-12,777.29,Credit Card
TXN_010742,CUST_0367,STR_001,2025-06-16,520.83,Credit Card
TXN_010743,CUST_0135,STR_012,2025-08-24,442.71,Credit Card
TXN_010744,CUST_0372,STR_020,2025-08-07,140.0,Digital Wallet
TXN_010745,CUST_0481,STR_012,2025-03-06,1657.27,Digital Wallet
TXN_010746,CUST_0210,STR_001,2025-03-27,621.62,Credit Card
TXN_010747,CUST_0183,STR_007,2025-06-11,1622.04,Credit Card
TXN_010748,CUST_0036,STR_020,2025-03-04,1565.38,Credit Card
TXN_010749,CUST_0279,STR_019,2025-11-30,594.96,Digital Wallet
TXN_010750,CUST_0070,STR_018,2025-12-31,121.79,Digital Wallet
TXN_010751,CUST_0455,STR_005,2025-12-25,1008.46,Credit Card
TXN_010752,CUST_0040,STR_016,2025-06-02,538.38,Credit Card
TXN_010753,CUST_0176,STR_012,2025-04-26,196.47,Digital Wallet
TXN_010754,CUST_0197,STR_015,2025-11-15,2728.01,Debit Card
TXN_010755,CUST_0449,STR_009,2025-05-28,540.58,Credit Card
TXN_010756,CUST_0207,STR_020,2025-08-08,262.03,Credit Card
TXN_010757,CUST_0050,STR_004,2025-12-23,1032.22,Credit Card
TXN_010758,CUST_0157,STR_005,2025-10-30,168.58,Debit Card
TXN_010759,CUST_0239,STR_003,2025-08-19,1293.4,Credit Card
TXN_010760,CUST_0475,STR_006,2025-11-15,1340.03,Credit Card
TXN_010761,CUST_0075,STR_001,2025-11-27,4273.09,Credit Card
TXN_010762,CUST_0374,STR_006,2025-04-23,5271.87,Credit Card
TXN_010763,CUST_0254,STR_004,2025-03-02,448.22,Credit Card
TXN_010764,CUST_0428,STR_020,2025-06-19,749.66,Cash
TXN_010765,CUST_0335,STR_006,2025-12-19,3786.8,Credit Card
TXN_010766,CUST_0054,STR_004,2025-12-07,7264.3,Debit Card
TXN_010767,CUST_0475,STR_008,2025-05-27,840.12,Credit Card
TXN_010768,CUST_0305,STR_009,2025-10-13,3132.29,Debit Card
TXN_010769,CUST_0312,STR_003,2025-10-25,454.83,Digital Wallet
TXN_010770,CUST_0141,STR_014,2025-12-12,964.84,Credit Card
TXN_010771,CUST_0116,STR_003,2025-11-03,1131.96,Debit Card
TXN_010772,CUST_0268,STR_011,2025-08-13,2083.82,Credit Card
TXN_010773,CUST_0026,STR_002,2025-06-02,412.14,Cash
TXN_010774,CUST_0414,STR_018,2025-06-10,481.03,Digital Wallet
TXN_010775,CUST_0269,STR_016,2025-09-12,654.34,Credit Card
TXN_010776,CUST_0278,STR_013,2025-12-08,444.41,Debit Card
TXN_010777,CUST_0244,STR_005,2025-05-30,282.99,Credit Card
TXN_010778,CUST_0465,STR_011,2025-07-18,56.93,Credit Card
TXN_010779,CUST_0417,STR_007,2025-05-19,3257.98,Debit Card
TXN_010780,CUST_0044,STR_002,2025-07-13,281.62,Credit Card
TXN_010781,CUST_0069,STR_014,2025-02-11,196.12,Debit Card
TXN_010782,CUST_0250,STR_020,2025-12-10,3113.54,Credit Card
TXN_010783,CUST_0379,STR_001,2025-08-25,882.5,Cash
TXN_010784,CUST_0290,STR_010,2025-07-13,10830.78,Debit Card
TXN_010785,CUST_0431,STR_017,2025-12-03,4241.63,Credit Card
TXN_010786,CUST_0329,STR_019,2025-04-13,1170.8,Debit Card
TXN_010787,CUST_0273,STR_012,2025-08-31,437.5,Credit Card
TXN_010788,CUST_0484,STR_017,2025-01-31,2053.62,Credit Card
TXN_010789,CUST_0250,STR_002,2025-09-19,1564.26,Debit Card
TXN_010790,CUST_0031,STR_005,2025-10-25,775.69,Digital Wallet
TXN_010791,CUST_0408,STR_007,2025-07-22,538.38,Debit Card
TXN_010792,CUST_0110,STR_013,2025-04-05,453.51,Credit Card
TXN_010793,CUST_0359,STR_011,2025-12-20,956.24,Credit Card
TXN_010794,CUST_0048,STR_018,2025-12-13,308.27,Debit Card
TXN_010795,CUST_0045,STR_005,2025-03-31,1193.52,Credit Card
TXN_010796,CUST_0284,STR_010,2025-06-28,650.31,Credit Card
TXN_010797,CUST_0303,STR_009,2025-08-14,752.89,Credit Card
TXN_010798,CUST_0413,STR_011,2025-12-03,2116.35,Credit Card
TXN_010799,CUST_0421,STR_006,2025-09-15,103.22,Credit Card
TXN_010800,CUST_0155,STR_020,2025-05-20,128.24,Credit Card
TXN_010801,CUST_0348,STR_016,2025-12-14,404.81,Credit Card
TXN_010802,CUST_0191,STR_019,2025-10-08,520.83,Credit Card
TXN_010803,CUST_0452,STR_003,2025-07-26,655.78,Debit Card
TXN_010804,CUST_0223,STR_003,2025-07-22,725.4,Debit Card
TXN_010805,CUST_0284,STR_013,2025-02-07,814.54,Credit Card
TXN_010806,CUST_0008,STR_007,2025-09-24,127.3,Credit Card
TXN_010807,CUST_0093,STR_018,2025-07-29,1567.99,Credit Card
TXN_010808,CUST_0355,STR_014,2025-03-22,153.81,Credit Card
TXN_010809,CUST_0325,STR_003,2025-11-01,2138.18,Debit Card
TXN_010810,CUST_0282,STR_014,2025-09-06,1014.43,Credit Card
TXN_010811,CUST_0267,STR_001,2025-07-10,854.06,Credit Card
TXN_010812,CUST_0420,STR_018,2025-07-16,1486.31,Debit Card
TXN_010813,CUST_0489,STR_013,2025-06-09,106.31,Credit Card
TXN_010814,CUST_0054,STR_012,2025-05-27,840.28,Digital Wallet
TXN_010815,CUST_0105,STR_020,2025-12-15,732.6,Cash
TXN_010816,CUST_0498,STR_003,2025-03-13,2820.67,Credit Card
TXN_010817,CUST_0381,STR_017,2025-04-27,604.08,Debit Card
TXN_010818,CUST_0158,STR_014,2025-07-07,446.83,Debit Card
TXN_010819,CUST_0349,STR_004,2025-09-25,1776.71,Debit Card
TXN_010820,CUST_0187,STR_008,2025-06-01,1354.32,Cash
TXN_010821,CUST_0046,STR_009,2025-10-18,1235.84,Credit Card
TXN_010822,CUST_0198,STR_002,2025-02-14,493.4,Digital Wallet
TXN_010823,CUST_0325,STR_018,2025-10-18,6991.12,Debit Card
TXN_010824,CUST_0145,STR_005,2025-12-29,530.27,Debit Card
TXN_010825,CUST_0481,STR_017,2025-01-02,2015.12,Credit Card
TXN_010826,CUST_0053,STR_014,2025-11-17,758.37,Debit Card
TXN_010827,CUST_0177,STR_015,2025-05-28,2114.55,Digital Wallet
TXN_010828,CUST_0126,STR_006,2025-06-22,413.87,Credit Card
TXN_010829,CUST_0433,STR_003,2025-11-17,372.32,Credit Card
TXN_010830,CUST_0102,STR_017,2025-09-04,758.37,Cash
TXN_010831,CUST_0217,STR_019,2025-08-20,391.92,Debit Card
TXN_010832,CUST_0309,STR_007,2025-07-03,524.28,Credit Card
TXN_010833,CUST_0138,STR_003,2025-10-10,1007.28,Debit Card
TXN_010834,CUST_0488,STR_005,2025-11-22,899.94,Credit Card
TXN_010835,CUST_0404,STR_001,2025-03-02,239.38,Credit Card
TXN_010836,CUST_0038,STR_019,2025-09-25,391.74,Credit Card
TXN_010837,CUST_0201,STR_017,2025-01-14,1341.93,Credit Card
TXN_010838,CUST_0127,STR_010,2025-12-03,616.54,Credit Card
TXN_010839,CUST_0476,STR_017,2025-08-01,1486.98,Digital Wallet
TXN_010840,CUST_0090,STR_019,2025-05-27,613.62,Digital Wallet
TXN_010841,CUST_0483,STR_018,2025-02-11,205.33,Credit Card
TXN_010842,CUST_0116,STR_006,2025-02-24,1980.08,Credit Card
TXN_010843,CUST_0191,STR_003,2025-02-12,518.81,Credit Card
TXN_010844,CUST_0428,STR_013,2025-01-02,613.87,Debit Card
TXN_010845,CUST_0496,STR_019,2025-08-05,1689.12,Debit Card
TXN_010846,CUST_0353,STR_019,2025-09-14,28.73,Credit Card
TXN_010847,CUST_0088,STR_009,2025-05-05,989.58,Digital Wallet
TXN_010848,CUST_0316,STR_015,2025-02-25,1578.56,Credit Card
TXN_010849,CUST_0010,STR_009,2025-03-07,653.79,Credit Card
TXN_010850,CUST_0244,STR_002,2025-08-18,987.81,Debit Card
TXN_010851,CUST_0005,STR_010,2025-03-06,270.34,Credit Card
TXN_010852,CUST_0397,STR_016,2025-01-23,2915.65,Credit Card
TXN_010853,CUST_0228,STR_010,2025-03-14,208.78,Cash
TXN_010854,CUST_0291,STR_008,2025-11-24,809.95,Cash
TXN_010855,CUST_0301,STR_019,2025-03-04,971.02,Credit Card
TXN_010856,CUST_0490,STR_003,2025-05-09,363.72,Debit Card
TXN_010857,CUST_0073,STR_004,2025-04-15,1020.36,Debit Card
TXN_010858,CUST_0497,STR_009,2025-11-01,1157.2,Credit Card
TXN_010859,CUST_0473,STR_010,2025-01-26,557.1,Credit Card
TXN_010860,CUST_0471,STR_020,2025-03-08,908.62,Credit Card
TXN_010861,CUST_0225,STR_017,2025-08-19,442.53,Debit Card
TXN_010862,CUST_0063,STR_005,2025-07-21,1185.91,Credit Card
TXN_010863,CUST_0353,STR_001,2025-09-08,297.46,Credit Card
TXN_010864,CUST_0208,STR_003,2025-05-29,1603.98,Credit Card
TXN_010865,CUST_0464,STR_002,2025-04-29,3116.48,Credit Card
TXN_010866,CUST_0179,STR_018,2025-12-24,148.33,Debit Card
TXN_010867,CUST_0365,STR_016,2025-03-14,854.39,Credit Card
TXN_010868,CUST_0493,STR_007,2025-05-10,1716.97,Credit Card
TXN_010869,CUST_0050,STR_006,2025-02-04,1114.43,Credit Card
TXN_010870,CUST_0489,STR_010,2025-04-10,126.52,Debit Card
TXN_010871,CUST_0085,STR_017,2025-01-10,661.28,Debit Card
TXN_010872,CUST_0161,STR_012,2025-08-01,1849.32,Credit Card
TXN_010873,CUST_0307,STR_020,2025-12-02,970.8,Credit Card
TXN_010874,CUST_0484,STR_011,2025-10-02,206.81,Debit Card
TXN_010875,CUST_0298,STR_015,2025-08-10,172.77,Credit Card
TXN_010876,CUST_0178,STR_007,2025-05-15,57.46,Credit Card
TXN_010877,CUST_0138,STR_016,2025-12-13,1706.52,Credit Card
TXN_010878,CUST_0244,STR_011,2025-06-27,401.0,Credit Card
TXN_010879,CUST_0373,STR_014,2025-08-02,2231.07,Credit Card
TXN_010880,CUST_0090,STR_008,2025-02-15,471.32,Debit Card
TXN_010881,CUST_0112,STR_018,2025-02-08,1566.28,Debit Card
TXN_010882,CUST_0337,STR_019,2025-09-18,1042.32,Debit Card
TXN_010883,CUST_0143,STR_012,2025-04-01,195.06,Debit Card
TXN_010884,CUST_0035,STR_006,2025-08-28,804.71,Debit Card
TXN_010885,CUST_0049,STR_004,2025-12-28,1980.08,Credit Card
TXN_010886,CUST_0467,STR_010,2025-10-12,276.94,Credit Card
TXN_010887,CUST_0493,STR_016,2025-06-02,315.51,Credit Card
TXN_010888,CUST_0312,STR_003,2025-03-06,581.8,Debit Card
TXN_010889,CUST_0253,STR_014,2025-03-26,576.03,Debit Card
TXN_010890,CUST_0015,STR_016,2025-04-22,653.09,Credit Card
TXN_010891,CUST_0335,STR_001,2025-06-07,2136.52,Digital Wallet
TXN_010892,CUST_0332,STR_007,2025-03-31,937.49,Debit Card
TXN_010893,CUST_0450,STR_020,2025-11-09,1294.76,Credit Card
TXN_010894,CUST_0349,STR_015,2025-04-27,111.62,Debit Card
TXN_010895,CUST_0023,STR_002,2025-08-21,276.94,Digital Wallet
TXN_010896,CUST_0180,STR_012,2025-05-03,103.22,Debit Card
TXN_010897,CUST_0148,STR_003,2025-09-15,308.0,Digital Wallet
TXN_010898,CUST_0130,STR_016,2025-11-08,625.07,Credit Card
TXN_010899,CUST_0466,STR_012,2025-10-22,72.02,Credit Card
TXN_010900,CUST_0304,STR_005,2025-08-08,3336.63,Credit Card
TXN_010901,CUST_0004,STR_016,2025-02-08,1716.23,Cash
TXN_010902,CUST_0449,STR_007,2025-09-13,860.19,Credit Card
TXN_010903,CUST_0065,STR_005,2025-07-14,199.73,Credit Card
TXN_010904,CUST_0178,STR_018,2025-09-02,1225.02,Credit Card
TXN_010905,CUST_0406,STR_009,2025-02-25,865.38,Credit Card
TXN_010906,CUST_0258,STR_017,2025-10-30,151.62,Debit Card
TXN_010907,CUST_0058,STR_016,2025-02-11,1039.73,Digital Wallet
TXN_010908,CUST_0228,STR_011,2025-11-16,685.81,Credit Card
TXN_010909,CUST_0186,STR_009,2025-05-01,300.0,Credit Card
TXN_010910,CUST_0367,STR_015,2025-05-23,477.16,Digital Wallet
TXN_010911,CUST_0289,STR_010,2025-07-10,1063.0,Credit Card
TXN_010912,CUST_0056,STR_005,2025-12-13,1911.1,Digital Wallet
TXN_010913,CUST_0265,STR_012,2025-09-03,923.51,Digital Wallet
TXN_010914,CUST_0328,STR_004,2025-05-23,721.91,Credit Card
TXN_010915,CUST_0481,STR_001,2025-11-06,362.7,Digital Wallet
TXN_010916,CUST_0020,STR_013,2025-10-04,1681.31,Digital Wallet
TXN_010917,CUST_0356,STR_015,2025-10-02,274.25,Credit Card
TXN_010918,CUST_0277,STR_011,2025-08-02,723.28,Digital Wallet
TXN_010919,CUST_0030,STR_001,2025-06-25,524.28,Debit Card
TXN_010920,CUST_0342,STR_005,2025-04-07,811.59,Credit Card
TXN_010921,CUST_0474,STR_013,2025-09-16,439.49,Debit Card
TXN_010922,CUST_0342,STR_018,2025-03-05,1757.52,Credit Card
TXN_010923,CUST_0215,STR_006,2025-05-27,2512.86,Credit Card
TXN_010924,CUST_0228,STR_011,2025-03-05,2781.47,Digital Wallet
TXN_010925,CUST_0486,STR_005,2025-12-18,447.91,Credit Card
TXN_010926,CUST_0290,STR_002,2025-11-06,576.46,Credit Card
TXN_010927,CUST_0172,STR_014,2025-10-18,1308.68,Digital Wallet
TXN_010928,CUST_0174,STR_015,2025-06-29,621.62,Credit Card
TXN_010929,CUST_0141,STR_003,2025-05-11,3058.83,Digital Wallet
TXN_010930,CUST_0198,STR_002,2025-08-31,1713.68,Cash
TXN_010931,CUST_0056,STR_014,2025-05-27,1337.42,Debit Card
TXN_010932,CUST_0430,STR_011,2025-04-05,263.09,Credit Card
TXN_010933,CUST_0425,STR_012,2025-05-04,716.24,Credit Card
TXN_010934,CUST_0115,STR_012,2025-05-26,150.0,Credit Card
TXN_010935,CUST_0295,STR_009,2025-03-02,2079.23,Credit Card
TXN_010936,CUST_0367,STR_018,2025-08-02,169.64,Credit Card
TXN_010937,CUST_0027,STR_002,2025-02-13,5047.95,Cash
TXN_010938,CUST_0036,STR_016,2025-08-28,787.37,Debit Card
TXN_010939,CUST_0067,STR_002,2025-07-18,3249.8,Credit Card
TXN_010940,CUST_0496,STR_004,2025-06-10,658.76,Cash
TXN_010941,CUST_0057,STR_001,2025-04-07,822.39,Credit Card
TXN_010942,CUST_0097,STR_013,2025-06-11,842.63,Credit Card
TXN_010943,CUST_0146,STR_017,2025-06-27,1429.32,Digital Wallet
TXN_010944,CUST_0261,STR_006,2025-06-26,720.63,Credit Card
TXN_010945,CUST_0022,STR_011,2025-03-14,2587.83,Cash
TXN_010946,CUST_0052,STR_007,2025-12-08,1090.53,Debit Card
TXN_010947,CUST_0421,STR_007,2025-04-28,274.25,Credit Card
TXN_010948,CUST_0043,STR_014,2025-05-24,472.52,Digital Wallet
TXN_010949,CUST_0182,STR_020,2025-05-19,2914.18,Debit Card
TXN_010950,CUST_0201,STR_011,2025-03-07,658.41,Credit Card
TXN_010951,CUST_0083,STR_002,2025-12-11,969.08,Digital Wallet
TXN_010952,CUST_0219,STR_007,2025-01-20,924.07,Debit Card
TXN_010953,CUST_0154,STR_008,2025-09-17,1013.6,Digital Wallet
TXN_010954,CUST_0108,STR_020,2025-02-22,708.37,Credit Card
TXN_010955,CUST_0010,STR_016,2025-12-16,1146.92,Credit Card
TXN_010956,CUST_0061,STR_014,2025-12-24,349.06,Debit Card
TXN_010957,CUST_0198,STR_015,2025-09-10,448.22,Credit Card
TXN_010958,CUST_0414,STR_020,2025-02-12,3481.21,Credit Card
TXN_010959,CUST_0002,STR_018,2025-10-29,1141.12,Digital Wallet
TXN_010960,CUST_0468,STR_010,2025-12-06,657.39,Digital Wallet
TXN_010961,CUST_0168,STR_008,2025-02-19,1183.06,Credit Card
TXN_010962,CUST_0298,STR_005,2025-09-16,1747.9,Credit Card
TXN_010963,CUST_0323,STR_006,2025-08-14,1845.49,Debit Card
TXN_010964,CUST_0182,STR_009,2025-05-26,432.99,Credit Card
TXN_010965,CUST_0250,STR_011,2025-08-05,174.53,Credit Card
TXN_010966,CUST_0203,STR_019,2025-05-20,1455.92,Debit Card
TXN_010967,CUST_0184,STR_013,2025-08-05,565.98,Credit Card
TXN_010968,CUST_0001,STR_016,2025-06-12,613.87,Credit Card
TXN_010969,CUST_0383,STR_014,2025-09-26,838.88,Digital Wallet
TXN_010970,CUST_0318,STR_007,2025-09-30,1446.22,Credit Card
TXN_010971,CUST_0272,STR_020,2025-08-20,360.77,Cash
TXN_010972,CUST_0185,STR_002,2025-03-19,563.24,Credit Card
TXN_010973,CUST_0321,STR_019,2025-03-01,313.12,Digital Wallet
TXN_010974,CUST_0292,STR_006,2025-01-06,1378.42,Credit Card
TXN_010975,CUST_0013,STR_001,2025-02-10,60.96,Debit Card
TXN_010976,CUST_0452,STR_020,2025-04-18,2097.12,Credit Card
TXN_010977,CUST_0237,STR_009,2025-08-05,1908.13,Digital Wallet
TXN_010978,CUST_0097,STR_019,2025-06-19,561.81,Digital Wallet
TXN_010979,CUST_0010,STR_012,2025-02-03,63.26,Credit Card
TXN_010980,CUST_0100,STR_008,2025-07-10,23546.88,Credit Card
TXN_010981,CUST_0160,STR_015,2025-06-15,1169.1,Debit Card
TXN_010982,CUST_0420,STR_003,2025-04-14,412.36,Debit Card
TXN_010983,CUST_0124,STR_020,2025-02-08,196.42,Cash
TXN_010984,CUST_0011,STR_014,2025-07-05,1586.16,Credit Card
TXN_010985,CUST_0492,STR_011,2025-10-10,1371.63,Credit Card
TXN_010986,CUST_0489,STR_008,2025-12-22,263.09,Credit Card
TXN_010987,CUST_0397,STR_006,2025-08-16,212.62,Credit Card
TXN_010988,CUST_0008,STR_008,2025-09-21,28.73,Credit Card
TXN_010989,CUST_0109,STR_011,2025-05-11,157.29,Debit Card
TXN_010990,CUST_0134,STR_007,2025-01-11,281.62,Credit Card
TXN_010991,CUST_0323,STR_009,2025-09-14,115.7,Credit Card
TXN_010992,CUST_0255,STR_016,2025-01-02,741.2,Credit Card
TXN_010993,CUST_0310,STR_016,2025-10-10,909.19,Credit Card
TXN_010994,CUST_0215,STR_017,2025-01-12,4168.38,Digital Wallet
TXN_010995,CUST_0499,STR_003,2025-08-19,6361.32,Cash
TXN_010996,CUST_0357,STR_006,2025-11-05,1680.48,Digital Wallet
TXN_010997,CUST_0131,STR_008,2025-05-18,93.3,Credit Card
TXN_010998,CUST_0431,STR_013,2025-11-07,3043.13,Debit Card
TXN_010999,CUST_0494,STR_015,2025-06-10,23302.49,Credit Card
TXN_011000,CUST_0013,STR_003,2025-11-17,266.15,Debit Card
TXN_011001,CUST_0196,STR_003,2025-07-16,899.94,Credit Card
TXN_011002,CUST_0201,STR_018,2025-01-09,1039.03,Debit Card
TXN_011003,CUST_0391,STR_015,2025-01-07,1822.88,Credit Card
TXN_011004,CUST_0427,STR_010,2025-01-18,199.0,Digital Wallet
TXN_011005,CUST_0435,STR_019,2025-07-09,1749.53,Digital Wallet
TXN_011006,CUST_0117,STR_020,2025-07-21,785.02,Credit Card
TXN_011007,CUST_0230,STR_011,2025-01-16,551.82,Credit Card
TXN_011008,CUST_0387,STR_020,2025-05-10,5400.66,Credit Card
TXN_011009,CUST_0193,STR_007,2025-03-09,196.4,Cash
TXN_011010,CUST_0064,STR_017,2025-10-24,544.79,Credit Card
TXN_011011,CUST_0027,STR_006,2025-10-25,726.23,Credit Card
TXN_011012,CUST_0185,STR_008,2025-02-03,442.53,Credit Card
TXN_011013,CUST_0421,STR_013,2025-10-21,189.22,Credit Card
TXN_011014,CUST_0394,STR_003,2025-03-13,2564.97,Credit Card
TXN_011015,CUST_0421,STR_001,2025-07-09,765.65,Digital Wallet
TXN_011016,CUST_0381,STR_014,2025-03-02,1348.05,Digital Wallet
TXN_011017,CUST_0406,STR_016,2025-06-22,1154.57,Credit Card
TXN_011018,CUST_0471,STR_011,2025-06-13,369.01,Credit Card
TXN_011019,CUST_0494,STR_016,2025-03-08,576.04,Digital Wallet
TXN_011020,CUST_0298,STR_001,2025-06-09,2021.57,Digital Wallet
TXN_011021,CUST_0345,STR_019,2025-06-14,617.47,Digital Wallet
TXN_011022,CUST_0367,STR_011,2025-01-23,1526.62,Credit Card
TXN_011023,CUST_0444,STR_010,2025-05-10,106.31,Credit Card
TXN_011024,CUST_0474,STR_013,2025-11-21,106.31,Credit Card
TXN_011025,CUST_0043,STR_013,2025-05-20,1625.24,Credit Card
TXN_011026,CUST_0454,STR_014,2025-07-19,168.58,Debit Card
TXN_011027,CUST_0232,STR_015,2025-04-28,582.64,Credit Card
TXN_011028,CUST_0178,STR_001,2025-06-03,2539.47,Credit Card
TXN_011029,CUST_0280,STR_007,2025-07-18,2258.05,Digital Wallet
TXN_011030,CUST_0167,STR_012,2025-12-15,233.73,Digital Wallet
TXN_011031,CUST_0053,STR_019,2025-06-16,453.44,Credit Card
TXN_011032,CUST_0473,STR_017,2025-12-03,199.23,Credit Card
TXN_011033,CUST_0135,STR_009,2025-11-11,707.32,Debit Card
TXN_011034,CUST_0092,STR_018,2025-09-11,731.43,Debit Card
TXN_011035,CUST_0085,STR_013,2025-05-07,201.7,Digital Wallet
TXN_011036,CUST_0065,STR_001,2025-08-11,844.62,Credit Card
TXN_011037,CUST_0357,STR_011,2025-03-06,472.52,Debit Card
TXN_011038,CUST_0365,STR_001,2025-05-21,533.95,Credit Card
TXN_011039,CUST_0159,STR_003,2025-09-15,1089.4,Debit Card
TXN_011040,CUST_0333,STR_010,2025-05-30,1320.6,Credit Card
TXN_011041,CUST_0450,STR_017,2025-12-31,1621.74,Credit Card
TXN_011042,CUST_0011,STR_017,2025-05-22,711.91,Credit Card
TXN_011043,CUST_0208,STR_009,2025-05-01,179.16,Credit Card
TXN_011044,CUST_0390,STR_002,2025-01-28,578.95,Digital Wallet
TXN_011045,CUST_0471,STR_003,2025-06-03,205.33,Credit Card
TXN_011046,CUST_0373,STR_002,2025-09-14,471.13,Debit Card
TXN_011047,CUST_0359,STR_017,2025-05-17,1096.87,Digital Wallet
TXN_011048,CUST_0035,STR_003,2025-09-14,206.81,Credit Card
TXN_011049,CUST_0390,STR_002,2025-01-02,417.56,Credit Card
TXN_011050,CUST_0160,STR_019,2025-10-20,324.66,Credit Card
TXN_011051,CUST_0404,STR_008,2025-11-27,1141.99,Credit Card
TXN_011052,CUST_0398,STR_019,2025-10-06,529.53,Credit Card
TXN_011053,CUST_0088,STR_015,2025-06-11,212.09,Credit Card
TXN_011054,CUST_0047,STR_010,2025-12-24,6335.36,Debit Card
TXN_011055,CUST_0235,STR_010,2025-06-03,687.46,Debit Card
TXN_011056,CUST_0093,STR_007,2025-11-08,174.53,Debit Card
TXN_011057,CUST_0296,STR_016,2025-10-30,885.11,Debit Card
TXN_011058,CUST_0437,STR_005,2025-06-06,557.41,Credit Card
TXN_011059,CUST_0497,STR_003,2025-06-19,425.24,Credit Card
TXN_011060,CUST_0195,STR_006,2025-02-02,502.36,Credit Card
TXN_011061,CUST_0182,STR_006,2025-06-01,2165.56,Credit Card
TXN_011062,CUST_0286,STR_007,2025-08-19,713.96,Digital Wallet
TXN_011063,CUST_0164,STR_011,2025-04-13,5540.02,Credit Card
TXN_011064,CUST_0405,STR_016,2025-02-22,1020.36,Credit Card
TXN_011065,CUST_0134,STR_008,2025-05-06,2375.97,Digital Wallet
TXN_011066,CUST_0485,STR_016,2025-11-14,865.31,Credit Card
TXN_011067,CUST_0413,STR_004,2025-09-15,1450.8,Credit Card
TXN_011068,CUST_0011,STR_009,2025-06-15,1443.82,Credit Card
TXN_011069,CUST_0075,STR_003,2025-02-17,1595.56,Credit Card
TXN_011070,CUST_0380,STR_008,2025-03-31,261.58,Debit Card
TXN_011071,CUST_0034,STR_012,2025-10-13,929.0,Credit Card
TXN_011072,CUST_0431,STR_008,2025-12-07,849.22,Credit Card
TXN_011073,CUST_0175,STR_008,2025-12-11,360.77,Debit Card
TXN_011074,CUST_0261,STR_001,2025-06-13,825.0,Credit Card
TXN_011075,CUST_0014,STR_003,2025-06-03,470.35,Debit Card
TXN_011076,CUST_0397,STR_006,2025-02-13,3663.97,Credit Card
TXN_011077,CUST_0228,STR_008,2025-06-05,391.92,Digital Wallet
TXN_011078,CUST_0395,STR_015,2025-12-07,578.95,Credit Card
TXN_011079,CUST_0389,STR_003,2025-03-23,222.34,Digital Wallet
TXN_011080,CUST_0176,STR_017,2025-01-18,1443.82,Credit Card
TXN_011081,CUST_0449,STR_003,2025-07-08,129.76,Debit Card
TXN_011082,CUST_0030,STR_006,2025-11-16,476.25,Credit Card
TXN_011083,CUST_0065,STR_007,2025-11-29,957.75,Cash
TXN_011084,CUST_0214,STR_003,2025-06-10,2107.59,Credit Card
TXN_011085,CUST_0019,STR_013,2025-03-11,210.24,Credit Card
TXN_011086,CUST_0195,STR_016,2025-05-01,972.79,Debit Card
TXN_011087,CUST_0410,STR_016,2025-06-19,713.62,Credit Card
TXN_011088,CUST_0162,STR_007,2025-12-08,101.11,Debit Card
TXN_011089,CUST_0188,STR_014,2025-12-20,1214.89,Credit Card
TXN_011090,CUST_0326,STR_003,2025-09-17,33051.08,Credit Card
TXN_011091,CUST_0046,STR_004,2025-05-11,1158.73,Debit Card
TXN_011092,CUST_0035,STR_001,2025-07-06,535.08,Digital Wallet
TXN_011093,CUST_0147,STR_019,2025-07-04,529.53,Debit Card
TXN_011094,CUST_0292,STR_011,2025-10-31,661.28,Digital Wallet
TXN_011095,CUST_0291,STR_020,2025-04-02,176.78,Debit Card
TXN_011096,CUST_0257,STR_016,2025-11-18,286.73,Debit Card
TXN_011097,CUST_0247,STR_003,2025-03-01,518.18,Credit Card
TXN_011098,CUST_0098,STR_004,2025-09-09,1170.84,Credit Card
TXN_011099,CUST_0194,STR_020,2025-09-10,977.62,Debit Card
TXN_011100,CUST_0139,STR_004,2025-12-24,2145.01,Cash
TXN_011101,CUST_0026,STR_019,2025-03-08,1888.51,Credit Card
TXN_011102,CUST_0399,STR_001,2025-11-06,357.14,Credit Card
TXN_011103,CUST_0430,STR_014,2025-06-02,1209.42,Digital Wallet
TXN_011104,CUST_0383,STR_020,2025-09-14,3676.13,Credit Card
TXN_011105,CUST_0321,STR_004,2025-04-23,683.34,Credit Card
TXN_011106,CUST_0189,STR_018,2025-09-21,543.89,Debit Card
TXN_011107,CUST_0231,STR_010,2025-02-16,721.74,Digital Wallet
TXN_011108,CUST_0260,STR_003,2025-06-07,2018.76,Cash
TXN_011109,CUST_0314,STR_010,2025-12-08,1400.07,Credit Card
TXN_011110,CUST_0019,STR_012,2025-01-11,2712.05,Digital Wallet
TXN_011111,CUST_0487,STR_018,2025-01-03,872.25,Digital Wallet
TXN_011112,CUST_0023,STR_005,2025-03-12,22.0,Digital Wallet
TXN_011113,CUST_0400,STR_007,2025-05-28,57.46,Credit Card
TXN_011114,CUST_0279,STR_004,2025-01-13,412.36,Credit Card
TXN_011115,CUST_0060,STR_011,2025-10-23,2237.64,Debit Card
TXN_011116,CUST_0360,STR_014,2025-09-07,412.36,Digital Wallet
TXN_011117,CUST_0122,STR_019,2025-03-24,365.53,Debit Card
TXN_011118,CUST_0116,STR_020,2025-12-24,1943.12,Debit Card
TXN_011119,CUST_0277,STR_012,2025-05-31,618.85,Credit Card
TXN_011120,CUST_0230,STR_005,2025-01-18,1471.37,Credit Card
TXN_011121,CUST_0440,STR_005,2025-06-03,628.17,Debit Card
TXN_011122,CUST_0278,STR_012,2025-04-17,316.97,Digital Wallet
TXN_011123,CUST_0344,STR_019,2025-03-15,1297.42,Debit Card
TXN_011124,CUST_0048,STR_010,2025-10-06,472.52,Cash
TXN_011125,CUST_0319,STR_008,2025-08-08,306.03,Credit Card
TXN_011126,CUST_0114,STR_006,2025-05-28,476.25,Debit Card
TXN_011127,CUST_0176,STR_017,2025-05-18,653.79,Cash
TXN_011128,CUST_0168,STR_016,2025-06-03,587.18,Credit Card
TXN_011129,CUST_0133,STR_004,2025-03-18,1463.27,Digital Wallet
TXN_011130,CUST_0092,STR_015,2025-04-16,993.25,Debit Card
TXN_011131,CUST_0294,STR_006,2025-10-01,1282.21,Credit Card
TXN_011132,CUST_0193,STR_011,2025-04-02,48.13,Credit Card
TXN_011133,CUST_0086,STR_011,2025-07-01,224.11,Credit Card
TXN_011134,CUST_0457,STR_002,2025-01-11,371.26,Credit Card
TXN_011135,CUST_0231,STR_019,2025-05-10,3208.13,Credit Card
TXN_011136,CUST_0255,STR_018,2025-01-11,822.92,Debit Card
TXN_011137,CUST_0454,STR_002,2025-09-10,1631.02,Digital Wallet
TXN_011138,CUST_0291,STR_017,2025-05-13,1553.23,Cash
TXN_011139,CUST_0137,STR_006,2025-05-10,524.05,Credit Card
TXN_011140,CUST_0117,STR_017,2025-02-06,4729.74,Credit Card
TXN_011141,CUST_0177,STR_003,2025-12-07,1800.25,Credit Card
TXN_011142,CUST_0450,STR_016,2025-11-21,561.81,Digital Wallet
TXN_011143,CUST_0162,STR_007,2025-10-19,521.71,Credit Card
TXN_011144,CUST_0217,STR_016,2025-07-27,258.06,Credit Card
TXN_011145,CUST_0002,STR_002,2025-06-04,3709.22,Digital Wallet
TXN_011146,CUST_0090,STR_013,2025-03-02,827.87,Credit Card
TXN_011147,CUST_0488,STR_016,2025-11-08,235.66,Digital Wallet
TXN_011148,CUST_0376,STR_003,2025-05-11,272.02,Credit Card
TXN_011149,CUST_0145,STR_018,2025-05-27,2243.46,Credit Card
TXN_011150,CUST_0209,STR_015,2025-10-07,689.24,Credit Card
TXN_011151,CUST_0281,STR_020,2025-06-10,59.5,Debit Card
TXN_011152,CUST_0020,STR_007,2025-05-22,413.87,Credit Card
TXN_011153,CUST_0344,STR_004,2025-03-10,553.88,Credit Card
TXN_011154,CUST_0308,STR_001,2025-03-08,1405.15,Credit Card
TXN_011155,CUST_0290,STR_001,2025-06-21,64.17,Credit Card
TXN_011156,CUST_0491,STR_014,2025-12-06,1926.11,Credit Card
TXN_011157,CUST_0498,STR_020,2025-12-20,1193.52,Debit Card
TXN_011158,CUST_0157,STR_006,2025-05-24,21044.44,Credit Card
TXN_011159,CUST_0243,STR_020,2025-06-17,1006.48,Credit Card
TXN_011160,CUST_0464,STR_005,2025-05-27,1700.88,Credit Card
TXN_011161,CUST_0453,STR_002,2025-05-12,732.37,Digital Wallet
TXN_011162,CUST_0267,STR_013,2025-07-20,28.73,Credit Card
TXN_011163,CUST_0391,STR_019,2025-08-16,2040.72,Debit Card
TXN_011164,CUST_0033,STR_012,2025-05-23,4292.4,Credit Card
TXN_011165,CUST_0203,STR_012,2025-09-18,786.2,Credit Card
TXN_011166,CUST_0374,STR_017,2025-03-17,1076.76,Debit Card
TXN_011167,CUST_0414,STR_007,2025-07-28,179.85,Credit Card
TXN_011168,CUST_0077,STR_002,2025-03-29,1059.21,Credit Card
TXN_011169,CUST_0161,STR_019,2025-12-19,538.38,Debit Card
TXN_011170,CUST_0388,STR_003,2025-06-11,407.39,Credit Card
TXN_011171,CUST_0336,STR_012,2025-12-23,1047.96,Credit Card
TXN_011172,CUST_0441,STR_010,2025-08-21,1623.48,Debit Card
TXN_011173,CUST_0380,STR_012,2025-01-29,759.72,Debit Card
TXN_011174,CUST_0020,STR_018,2025-11-23,200.31,Debit Card
TXN_011175,CUST_0265,STR_005,2025-11-18,425.27,Debit Card
TXN_011176,CUST_0331,STR_017,2025-06-04,349.59,Credit Card
TXN_011177,CUST_0312,STR_003,2025-08-23,486.11,Credit Card
TXN_011178,CUST_0403,STR_005,2025-12-05,1493.37,Credit Card
TXN_011179,CUST_0175,STR_011,2025-02-01,2644.05,Credit Card
TXN_011180,CUST_0146,STR_007,2025-02-06,2429.33,Cash
TXN_011181,CUST_0230,STR_003,2025-03-29,57.46,Cash
TXN_011182,CUST_0290,STR_017,2025-10-31,552.46,Digital Wallet
TXN_011183,CUST_0249,STR_012,2025-12-01,721.91,Credit Card
TXN_011184,CUST_0313,STR_011,2025-01-18,708.37,Debit Card
TXN_011185,CUST_0058,STR_010,2025-04-12,573.88,Digital Wallet
TXN_011186,CUST_0058,STR_005,2025-02-19,1223.76,Credit Card
TXN_011187,CUST_0277,STR_006,2025-08-26,391.92,Debit Card
TXN_011188,CUST_0010,STR_010,2025-01-17,661.28,Credit Card
TXN_011189,CUST_0138,STR_010,2025-01-27,1309.3,Credit Card
TXN_011190,CUST_0051,STR_002,2025-10-26,179.1,Debit Card
TXN_011191,CUST_0022,STR_020,2025-01-02,2300.23,Credit Card
TXN_011192,CUST_0462,STR_004,2025-04-14,412.88,Debit Card
TXN_011193,CUST_0223,STR_007,2025-11-12,128.24,Debit Card
TXN_011194,CUST_0207,STR_007,2025-11-05,1151.72,Debit Card
TXN_011195,CUST_0178,STR_008,2025-07-15,1136.01,Credit Card
TXN_011196,CUST_0446,STR_015,2025-01-27,1157.9,Debit Card
TXN_011197,CUST_0035,STR_016,2025-07-22,476.25,Credit Card
TXN_011198,CUST_0403,STR_017,2025-03-07,643.03,Credit Card
TXN_011199,CUST_0098,STR_013,2025-05-11,6619.59,Credit Card
TXN_011200,CUST_0492,STR_007,2025-11-14,422.19,Credit Card
TXN_011201,CUST_0071,STR_014,2025-04-28,1254.19,Digital Wallet
TXN_011202,CUST_0375,STR_020,2025-03-16,2447.87,Credit Card
TXN_011203,CUST_0285,STR_010,2025-10-01,763.75,Digital Wallet
TXN_011204,CUST_0496,STR_006,2025-01-13,701.44,Cash
TXN_011205,CUST_0207,STR_008,2025-03-10,779.33,Digital Wallet
TXN_011206,CUST_0248,STR_019,2025-11-19,195.06,Digital Wallet
TXN_011207,CUST_0124,STR_013,2025-03-30,2957.87,Credit Card
TXN_011208,CUST_0222,STR_020,2025-10-17,476.25,Credit Card
TXN_011209,CUST_0077,STR_004,2025-02-10,106.73,Debit Card
TXN_011210,CUST_0017,STR_009,2025-10-14,1281.59,Debit Card
TXN_011211,CUST_0488,STR_019,2025-05-05,1256.43,Digital Wallet
TXN_011212,CUST_0059,STR_001,2025-08-29,637.53,Digital Wallet
TXN_011213,CUST_0263,STR_003,2025-02-20,63.65,Credit Card
TXN_011214,CUST_0057,STR_009,2025-09-29,497.85,Credit Card
TXN_011215,CUST_0087,STR_010,2025-10-07,529.53,Credit Card
TXN_011216,CUST_0172,STR_003,2025-02-23,1768.72,Cash
TXN_011217,CUST_0146,STR_015,2025-04-02,1948.32,Digital Wallet
TXN_011218,CUST_0217,STR_013,2025-12-24,529.53,Credit Card
TXN_011219,CUST_0345,STR_014,2025-02-18,399.97,Credit Card
TXN_011220,CUST_0347,STR_014,2025-12-22,1092.4,Credit Card
TXN_011221,CUST_0468,STR_008,2025-06-08,357.14,Credit Card
TXN_011222,CUST_0068,STR_014,2025-07-02,1396.3,Credit Card
TXN_011223,CUST_0038,STR_015,2025-03-23,898.47,Credit Card
TXN_011224,CUST_0196,STR_013,2025-08-22,489.18,Credit Card
TXN_011225,CUST_0184,STR_008,2025-12-30,70.0,Cash
TXN_011226,CUST_0420,STR_019,2025-12-06,670.97,Credit Card
TXN_011227,CUST_0431,STR_001,2025-02-07,535.71,Debit Card
TXN_011228,CUST_0038,STR_005,2025-04-08,996.8,Credit Card
TXN_011229,CUST_0335,STR_019,2025-02-26,224.11,Credit Card
TXN_011230,CUST_0096,STR_006,2025-12-16,2525.85,Debit Card
TXN_011231,CUST_0335,STR_017,2025-12-17,282.99,Credit Card
TXN_011232,CUST_0385,STR_015,2025-07-17,1020.36,Cash
TXN_011233,CUST_0256,STR_015,2025-05-01,576.46,Digital Wallet
TXN_011234,CUST_0042,STR_002,2025-09-01,1500.82,Credit Card
TXN_011235,CUST_0254,STR_013,2025-11-25,27813.68,Debit Card
TXN_011236,CUST_0374,STR_008,2025-04-29,505.63,Credit Card
TXN_011237,CUST_0469,STR_008,2025-08-02,163.67,Credit Card
TXN_011238,CUST_0496,STR_004,2025-11-24,344.56,Debit Card
TXN_011239,CUST_0156,STR_015,2025-04-17,1048.56,Credit Card
TXN_011240,CUST_0227,STR_003,2025-03-04,1476.74,Credit Card
TXN_011241,CUST_0123,STR_001,2025-01-27,897.79,Credit Card
TXN_011242,CUST_0155,STR_017,2025-06-15,1450.98,Digital Wallet
TXN_011243,CUST_0023,STR_011,2025-12-10,3692.53,Credit Card
TXN_011244,CUST_0406,STR_005,2025-11-13,2960.54,Debit Card
TXN_011245,CUST_0379,STR_007,2025-09-08,473.98,Debit Card
TXN_011246,CUST_0468,STR_001,2025-10-01,445.52,Credit Card
TXN_011247,CUST_0178,STR_011,2025-10-31,188.22,Debit Card
TXN_011248,CUST_0433,STR_016,2025-11-11,1675.33,Credit Card
TXN_011249,CUST_0462,STR_004,2025-02-19,543.67,Credit Card
TXN_011250,CUST_0168,STR_004,2025-04-23,466.1,Credit Card
TXN_011251,CUST_0119,STR_006,2025-04-04,172.77,Debit Card
TXN_011252,CUST_0138,STR_009,2025-04-14,740.52,Credit Card
TXN_011253,CUST_0128,STR_011,2025-11-06,853.45,Debit Card
TXN_011254,CUST_0100,STR_018,2025-06-15,988.99,Credit Card
TXN_011255,CUST_0432,STR_017,2025-10-10,286.73,Digital Wallet
TXN_011256,CUST_0325,STR_018,2025-05-19,344.56,Debit Card
TXN_011257,CUST_0341,STR_014,2025-08-20,900.35,Credit Card
TXN_011258,CUST_0094,STR_015,2025-10-16,2012.09,Credit Card
TXN_011259,CUST_0194,STR_014,2025-09-27,469.05,Debit Card
TXN_011260,CUST_0187,STR_005,2025-05-01,127.3,Cash
TXN_011261,CUST_0194,STR_010,2025-10-25,337.61,Digital Wallet
TXN_011262,CUST_0138,STR_008,2025-05-24,418.64,Credit Card
TXN_011263,CUST_0108,STR_011,2025-01-20,844.2,Credit Card
TXN_011264,CUST_0198,STR_004,2025-08-04,1485.22,Credit Card
TXN_011265,CUST_0330,STR_007,2025-10-09,804.71,Credit Card
TXN_011266,CUST_0110,STR_005,2025-05-09,1858.74,Credit Card
TXN_011267,CUST_0404,STR_010,2025-08-16,701.54,Digital Wallet
TXN_011268,CUST_0113,STR_004,2025-04-19,689.13,Cash
TXN_011269,CUST_0352,STR_008,2025-04-21,423.32,Digital Wallet
TXN_011270,CUST_0339,STR_005,2025-03-09,309.66,Credit Card
TXN_011271,CUST_0267,STR_015,2025-12-15,106.31,Digital Wallet
TXN_011272,CUST_0225,STR_010,2025-02-07,759.37,Credit Card
TXN_011273,CUST_0348,STR_003,2025-01-20,1059.06,Cash
TXN_011274,CUST_0052,STR_011,2025-10-08,1030.18,Credit Card
TXN_011275,CUST_0338,STR_018,2025-01-17,2097.66,Digital Wallet
TXN_011276,CUST_0371,STR_014,2025-03-04,112.35,Credit Card
TXN_011277,CUST_0306,STR_019,2025-12-15,879.84,Debit Card
TXN_011278,CUST_0016,STR_006,2025-06-13,1609.42,Credit Card
TXN_011279,CUST_0149,STR_003,2025-08-29,1155.38,Credit Card
TXN_011280,CUST_0064,STR_018,2025-03-11,398.28,Digital Wallet
TXN_011281,CUST_0126,STR_002,2025-11-04,472.52,Credit Card
TXN_011282,CUST_0039,STR_013,2025-05-06,3291.57,Credit Card
TXN_011283,CUST_0386,STR_005,2025-03-21,561.81,Credit Card
TXN_011284,CUST_0115,STR_015,2025-02-11,1674.75,Credit Card
TXN_011285,CUST_0166,STR_013,2025-05-12,675.22,Credit Card
TXN_011286,CUST_0499,STR_009,2025-12-22,199.3,Credit Card
TXN_011287,CUST_0262,STR_001,2025-10-11,1379.43,Digital Wallet
TXN_011288,CUST_0104,STR_019,2025-10-11,274.25,Digital Wallet
TXN_011289,CUST_0400,STR_015,2025-06-13,179.85,Debit Card
TXN_011290,CUST_0271,STR_018,2025-01-07,466.22,Credit Card
TXN_011291,CUST_0011,STR_018,2025-11-14,768.95,Debit Card
TXN_011292,CUST_0385,STR_003,2025-08-13,510.18,Debit Card
TXN_011293,CUST_0303,STR_017,2025-10-27,1034.33,Credit Card
TXN_011294,CUST_0317,STR_018,2025-11-09,751.54,Debit Card
TXN_011295,CUST_0400,STR_001,2025-03-21,2803.82,Credit Card
TXN_011296,CUST_0430,STR_017,2025-09-03,853.34,Credit Card
TXN_011297,CUST_0214,STR_014,2025-11-14,344.52,Credit Card
TXN_011298,CUST_0156,STR_005,2025-08-15,470.8,Credit Card
TXN_011299,CUST_0375,STR_003,2025-02-20,2534.18,Debit Card
TXN_011300,CUST_0140,STR_004,2025-01-02,337.61,Credit Card
TXN_011301,CUST_0010,STR_001,2025-03-23,2054.71,Digital Wallet
TXN_011302,CUST_0489,STR_011,2025-01-10,1844.56,Digital Wallet
TXN_011303,CUST_0169,STR_008,2025-02-27,1348.86,Credit Card
TXN_011304,CUST_0474,STR_005,2025-07-03,1941.84,Credit Card
TXN_011305,CUST_0330,STR_007,2025-09-10,708.37,Credit Card
TXN_011306,CUST_0035,STR_020,2025-02-01,2250.69,Credit Card
TXN_011307,CUST_0258,STR_016,2025-05-30,106.31,Credit Card
TXN_011308,CUST_0204,STR_018,2025-11-02,751.12,Credit Card
TXN_011309,CUST_0159,STR_013,2025-04-16,578.95,Credit Card
TXN_011310,CUST_0028,STR_020,2025-09-20,1692.98,Digital Wallet
TXN_011311,CUST_0170,STR_011,2025-05-15,1164.05,Credit Card
TXN_011312,CUST_0047,STR_003,2025-12-21,2295.4,Credit Card
TXN_011313,CUST_0212,STR_009,2025-01-09,106.31,Credit Card
TXN_011314,CUST_0094,STR_015,2025-08-20,188.22,Credit Card
TXN_011315,CUST_0227,STR_012,2025-05-20,684.54,Credit Card
TXN_011316,CUST_0423,STR_005,2025-05-03,244.12,Credit Card
TXN_011317,CUST_0317,STR_016,2025-04-11,1039.16,Credit Card
TXN_011318,CUST_0380,STR_017,2025-12-03,2300.08,Debit Card
TXN_011319,CUST_0285,STR_007,2025-09-18,222.34,Credit Card
TXN_011320,CUST_0433,STR_011,2025-11-01,63.0,Digital Wallet
TXN_011321,CUST_0396,STR_017,2025-06-26,263.09,Credit Card
TXN_011322,CUST_0232,STR_010,2025-08-16,1821.64,Credit Card
TXN_011323,CUST_0087,STR_014,2025-02-21,136.46,Debit Card
TXN_011324,CUST_0097,STR_012,2025-04-29,205.33,Debit Card
TXN_011325,CUST_0018,STR_002,2025-10-15,455.18,Debit Card
TXN_011326,CUST_0142,STR_014,2025-06-25,601.35,Credit Card
TXN_011327,CUST_0041,STR_015,2025-02-16,726.43,Credit Card
TXN_011328,CUST_0135,STR_006,2025-04-26,858.97,Credit Card
TXN_011329,CUST_0474,STR_012,2025-11-26,1519.62,Credit Card
TXN_011330,CUST_0051,STR_012,2025-01-11,466.1,Credit Card
TXN_011331,CUST_0459,STR_013,2025-03-13,850.83,Debit Card
TXN_011332,CUST_0087,STR_006,2025-02-16,643.03,Credit Card
TXN_011333,CUST_0085,STR_015,2025-03-21,1968.5,Digital Wallet
TXN_011334,CUST_0339,STR_015,2025-12-01,809.95,Digital Wallet
TXN_011335,CUST_0234,STR_010,2025-09-22,2742.5,Credit Card
TXN_011336,CUST_0193,STR_015,2025-06-15,442.53,Digital Wallet
TXN_011337,CUST_0025,STR_016,2025-01-20,150.0,Debit Card
TXN_011338,CUST_0076,STR_014,2025-03-14,1175.35,Digital Wallet
TXN_011339,CUST_0338,STR_018,2025-11-11,1604.73,Credit Card
TXN_011340,CUST_0367,STR_017,2025-08-09,1855.49,Credit Card
TXN_011341,CUST_0209,STR_014,2025-05-18,28.73,Credit Card
TXN_011342,CUST_0348,STR_003,2025-10-16,63.26,Credit Card
TXN_011343,CUST_0008,STR_019,2025-09-01,848.97,Debit Card
TXN_011344,CUST_0152,STR_005,2025-06-04,1422.11,Credit Card
TXN_011345,CUST_0192,STR_017,2025-09-12,838.88,Credit Card
TXN_011346,CUST_0285,STR_020,2025-10-14,1118.35,Credit Card
TXN_011347,CUST_0420,STR_020,2025-11-12,1982.89,Credit Card
TXN_011348,CUST_0288,STR_010,2025-02-08,448.22,Debit Card
TXN_011349,CUST_0346,STR_007,2025-02-17,1469.19,Debit Card
TXN_011350,CUST_0224,STR_018,2025-02-10,82.28,Debit Card
TXN_011351,CUST_0437,STR_009,2025-08-05,413.62,Credit Card
TXN_011352,CUST_0265,STR_003,2025-11-04,1152.92,Credit Card
TXN_011353,CUST_0141,STR_019,2025-08-12,2149.88,Debit Card
TXN_011354,CUST_0397,STR_005,2025-10-20,1253.31,Debit Card
TXN_011355,CUST_0329,STR_014,2025-07-28,576.46,Debit Card
TXN_011356,CUST_0089,STR_010,2025-05-24,148.33,Cash
TXN_011357,CUST_0291,STR_003,2025-04-30,296.66,Debit Card
TXN_011358,CUST_0259,STR_001,2025-02-14,1013.32,Digital Wallet
TXN_011359,CUST_0175,STR_007,2025-01-23,1314.58,Cash
TXN_011360,CUST_0225,STR_020,2025-06-20,2135.78,Credit Card
TXN_011361,CUST_0025,STR_015,2025-12-04,1215.11,Credit Card
TXN_011362,CUST_0424,STR_013,2025-08-06,797.18,Credit Card
TXN_011363,CUST_0214,STR_001,2025-09-09,3162.09,Credit Card
TXN_011364,CUST_0422,STR_013,2025-10-20,424.19,Credit Card
TXN_011365,CUST_0128,STR_009,2025-12-05,556.19,Cash
TXN_011366,CUST_0086,STR_005,2025-01-14,854.94,Credit Card
TXN_011367,CUST_0494,STR_004,2025-04-04,529.53,Credit Card
TXN_011368,CUST_0276,STR_019,2025-12-17,8545.66,Credit Card
TXN_011369,CUST_0155,STR_020,2025-08-03,2548.09,Debit Card
TXN_011370,CUST_0377,STR_018,2025-11-30,749.06,Credit Card
TXN_011371,CUST_0043,STR_011,2025-06-28,498.07,Credit Card
TXN_011372,CUST_0357,STR_005,2025-08-22,2280.33,Credit Card
TXN_011373,CUST_0442,STR_016,2025-10-01,796.94,Cash
TXN_011374,CUST_0324,STR_018,2025-06-29,878.57,Debit Card
TXN_011375,CUST_0225,STR_013,2025-09-26,189.22,Credit Card
TXN_011376,CUST_0454,STR_001,2025-08-17,456.91,Credit Card
TXN_011377,CUST_0305,STR_003,2025-09-19,2198.52,Credit Card
TXN_011378,CUST_0402,STR_007,2025-08-16,813.74,Digital Wallet
TXN_011379,CUST_0165,STR_014,2025-11-23,495.02,Credit Card
TXN_011380,CUST_0094,STR_003,2025-10-26,684.54,Credit Card
TXN_011381,CUST_0109,STR_005,2025-04-08,288.43,Debit Card
TXN_011382,CUST_0140,STR_017,2025-07-13,3028.94,Debit Card
TXN_011383,CUST_0447,STR_013,2025-10-06,969.95,Digital Wallet
TXN_011384,CUST_0466,STR_002,2025-05-28,685.26,Digital Wallet
TXN_011385,CUST_0258,STR_001,2025-08-20,481.03,Credit Card
TXN_011386,CUST_0341,STR_013,2025-08-01,1392.96,Debit Card
TXN_011387,CUST_0197,STR_018,2025-10-03,331.05,Credit Card
TXN_011388,CUST_0053,STR_012,2025-02-17,1732.56,Debit Card
TXN_011389,CUST_0008,STR_002,2025-10-02,724.61,Credit Card
TXN_011390,CUST_0480,STR_012,2025-02-12,361.45,Credit Card
TXN_011391,CUST_0450,STR_003,2025-06-26,2311.41,Debit Card
TXN_011392,CUST_0018,STR_018,2025-08-06,3688.4,Credit Card
TXN_011393,CUST_0415,STR_007,2025-06-27,2563.44,Credit Card
TXN_011394,CUST_0046,STR_002,2025-10-05,1646.41,Credit Card
TXN_011395,CUST_0366,STR_001,2025-02-18,1648.09,Credit Card
TXN_011396,CUST_0048,STR_018,2025-09-21,1032.96,Credit Card
TXN_011397,CUST_0017,STR_020,2025-11-09,923.1,Credit Card
TXN_011398,CUST_0416,STR_005,2025-07-03,729.69,Credit Card
TXN_011399,CUST_0077,STR_012,2025-11-23,684.54,Credit Card
TXN_011400,CUST_0293,STR_010,2025-09-03,830.82,Debit Card
TXN_011401,CUST_0424,STR_001,2025-10-28,376.15,Digital Wallet
TXN_011402,CUST_0163,STR_006,2025-03-19,1418.53,Credit Card
TXN_011403,CUST_0270,STR_013,2025-02-06,3122.19,Credit Card
TXN_011404,CUST_0465,STR_003,2025-10-12,731.07,Credit Card
TXN_011405,CUST_0254,STR_006,2025-07-01,1572.15,Credit Card
TXN_011406,CUST_0158,STR_017,2025-06-30,306.03,Debit Card
TXN_011407,CUST_0336,STR_011,2025-02-19,498.07,Cash
TXN_011408,CUST_0430,STR_013,2025-01-24,597.37,Debit Card
TXN_011409,CUST_0191,STR_001,2025-09-01,189.05,Debit Card
TXN_011410,CUST_0483,STR_009,2025-07-29,1990.61,Credit Card
TXN_011411,CUST_0096,STR_012,2025-01-24,229.33,Credit Card
TXN_011412,CUST_0328,STR_003,2025-01-31,331.9,Debit Card
TXN_011413,CUST_0058,STR_009,2025-01-24,548.5,Debit Card
TXN_011414,CUST_0454,STR_005,2025-03-28,3870.0,Debit Card
TXN_011415,CUST_0472,STR_019,2025-10-24,1348.22,Credit Card
TXN_011416,CUST_0343,STR_003,2025-06-18,559.06,Debit Card
TXN_011417,CUST_0329,STR_019,2025-12-18,43048.52,Debit Card
TXN_011418,CUST_0142,STR_013,2025-05-13,1082.15,Digital Wallet
TXN_011419,CUST_0425,STR_016,2025-12-24,1264.96,Credit Card
TXN_011420,CUST_0330,STR_009,2025-03-11,1090.01,Credit Card
TXN_011421,CUST_0221,STR_020,2025-07-17,629.41,Digital Wallet
TXN_011422,CUST_0053,STR_007,2025-01-27,783.84,Digital Wallet
TXN_011423,CUST_0222,STR_016,2025-09-22,1058.55,Credit Card
TXN_011424,CUST_0465,STR_006,2025-07-23,362.7,Debit Card
TXN_011425,CUST_0389,STR_010,2025-01-16,1092.94,Credit Card
TXN_011426,CUST_0400,STR_010,2025-05-27,1312.45,Credit Card
TXN_011427,CUST_0272,STR_018,2025-11-10,1517.04,Credit Card
TXN_011428,CUST_0293,STR_010,2025-03-06,727.3,Debit Card
TXN_011429,CUST_0136,STR_003,2025-12-04,235.66,Debit Card
TXN_011430,CUST_0356,STR_010,2025-02-14,148.33,Credit Card
TXN_011431,CUST_0469,STR_007,2025-10-22,639.68,Credit Card
TXN_011432,CUST_0405,STR_016,2025-02-13,57.46,Credit Card
TXN_011433,CUST_0216,STR_005,2025-01-10,199.23,Debit Card
TXN_011434,CUST_0170,STR_013,2025-02-15,221.44,Debit Card
TXN_011435,CUST_0037,STR_014,2025-05-16,583.49,Credit Card
TXN_011436,CUST_0319,STR_004,2025-10-20,2100.96,Credit Card
TXN_011437,CUST_0386,STR_011,2025-07-05,1104.84,Debit Card
TXN_011438,CUST_0047,STR_009,2025-02-04,381.2,Credit Card
TXN_011439,CUST_0388,STR_001,2025-03-10,391.92,Digital Wallet
TXN_011440,CUST_0075,STR_006,2025-01-13,627.58,Credit Card
TXN_011441,CUST_0140,STR_010,2025-09-19,2239.11,Credit Card
TXN_011442,CUST_0018,STR_008,2025-08-19,1575.26,Debit Card
TXN_011443,CUST_0222,STR_003,2025-01-17,2962.73,Credit Card
TXN_011444,CUST_0398,STR_010,2025-06-22,2281.16,Cash
TXN_011445,CUST_0109,STR_005,2025-01-24,872.25,Credit Card
TXN_011446,CUST_0338,STR_012,2025-04-07,514.39,Cash
TXN_011447,CUST_0289,STR_019,2025-12-23,280.0,Debit Card
TXN_011448,CUST_0015,STR_010,2025-03-30,886.75,Debit Card
TXN_011449,CUST_0220,STR_008,2025-12-16,466.1,Debit Card
TXN_011450,CUST_0337,STR_001,2025-01-11,973.45,Debit Card
TXN_011451,CUST_0265,STR_013,2025-10-20,966.66,Credit Card
TXN_011452,CUST_0293,STR_008,2025-11-03,204.69,Cash
TXN_011453,CUST_0260,STR_015,2025-12-19,1088.46,Debit Card
TXN_011454,CUST_0074,STR_006,2025-09-17,1735.56,Credit Card
TXN_011455,CUST_0207,STR_014,2025-10-24,580.44,Credit Card
TXN_011456,CUST_0491,STR_001,2025-12-13,2070.06,Credit Card
TXN_011457,CUST_0104,STR_018,2025-03-16,3920.24,Credit Card
TXN_011458,CUST_0148,STR_001,2025-07-18,1265.27,Debit Card
TXN_011459,CUST_0371,STR_014,2025-04-07,890.23,Credit Card
TXN_011460,CUST_0420,STR_010,2025-10-18,1591.35,Credit Card
TXN_011461,CUST_0119,STR_013,2025-12-02,962.06,Credit Card
TXN_011462,CUST_0311,STR_014,2025-01-18,690.11,Credit Card
TXN_011463,CUST_0034,STR_019,2025-02-16,446.25,Credit Card
TXN_011464,CUST_0244,STR_018,2025-05-12,538.38,Digital Wallet
TXN_011465,CUST_0449,STR_007,2025-12-20,2083.32,Cash
TXN_011466,CUST_0213,STR_010,2025-01-06,3743.05,Debit Card
TXN_011467,CUST_0146,STR_001,2025-02-13,1711.5,Digital Wallet
TXN_011468,CUST_0492,STR_013,2025-05-27,16844.96,Credit Card
TXN_011469,CUST_0367,STR_017,2025-09-19,1343.73,Credit Card
TXN_011470,CUST_0359,STR_007,2025-04-17,574.72,Debit Card
TXN_011471,CUST_0163,STR_001,2025-06-29,1304.68,Debit Card
TXN_011472,CUST_0414,STR_003,2025-05-22,2143.25,Credit Card
TXN_011473,CUST_0263,STR_015,2025-02-17,103.22,Credit Card
TXN_011474,CUST_0450,STR_007,2025-12-09,3179.65,Credit Card
TXN_011475,CUST_0342,STR_001,2025-09-03,1578.02,Credit Card
TXN_011476,CUST_0442,STR_011,2025-10-22,5818.17,Credit Card
TXN_011477,CUST_0179,STR_007,2025-04-13,1073.95,Credit Card
TXN_011478,CUST_0424,STR_014,2025-03-15,941.19,Digital Wallet
TXN_011479,CUST_0377,STR_002,2025-07-20,1890.09,Digital Wallet
TXN_011480,CUST_0209,STR_007,2025-04-30,969.95,Digital Wallet
TXN_011481,CUST_0241,STR_018,2025-03-31,1204.41,Digital Wallet
TXN_011482,CUST_0266,STR_012,2025-06-01,747.84,Digital Wallet
TXN_011483,CUST_0319,STR_019,2025-10-09,2617.36,Debit Card
TXN_011484,CUST_0017,STR_018,2025-06-26,1165.29,Credit Card
TXN_011485,CUST_0476,STR_003,2025-03-12,971.04,Credit Card
TXN_011486,CUST_0161,STR_003,2025-09-06,1335.29,Credit Card
TXN_011487,CUST_0263,STR_002,2025-01-18,243.72,Debit Card
TXN_011488,CUST_0247,STR_011,2025-06-12,781.56,Credit Card
TXN_011489,CUST_0136,STR_007,2025-01-28,196.19,Cash
TXN_011490,CUST_0298,STR_018,2025-10-27,792.36,Debit Card
TXN_011491,CUST_0262,STR_020,2025-12-21,721.91,Credit Card
TXN_011492,CUST_0148,STR_017,2025-10-01,206.74,Debit Card
TXN_011493,CUST_0164,STR_009,2025-06-24,25.86,Credit Card
TXN_011494,CUST_0289,STR_012,2025-12-28,975.57,Credit Card
TXN_011495,CUST_0067,STR_009,2025-10-03,1697.23,Credit Card
TXN_011496,CUST_0376,STR_002,2025-11-08,410.65,Credit Card
TXN_011497,CUST_0438,STR_002,2025-04-05,547.45,Credit Card
TXN_011498,CUST_0308,STR_002,2025-12-05,2140.64,Cash
TXN_011499,CUST_0476,STR_015,2025-10-04,388.43,Credit Card
TXN_011500,CUST_0058,STR_003,2025-03-14,1535.31,Credit Card
TXN_011501,CUST_0310,STR_016,2025-08-11,682.34,Cash
TXN_011502,CUST_0377,STR_005,2025-05-20,4914.22,Digital Wallet
TXN_011503,CUST_0403,STR_006,2025-10-14,212.62,Debit Card
TXN_011504,CUST_0160,STR_011,2025-03-23,1202.23,Credit Card
TXN_011505,CUST_0242,STR_018,2025-05-08,1144.73,Debit Card
TXN_011506,CUST_0014,STR_004,2025-08-24,1101.66,Credit Card
TXN_011507,CUST_0307,STR_007,2025-07-26,1793.63,Credit Card
TXN_011508,CUST_0362,STR_003,2025-12-14,2285.52,Digital Wallet
TXN_011509,CUST_0398,STR_017,2025-03-12,878.45,Credit Card
TXN_011510,CUST_0203,STR_015,2025-08-25,3106.05,Credit Card
TXN_011511,CUST_0299,STR_009,2025-04-30,796.76,Credit Card
TXN_011512,CUST_0013,STR_016,2025-01-22,2319.16,Credit Card
TXN_011513,CUST_0167,STR_014,2025-06-04,411.77,Credit Card
TXN_011514,CUST_0151,STR_014,2025-01-30,371.12,Credit Card
TXN_011515,CUST_0209,STR_019,2025-11-22,928.64,Credit Card
TXN_011516,CUST_0488,STR_015,2025-12-01,60.1,Debit Card
TXN_011517,CUST_0251,STR_014,2025-05-28,509.36,Credit Card
TXN_011518,CUST_0141,STR_003,2025-02-04,1502.64,Credit Card
TXN_011519,CUST_0221,STR_015,2025-10-28,1192.53,Credit Card
TXN_011520,CUST_0210,STR_014,2025-08-30,655.78,Debit Card
TXN_011521,CUST_0165,STR_009,2025-05-16,783.84,Debit Card
TXN_011522,CUST_0214,STR_020,2025-11-20,643.03,Digital Wallet
TXN_011523,CUST_0175,STR_009,2025-12-23,3027.05,Debit Card
TXN_011524,CUST_0086,STR_015,2025-06-19,375.77,Debit Card
TXN_011525,CUST_0111,STR_016,2025-06-13,221.44,Credit Card
TXN_011526,CUST_0100,STR_007,2025-09-07,562.09,Credit Card
TXN_011527,CUST_0177,STR_004,2025-01-30,2230.08,Credit Card
TXN_011528,CUST_0116,STR_007,2025-07-25,1833.03,Debit Card
TXN_011529,CUST_0312,STR_005,2025-10-08,65693.81,Credit Card
TXN_011530,CUST_0472,STR_007,2025-08-25,2693.69,Credit Card
TXN_011531,CUST_0126,STR_018,2025-11-11,764.47,Debit Card
TXN_011532,CUST_0316,STR_019,2025-07-11,1938.89,Credit Card
TXN_011533,CUST_0274,STR_009,2025-03-28,260.54,Cash
TXN_011534,CUST_0139,STR_015,2025-06-10,4725.77,Digital Wallet
TXN_011535,CUST_0350,STR_008,2025-06-22,27.29,Credit Card
TXN_011536,CUST_0459,STR_016,2025-04-26,1908.42,Debit Card
TXN_011537,CUST_0470,STR_016,2025-05-15,610.88,Debit Card
TXN_011538,CUST_0401,STR_020,2025-03-21,6430.3,Credit Card
TXN_011539,CUST_0024,STR_010,2025-09-05,882.15,Digital Wallet
TXN_011540,CUST_0412,STR_012,2025-03-16,687.46,Digital Wallet
TXN_011541,CUST_0461,STR_009,2025-02-24,1882.61,Credit Card
TXN_011542,CUST_0083,STR_015,2025-06-05,274.25,Credit Card
TXN_011543,CUST_0130,STR_006,2025-05-26,291.32,Debit Card
TXN_011544,CUST_0005,STR_010,2025-12-30,2118.84,Debit Card
TXN_011545,CUST_0052,STR_020,2025-10-08,600.99,Cash
TXN_011546,CUST_0117,STR_009,2025-06-01,1286.07,Credit Card
TXN_011547,CUST_0098,STR_011,2025-12-03,543.67,Credit Card
TXN_011548,CUST_0435,STR_009,2025-12-26,1173.6,Credit Card
TXN_011549,CUST_0477,STR_004,2025-03-05,786.02,Credit Card
TXN_011550,CUST_0185,STR_013,2025-08-01,710.76,Credit Card
TXN_011551,CUST_0037,STR_003,2025-05-31,11885.58,Digital Wallet
TXN_011552,CUST_0166,STR_020,2025-01-17,399.46,Cash
TXN_011553,CUST_0321,STR_013,2025-07-02,872.25,Credit Card
TXN_011554,CUST_0181,STR_007,2025-05-24,556.01,Debit Card
TXN_011555,CUST_0021,STR_013,2025-05-07,19402.52,Debit Card
TXN_011556,CUST_0152,STR_016,2025-08-15,363.72,Debit Card
TXN_011557,CUST_0219,STR_001,2025-06-25,398.59,Credit Card
TXN_011558,CUST_0301,STR_017,2025-04-06,313.12,Credit Card
TXN_011559,CUST_0471,STR_010,2025-10-06,347.97,Credit Card
TXN_011560,CUST_0019,STR_008,2025-04-02,872.25,Debit Card
TXN_011561,CUST_0290,STR_006,2025-12-25,224.11,Digital Wallet
TXN_011562,CUST_0376,STR_002,2025-07-31,1777.73,Debit Card
TXN_011563,CUST_0279,STR_014,2025-03-14,782.38,Debit Card
TXN_011564,CUST_0423,STR_016,2025-02-18,366.29,Credit Card
TXN_011565,CUST_0074,STR_013,2025-08-31,1755.83,Cash
TXN_011566,CUST_0102,STR_005,2025-09-05,434.21,Credit Card
TXN_011567,CUST_0355,STR_005,2025-05-10,3184.26,Credit Card
TXN_011568,CUST_0411,STR_017,2025-05-31,1808.67,Credit Card
TXN_011569,CUST_0279,STR_010,2025-09-10,628.17,Credit Card
TXN_011570,CUST_0321,STR_012,2025-01-16,1166.32,Credit Card
TXN_011571,CUST_0500,STR_017,2025-09-18,63.65,Debit Card
TXN_011572,CUST_0413,STR_020,2025-11-16,115.7,Debit Card
TXN_011573,CUST_0159,STR_005,2025-10-29,2664.68,Debit Card
TXN_011574,CUST_0325,STR_017,2025-11-26,629.16,Credit Card
TXN_011575,CUST_0140,STR_008,2025-10-11,391.92,Credit Card
TXN_011576,CUST_0206,STR_005,2025-04-28,737.04,Digital Wallet
TXN_011577,CUST_0409,STR_008,2025-08-09,1554.45,Digital Wallet
TXN_011578,CUST_0330,STR_008,2025-11-30,434.21,Credit Card
TXN_011579,CUST_0275,STR_006,2025-12-19,1083.01,Credit Card
TXN_011580,CUST_0337,STR_001,2025-06-16,3456.2,Credit Card
TXN_011581,CUST_0154,STR_012,2025-08-23,846.49,Credit Card
TXN_011582,CUST_0298,STR_006,2025-04-20,1727.7,Digital Wallet
TXN_011583,CUST_0481,STR_012,2025-07-16,4092.12,Debit Card
TXN_011584,CUST_0188,STR_002,2025-09-30,442.8,Cash
TXN_011585,CUST_0478,STR_009,2025-01-29,2539.47,Debit Card
TXN_011586,CUST_0010,STR_006,2025-07-11,179.85,Credit Card
TXN_011587,CUST_0130,STR_003,2025-12-23,913.96,Credit Card
TXN_011588,CUST_0379,STR_002,2025-09-08,2399.37,Credit Card
TXN_011589,CUST_0145,STR_017,2025-11-15,540.58,Credit Card
TXN_011590,CUST_0484,STR_010,2025-04-08,2043.78,Digital Wallet
TXN_011591,CUST_0044,STR_013,2025-03-03,1461.14,Debit Card
TXN_011592,CUST_0302,STR_016,2025-08-03,1443.4,Digital Wallet
TXN_011593,CUST_0318,STR_011,2025-08-04,4298.77,Credit Card
TXN_011594,CUST_0197,STR_012,2025-11-18,946.4,Debit Card
TXN_011595,CUST_0307,STR_011,2025-08-03,249.25,Credit Card
TXN_011596,CUST_0270,STR_017,2025-07-17,1227.74,Credit Card
TXN_011597,CUST_0396,STR_008,2025-03-14,1500.95,Credit Card
TXN_011598,CUST_0163,STR_019,2025-02-14,2728.21,Credit Card
TXN_011599,CUST_0442,STR_013,2025-08-20,1609.42,Credit Card
TXN_011600,CUST_0316,STR_011,2025-08-19,380.99,Credit Card
TXN_011601,CUST_0121,STR_005,2025-02-02,1458.18,Debit Card
TXN_011602,CUST_0415,STR_013,2025-05-03,708.37,Credit Card
TXN_011603,CUST_0264,STR_003,2025-07-08,6772.88,Credit Card
TXN_011604,CUST_0376,STR_006,2025-11-06,2086.53,Debit Card
TXN_011605,CUST_0142,STR_020,2025-02-26,520.83,Debit Card
TXN_011606,CUST_0491,STR_003,2025-04-21,773.05,Credit Card
TXN_011607,CUST_0052,STR_005,2025-02-25,1327.29,Debit Card
TXN_011608,CUST_0475,STR_015,2025-05-01,23.16,Credit Card
TXN_011609,CUST_0094,STR_005,2025-11-30,3999.12,Cash
TXN_011610,CUST_0500,STR_019,2025-12-25,1274.06,Digital Wallet
TXN_011611,CUST_0257,STR_018,2025-07-27,1860.5,Credit Card
TXN_011612,CUST_0176,STR_009,2025-01-03,725.4,Credit Card
TXN_011613,CUST_0297,STR_014,2025-10-16,838.49,Digital Wallet
TXN_011614,CUST_0254,STR_013,2025-03-16,653.09,Cash
TXN_011615,CUST_0125,STR_020,2025-07-21,1391.06,Digital Wallet
TXN_011616,CUST_0263,STR_002,2025-04-30,313.12,Debit Card
TXN_011617,CUST_0444,STR_020,2025-07-10,550.0,Debit Card
TXN_011618,CUST_0111,STR_009,2025-01-02,610.48,Debit Card
TXN_011619,CUST_0042,STR_019,2025-09-12,1579.74,Debit Card
TXN_011620,CUST_0166,STR_018,2025-03-27,224.7,Digital Wallet
TXN_011621,CUST_0062,STR_005,2025-01-13,607.7,Credit Card
TXN_011622,CUST_0140,STR_020,2025-02-18,896.44,Credit Card
TXN_011623,CUST_0482,STR_011,2025-12-28,708.37,Credit Card
TXN_011624,CUST_0454,STR_019,2025-06-08,1345.14,Credit Card
TXN_011625,CUST_0221,STR_010,2025-07-11,969.34,Credit Card
TXN_011626,CUST_0420,STR_006,2025-12-13,842.63,Credit Card
TXN_011627,CUST_0034,STR_012,2025-11-21,60.1,Debit Card
TXN_011628,CUST_0037,STR_004,2025-07-20,1539.97,Digital Wallet
TXN_011629,CUST_0306,STR_001,2025-05-12,472.88,Credit Card
TXN_011630,CUST_0242,STR_011,2025-06-29,269.98,Credit Card
TXN_011631,CUST_0371,STR_012,2025-11-09,653.79,Credit Card
TXN_011632,CUST_0121,STR_016,2025-12-12,520.83,Debit Card
TXN_011633,CUST_0123,STR_013,2025-03-31,1586.68,Debit Card
TXN_011634,CUST_0057,STR_008,2025-10-31,513.55,Credit Card
TXN_011635,CUST_0470,STR_012,2025-09-08,632.32,Credit Card
TXN_011636,CUST_0113,STR_020,2025-08-30,2165.73,Digital Wallet
TXN_011637,CUST_0201,STR_010,2025-08-22,1411.0,Debit Card
TXN_011638,CUST_0284,STR_011,2025-06-05,838.44,Digital Wallet
TXN_011639,CUST_0288,STR_015,2025-02-24,362.7,Debit Card
TXN_011640,CUST_0273,STR_010,2025-08-01,2035.54,Credit Card
TXN_011641,CUST_0403,STR_013,2025-10-20,547.64,Credit Card
TXN_011642,CUST_0398,STR_015,2025-02-27,449.4,Credit Card
TXN_011643,CUST_0045,STR_002,2025-09-20,989.58,Credit Card
TXN_011644,CUST_0012,STR_014,2025-03-15,3219.16,Credit Card
TXN_011645,CUST_0090,STR_003,2025-04-14,1568.97,Credit Card
TXN_011646,CUST_0463,STR_005,2025-12-03,442.82,Cash
TXN_011647,CUST_0016,STR_006,2025-05-05,1688.4,Credit Card
TXN_011648,CUST_0184,STR_004,2025-08-23,486.11,Debit Card
TXN_011649,CUST_0370,STR_001,2025-03-22,391.74,Credit Card
TXN_011650,CUST_0243,STR_007,2025-03-11,358.33,Credit Card
TXN_011651,CUST_0457,STR_002,2025-06-02,6083.13,Credit Card
TXN_011652,CUST_0128,STR_013,2025-09-09,1862.44,Digital Wallet
TXN_011653,CUST_0152,STR_003,2025-12-16,1233.07,Credit Card
TXN_011654,CUST_0316,STR_004,2025-08-30,1258.42,Credit Card
TXN_011655,CUST_0157,STR_007,2025-03-03,510.18,Credit Card
TXN_011656,CUST_0190,STR_012,2025-02-04,86.42,Credit Card
TXN_011657,CUST_0097,STR_009,2025-03-30,290.73,Debit Card
TXN_011658,CUST_0453,STR_007,2025-01-29,1217.21,Debit Card
TXN_011659,CUST_0378,STR_004,2025-04-09,148.33,Digital Wallet
TXN_011660,CUST_0406,STR_017,2025-02-24,527.71,Credit Card
TXN_011661,CUST_0070,STR_008,2025-05-16,1623.34,Credit Card
TXN_011662,CUST_0259,STR_008,2025-03-05,2026.05,Debit Card
TXN_011663,CUST_0032,STR_010,2025-12-10,1113.29,Credit Card
TXN_011664,CUST_0453,STR_013,2025-07-03,212.9,Debit Card
TXN_011665,CUST_0011,STR_001,2025-11-30,160.71,Digital Wallet
TXN_011666,CUST_0024,STR_003,2025-08-02,805.83,Credit Card
TXN_011667,CUST_0291,STR_008,2025-09-14,5040.0,Credit Card
TXN_011668,CUST_0109,STR_004,2025-11-13,1390.82,Debit Card
TXN_011669,CUST_0434,STR_015,2025-01-18,854.39,Debit Card
TXN_011670,CUST_0372,STR_012,2025-04-24,1685.43,Debit Card
TXN_011671,CUST_0055,STR_005,2025-11-27,383.9,Digital Wallet
TXN_011672,CUST_0049,STR_012,2025-08-20,252.16,Credit Card
TXN_011673,CUST_0019,STR_018,2025-06-09,764.47,Cash
TXN_011674,CUST_0005,STR_014,2025-07-07,1623.06,Debit Card
TXN_011675,CUST_0321,STR_019,2025-07-25,1373.26,Digital Wallet
TXN_011676,CUST_0167,STR_020,2025-09-29,209.72,Debit Card
TXN_011677,CUST_0356,STR_017,2025-01-19,142.5,Digital Wallet
TXN_011678,CUST_0098,STR_019,2025-09-29,28.73,Debit Card
TXN_011679,CUST_0483,STR_012,2025-12-22,292.86,Credit Card
TXN_011680,CUST_0489,STR_013,2025-10-19,133.5,Credit Card
TXN_011681,CUST_0313,STR_017,2025-04-18,659.74,Credit Card
TXN_011682,CUST_0325,STR_001,2025-09-07,1018.48,Credit Card
TXN_011683,CUST_0140,STR_002,2025-07-20,2094.34,Credit Card
TXN_011684,CUST_0014,STR_008,2025-11-17,1888.89,Credit Card
TXN_011685,CUST_0103,STR_013,2025-07-19,681.46,Cash
TXN_011686,CUST_0264,STR_018,2025-05-15,1076.76,Digital Wallet
TXN_011687,CUST_0401,STR_016,2025-06-28,846.49,Credit Card
TXN_011688,CUST_0086,STR_016,2025-12-29,1448.74,Credit Card
TXN_011689,CUST_0034,STR_015,2025-11-17,945.04,Credit Card
TXN_011690,CUST_0152,STR_019,2025-09-18,1565.89,Digital Wallet
TXN_011691,CUST_0440,STR_019,2025-09-23,121.79,Digital Wallet
TXN_011692,CUST_0148,STR_013,2025-11-17,424.19,Debit Card
TXN_011693,CUST_0169,STR_014,2025-10-20,1078.3,Credit Card
TXN_011694,CUST_0120,STR_004,2025-05-28,592.52,Debit Card
TXN_011695,CUST_0091,STR_011,2025-07-23,1196.18,Debit Card
TXN_011696,CUST_0149,STR_005,2025-04-27,210.24,Digital Wallet
TXN_011697,CUST_0219,STR_010,2025-04-17,253.46,Debit Card
TXN_011698,CUST_0340,STR_009,2025-10-07,978.35,Credit Card
TXN_011699,CUST_0423,STR_020,2025-12-05,526.31,Credit Card
TXN_011700,CUST_0220,STR_010,2025-08-18,3193.64,Debit Card
TXN_011701,CUST_0354,STR_016,2025-01-03,3114.83,Cash
TXN_011702,CUST_0498,STR_001,2025-08-27,551.82,Credit Card
TXN_011703,CUST_0018,STR_020,2025-12-01,3384.8,Credit Card
TXN_011704,CUST_0482,STR_012,2025-01-08,1672.24,Cash
TXN_011705,CUST_0154,STR_014,2025-05-20,60.47,Digital Wallet
TXN_011706,CUST_0320,STR_019,2025-01-02,267.28,Credit Card
TXN_011707,CUST_0404,STR_018,2025-05-05,586.75,Debit Card
TXN_011708,CUST_0122,STR_006,2025-04-20,23754.61,Credit Card
TXN_011709,CUST_0096,STR_015,2025-10-07,1160.81,Digital Wallet
TXN_011710,CUST_0333,STR_014,2025-12-18,2460.43,Credit Card
TXN_011711,CUST_0075,STR_004,2025-06-28,768.95,Digital Wallet
TXN_011712,CUST_0350,STR_015,2025-04-21,891.04,Credit Card
TXN_011713,CUST_0082,STR_010,2025-02-06,3959.84,Credit Card
TXN_011714,CUST_0276,STR_009,2025-08-15,474.58,Digital Wallet
TXN_011715,CUST_0161,STR_011,2025-11-09,372.32,Credit Card
TXN_011716,CUST_0108,STR_017,2025-04-09,1692.98,Credit Card
TXN_011717,CUST_0067,STR_012,2025-04-22,1341.93,Digital Wallet
TXN_011718,CUST_0235,STR_017,2025-06-06,148.33,Debit Card
TXN_011719,CUST_0019,STR_003,2025-12-06,1020.36,Cash
TXN_011720,CUST_0358,STR_003,2025-05-28,548.5,Debit Card
TXN_011721,CUST_0399,STR_007,2025-09-17,670.97,Credit Card
TXN_011722,CUST_0459,STR_009,2025-05-01,128.34,Cash
TXN_011723,CUST_0020,STR_011,2025-05-14,1042.77,Credit Card
TXN_011724,CUST_0060,STR_002,2025-10-18,362.7,Credit Card
TXN_011725,CUST_0142,STR_019,2025-01-25,1144.8,Credit Card
TXN_011726,CUST_0136,STR_010,2025-07-07,181.86,Credit Card
TXN_011727,CUST_0357,STR_020,2025-12-30,270.87,Credit Card
TXN_011728,CUST_0349,STR_011,2025-03-15,63.65,Credit Card
TXN_011729,CUST_0103,STR_011,2025-01-30,394.38,Debit Card
TXN_011730,CUST_0084,STR_015,2025-10-04,596.76,Credit Card
TXN_011731,CUST_0219,STR_013,2025-07-26,1052.37,Credit Card
TXN_011732,CUST_0480,STR_015,2025-06-08,931.63,Credit Card
TXN_011733,CUST_0373,STR_020,2025-02-04,235.66,Debit Card
TXN_011734,CUST_0080,STR_020,2025-02-23,35926.61,Credit Card
TXN_011735,CUST_0249,STR_003,2025-03-26,495.96,Debit Card
TXN_011736,CUST_0333,STR_011,2025-06-01,46.32,Digital Wallet
TXN_011737,CUST_0450,STR_004,2025-10-14,783.84,Credit Card
TXN_011738,CUST_0013,STR_009,2025-11-16,1146.34,Credit Card
TXN_011739,CUST_0022,STR_018,2025-08-14,93.95,Debit Card
TXN_011740,CUST_0321,STR_019,2025-04-01,476.58,Credit Card
TXN_011741,CUST_0039,STR_007,2025-02-05,596.66,Credit Card
TXN_011742,CUST_0010,STR_002,2025-10-17,642.85,Cash
TXN_011743,CUST_0208,STR_008,2025-09-12,316.46,Credit Card
TXN_011744,CUST_0330,STR_020,2025-12-25,1140.95,Credit Card
TXN_011745,CUST_0139,STR_006,2025-03-07,403.78,Credit Card
TXN_011746,CUST_0298,STR_001,2025-04-16,205.33,Credit Card
TXN_011747,CUST_0101,STR_004,2025-10-16,1399.33,Credit Card
TXN_011748,CUST_0455,STR_015,2025-10-14,1262.15,Credit Card
TXN_011749,CUST_0152,STR_001,2025-10-08,1225.86,Credit Card
TXN_011750,CUST_0339,STR_020,2025-08-09,9088.54,Credit Card
TXN_011751,CUST_0307,STR_017,2025-08-05,959.97,Debit Card
TXN_011752,CUST_0134,STR_001,2025-05-19,533.85,Credit Card
TXN_011753,CUST_0485,STR_001,2025-02-25,565.98,Credit Card
TXN_011754,CUST_0356,STR_019,2025-07-20,1573.22,Debit Card
TXN_011755,CUST_0182,STR_011,2025-04-16,3114.28,Cash
TXN_011756,CUST_0020,STR_003,2025-11-14,168.58,Credit Card
TXN_011757,CUST_0087,STR_017,2025-03-23,325.72,Debit Card
TXN_011758,CUST_0471,STR_002,2025-07-04,2018.85,Debit Card
TXN_011759,CUST_0280,STR_001,2025-04-11,1512.13,Debit Card
TXN_011760,CUST_0481,STR_005,2025-05-18,1237.81,Credit Card
TXN_011761,CUST_0084,STR_015,2025-10-11,1239.26,Credit Card
TXN_011762,CUST_0234,STR_005,2025-05-17,764.47,Debit Card
TXN_011763,CUST_0167,STR_018,2025-09-01,199.73,Credit Card
TXN_011764,CUST_0069,STR_007,2025-09-24,2019.37,Credit Card
TXN_011765,CUST_0020,STR_017,2025-04-30,804.71,Credit Card
TXN_011766,CUST_0248,STR_015,2025-04-11,126.52,Debit Card
TXN_011767,CUST_0098,STR_002,2025-04-13,1607.37,Credit Card
TXN_011768,CUST_0365,STR_016,2025-04-21,1662.78,Digital Wallet
TXN_011769,CUST_0167,STR_017,2025-06-17,1062.89,Credit Card
TXN_011770,CUST_0216,STR_007,2025-06-24,865.6,Credit Card
TXN_011771,CUST_0238,STR_017,2025-06-06,1266.3,Debit Card
TXN_011772,CUST_0179,STR_008,2025-12-31,495.02,Cash
TXN_011773,CUST_0205,STR_001,2025-08-16,258.06,Credit Card
TXN_011774,CUST_0072,STR_012,2025-11-22,1217.07,Debit Card
TXN_011775,CUST_0240,STR_012,2025-05-13,1596.76,Credit Card
TXN_011776,CUST_0361,STR_018,2025-02-11,142.5,Debit Card
TXN_011777,CUST_0408,STR_005,2025-02-03,520.83,Credit Card
TXN_011778,CUST_0256,STR_014,2025-04-26,3566.09,Credit Card
TXN_011779,CUST_0310,STR_006,2025-12-10,750.22,Digital Wallet
TXN_011780,CUST_0339,STR_003,2025-09-24,2703.77,Credit Card
TXN_011781,CUST_0440,STR_015,2025-09-21,1146.92,Credit Card
TXN_011782,CUST_0168,STR_010,2025-02-24,1578.34,Digital Wallet
TXN_011783,CUST_0008,STR_005,2025-10-04,610.88,Debit Card
TXN_011784,CUST_0263,STR_005,2025-12-30,854.39,Debit Card
TXN_011785,CUST_0468,STR_014,2025-08-04,872.25,Debit Card
TXN_011786,CUST_0015,STR_020,2025-03-05,529.53,Digital Wallet
TXN_011787,CUST_0028,STR_003,2025-12-18,602.11,Digital Wallet
TXN_011788,CUST_0028,STR_012,2025-11-12,335.56,Credit Card
TXN_011789,CUST_0239,STR_004,2025-12-11,844.86,Credit Card
TXN_011790,CUST_0437,STR_014,2025-06-12,661.28,Credit Card
TXN_011791,CUST_0456,STR_002,2025-02-26,524.05,Credit Card
TXN_011792,CUST_0014,STR_008,2025-04-28,581.63,Debit Card
TXN_011793,CUST_0121,STR_017,2025-07-20,842.63,Cash
TXN_011794,CUST_0230,STR_001,2025-05-09,444.41,Credit Card
TXN_011795,CUST_0468,STR_001,2025-12-16,2737.37,Credit Card
TXN_011796,CUST_0462,STR_019,2025-05-05,2017.86,Cash
TXN_011797,CUST_0128,STR_018,2025-12-06,1600.81,Credit Card
TXN_011798,CUST_0308,STR_013,2025-03-01,511.46,Digital Wallet
TXN_011799,CUST_0470,STR_012,2025-04-07,64.17,Credit Card
TXN_011800,CUST_0194,STR_018,2025-09-03,1260.87,Debit Card
TXN_011801,CUST_0399,STR_018,2025-12-02,626.25,Credit Card
TXN_011802,CUST_0139,STR_009,2025-02-19,844.38,Debit Card
TXN_011803,CUST_0099,STR_016,2025-10-07,308.27,Debit Card
TXN_011804,CUST_0266,STR_010,2025-01-08,1124.51,Credit Card
TXN_011805,CUST_0252,STR_007,2025-01-01,1058.07,Debit Card
TXN_011806,CUST_0492,STR_001,2025-03-01,632.48,Credit Card
TXN_011807,CUST_0201,STR_014,2025-10-24,199.0,Digital Wallet
TXN_011808,CUST_0082,STR_017,2025-08-17,879.95,Credit Card
TXN_011809,CUST_0209,STR_012,2025-07-17,1039.16,Credit Card
TXN_011810,CUST_0417,STR_020,2025-05-16,1177.79,Credit Card
TXN_011811,CUST_0467,STR_007,2025-04-12,1409.42,Cash
TXN_011812,CUST_0003,STR_006,2025-05-17,1845.25,Credit Card
TXN_011813,CUST_0020,STR_020,2025-07-01,546.47,Cash
TXN_011814,CUST_0091,STR_009,2025-01-05,1609.03,Credit Card
TXN_011815,CUST_0053,STR_011,2025-10-14,1112.94,Credit Card
TXN_011816,CUST_0330,STR_010,2025-01-22,1416.74,Credit Card
TXN_011817,CUST_0410,STR_020,2025-05-20,2310.23,Debit Card
TXN_011818,CUST_0391,STR_005,2025-04-10,404.5,Digital Wallet
TXN_011819,CUST_0231,STR_008,2025-09-20,500.57,Debit Card
TXN_011820,CUST_0176,STR_003,2025-01-15,578.95,Debit Card
TXN_011821,CUST_0173,STR_016,2025-01-04,54887.55,Credit Card
TXN_011822,CUST_0158,STR_013,2025-10-12,1330.26,Cash
TXN_011823,CUST_0369,STR_015,2025-01-06,508.92,Debit Card
TXN_011824,CUST_0245,STR_012,2025-06-12,2495.23,Digital Wallet
TXN_011825,CUST_0472,STR_019,2025-06-01,309.66,Credit Card
TXN_011826,CUST_0178,STR_008,2025-01-11,883.53,Credit Card
TXN_011827,CUST_0279,STR_004,2025-07-08,320.2,Digital Wallet
TXN_011828,CUST_0230,STR_009,2025-01-14,234.06,Credit Card
TXN_011829,CUST_0308,STR_001,2025-08-12,1450.73,Credit Card
TXN_011830,CUST_0430,STR_008,2025-12-17,286.73,Digital Wallet
TXN_011831,CUST_0167,STR_019,2025-09-15,916.66,Credit Card
TXN_011832,CUST_0310,STR_014,2025-02-03,1708.78,Digital Wallet
TXN_011833,CUST_0197,STR_020,2025-05-02,8572.82,Credit Card
TXN_011834,CUST_0102,STR_002,2025-09-01,2012.21,Credit Card
TXN_011835,CUST_0490,STR_015,2025-02-24,466.1,Credit Card
TXN_011836,CUST_0451,STR_002,2025-10-01,28.73,Digital Wallet
TXN_011837,CUST_0316,STR_005,2025-11-29,5459.72,Credit Card
TXN_011838,CUST_0307,STR_006,2025-07-17,376.84,Cash
TXN_011839,CUST_0032,STR_014,2025-01-02,1259.7,Credit Card
TXN_011840,CUST_0243,STR_019,2025-04-04,63.26,Credit Card
TXN_011841,CUST_0249,STR_007,2025-04-02,1587.52,Credit Card
TXN_011842,CUST_0219,STR_009,2025-09-05,104.39,Digital Wallet
TXN_011843,CUST_0066,STR_008,2025-06-11,75.81,Credit Card
TXN_011844,CUST_0036,STR_017,2025-01-27,744.65,Debit Card
TXN_011845,CUST_0338,STR_003,2025-01-19,63.26,Digital Wallet
TXN_011846,CUST_0411,STR_014,2025-05-15,2186.58,Digital Wallet
TXN_011847,CUST_0355,STR_014,2025-01-15,2506.15,Credit Card
TXN_011848,CUST_0355,STR_008,2025-03-30,357.14,Debit Card
TXN_011849,CUST_0335,STR_001,2025-03-31,15007.38,Credit Card
TXN_011850,CUST_0173,STR_012,2025-04-26,844.86,Credit Card
TXN_011851,CUST_0204,STR_014,2025-06-24,292.86,Digital Wallet
TXN_011852,CUST_0300,STR_020,2025-04-07,1931.15,Credit Card
TXN_011853,CUST_0285,STR_009,2025-12-16,854.51,Debit Card
TXN_011854,CUST_0457,STR_015,2025-05-21,1906.51,Credit Card
TXN_011855,CUST_0431,STR_010,2025-05-03,1947.49,Credit Card
TXN_011856,CUST_0007,STR_020,2025-02-25,811.67,Credit Card
TXN_011857,CUST_0369,STR_006,2025-05-12,117.58,Credit Card
TXN_011858,CUST_0045,STR_020,2025-11-12,911.73,Credit Card
TXN_011859,CUST_0172,STR_014,2025-03-07,730.39,Credit Card
TXN_011860,CUST_0204,STR_009,2025-05-01,1134.59,Credit Card
TXN_011861,CUST_0473,STR_005,2025-06-14,1282.2,Credit Card
TXN_011862,CUST_0316,STR_002,2025-11-09,292.86,Credit Card
TXN_011863,CUST_0214,STR_019,2025-08-20,243.58,Credit Card
TXN_011864,CUST_0482,STR_015,2025-04-18,551.04,Debit Card
TXN_011865,CUST_0378,STR_001,2025-03-29,300.0,Digital Wallet
TXN_011866,CUST_0093,STR_017,2025-10-31,1977.44,Digital Wallet
TXN_011867,CUST_0044,STR_012,2025-09-22,661.28,Credit Card
TXN_011868,CUST_0237,STR_020,2025-04-30,547.35,Credit Card
TXN_011869,CUST_0225,STR_002,2025-09-27,1026.35,Credit Card
TXN_011870,CUST_0217,STR_018,2025-08-19,470.35,Debit Card
TXN_011871,CUST_0172,STR_019,2025-09-23,308.27,Debit Card
TXN_011872,CUST_0435,STR_004,2025-07-21,719.52,Credit Card
TXN_011873,CUST_0130,STR_014,2025-04-02,2042.62,Credit Card
TXN_011874,CUST_0312,STR_012,2025-08-01,444.41,Credit Card
TXN_011875,CUST_0308,STR_001,2025-09-11,1528.95,Credit Card
TXN_011876,CUST_0488,STR_007,2025-11-22,524.28,Credit Card
TXN_011877,CUST_0017,STR_013,2025-07-07,1367.27,Credit Card
TXN_011878,CUST_0277,STR_019,2025-07-08,3054.92,Credit Card
TXN_011879,CUST_0233,STR_003,2025-04-13,386.23,Credit Card
TXN_011880,CUST_0184,STR_011,2025-11-23,772.78,Credit Card
TXN_011881,CUST_0072,STR_006,2025-12-31,573.46,Digital Wallet
TXN_011882,CUST_0432,STR_014,2025-06-20,561.81,Debit Card
TXN_011883,CUST_0386,STR_007,2025-10-11,422.29,Credit Card
TXN_011884,CUST_0353,STR_007,2025-11-06,1715.21,Credit Card
TXN_011885,CUST_0236,STR_010,2025-11-23,99.31,Credit Card
TXN_011886,CUST_0438,STR_006,2025-11-30,286.49,Credit Card
TXN_011887,CUST_0397,STR_006,2025-07-08,1353.18,Debit Card
TXN_011888,CUST_0142,STR_008,2025-09-28,705.46,Debit Card
TXN_011889,CUST_0254,STR_006,2025-07-05,28.73,Debit Card
TXN_011890,CUST_0017,STR_016,2025-08-27,967.06,Cash
TXN_011891,CUST_0341,STR_011,2025-09-16,1021.06,Credit Card
TXN_011892,CUST_0327,STR_018,2025-03-09,447.75,Debit Card
TXN_011893,CUST_0048,STR_012,2025-05-24,584.97,Credit Card
TXN_011894,CUST_0171,STR_004,2025-08-08,538.38,Debit Card
TXN_011895,CUST_0204,STR_003,2025-09-26,613.87,Credit Card
TXN_011896,CUST_0018,STR_007,2025-05-31,551.88,Debit Card
TXN_011897,CUST_0025,STR_013,2025-08-26,2500.88,Credit Card
TXN_011898,CUST_0102,STR_019,2025-02-15,2485.91,Debit Card
TXN_011899,CUST_0472,STR_015,2025-06-29,529.62,Credit Card
TXN_011900,CUST_0003,STR_010,2025-04-27,846.49,Debit Card
TXN_011901,CUST_0031,STR_008,2025-06-07,535.99,Credit Card
TXN_011902,CUST_0043,STR_019,2025-05-26,1011.13,Credit Card
TXN_011903,CUST_0019,STR_017,2025-04-27,442.8,Debit Card
TXN_011904,CUST_0463,STR_004,2025-12-24,529.53,Credit Card
TXN_011905,CUST_0059,STR_008,2025-11-01,1412.56,Debit Card
TXN_011906,CUST_0463,STR_009,2025-05-06,420.77,Debit Card
TXN_011907,CUST_0035,STR_008,2025-10-15,2256.94,Digital Wallet
TXN_011908,CUST_0192,STR_003,2025-08-17,288.08,Credit Card
TXN_011909,CUST_0371,STR_002,2025-09-26,548.5,Digital Wallet
TXN_011910,CUST_0331,STR_004,2025-04-13,3666.17,Debit Card
TXN_011911,CUST_0324,STR_011,2025-03-01,1272.02,Credit Card
TXN_011912,CUST_0362,STR_010,2025-05-11,573.46,Debit Card
TXN_011913,CUST_0243,STR_007,2025-02-10,1352.82,Credit Card
TXN_011914,CUST_0131,STR_012,2025-06-07,995.69,Cash
TXN_011915,CUST_0425,STR_017,2025-10-24,776.86,Credit Card
TXN_011916,CUST_0015,STR_006,2025-05-08,1451.33,Cash
TXN_011917,CUST_0241,STR_020,2025-02-10,616.54,Credit Card
TXN_011918,CUST_0278,STR_011,2025-11-04,274.25,Digital Wallet
TXN_011919,CUST_0356,STR_016,2025-12-12,787.06,Digital Wallet
TXN_011920,CUST_0497,STR_009,2025-08-21,1060.31,Credit Card
TXN_011921,CUST_0500,STR_002,2025-12-16,1521.3,Credit Card
TXN_011922,CUST_0315,STR_009,2025-06-30,121.79,Digital Wallet
TXN_011923,CUST_0317,STR_004,2025-02-17,505.96,Credit Card
TXN_011924,CUST_0416,STR_004,2025-07-19,2327.48,Credit Card
TXN_011925,CUST_0114,STR_009,2025-04-01,1327.29,Debit Card
TXN_011926,CUST_0246,STR_019,2025-10-01,344.71,Debit Card
TXN_011927,CUST_0444,STR_007,2025-01-29,1150.78,Credit Card
TXN_011928,CUST_0201,STR_016,2025-11-29,1338.35,Credit Card
TXN_011929,CUST_0109,STR_007,2025-01-08,710.76,Digital Wallet
TXN_011930,CUST_0171,STR_001,2025-07-06,643.03,Credit Card
TXN_011931,CUST_0150,STR_014,2025-02-17,3755.18,Debit Card
TXN_011932,CUST_0303,STR_011,2025-11-27,1071.4,Debit Card
TXN_011933,CUST_0246,STR_018,2025-10-20,1123.62,Debit Card
TXN_011934,CUST_0318,STR_007,2025-11-14,776.86,Credit Card
TXN_011935,CUST_0049,STR_015,2025-02-08,540.58,Credit Card
TXN_011936,CUST_0252,STR_005,2025-01-28,578.95,Digital Wallet
TXN_011937,CUST_0164,STR_008,2025-10-30,2685.51,Credit Card
TXN_011938,CUST_0371,STR_011,2025-09-13,358.79,Credit Card
TXN_011939,CUST_0353,STR_006,2025-06-11,19431.78,Credit Card
TXN_011940,CUST_0054,STR_007,2025-08-02,653.09,Credit Card
TXN_011941,CUST_0453,STR_001,2025-05-24,992.61,Debit Card
TXN_011942,CUST_0030,STR_020,2025-05-09,521.07,Credit Card
TXN_011943,CUST_0328,STR_016,2025-02-19,469.05,Credit Card
TXN_011944,CUST_0111,STR_011,2025-04-11,1473.8,Credit Card
TXN_011945,CUST_0031,STR_006,2025-11-28,1089.13,Debit Card
TXN_011946,CUST_0454,STR_016,2025-11-21,2829.51,Debit Card
TXN_011947,CUST_0134,STR_015,2025-09-06,1929.09,Credit Card
TXN_011948,CUST_0167,STR_018,2025-09-06,2164.62,Digital Wallet
TXN_011949,CUST_0195,STR_019,2025-03-31,442.88,Cash
TXN_011950,CUST_0055,STR_007,2025-11-03,174.53,Credit Card
TXN_011951,CUST_0465,STR_009,2025-11-21,2598.88,Credit Card
TXN_011952,CUST_0145,STR_015,2025-03-28,1129.38,Debit Card
TXN_011953,CUST_0374,STR_010,2025-11-12,2247.17,Credit Card
TXN_011954,CUST_0383,STR_016,2025-06-26,195.06,Credit Card
TXN_011955,CUST_0030,STR_012,2025-05-06,626.24,Credit Card
TXN_011956,CUST_0397,STR_009,2025-10-02,103.22,Credit Card
TXN_011957,CUST_0155,STR_002,2025-11-08,1875.91,Cash
TXN_011958,CUST_0222,STR_018,2025-07-12,2616.75,Digital Wallet
TXN_011959,CUST_0149,STR_003,2025-11-17,1811.37,Debit Card
TXN_011960,CUST_0447,STR_017,2025-04-08,422.19,Debit Card
TXN_011961,CUST_0486,STR_008,2025-03-05,2214.4,Debit Card
TXN_011962,CUST_0449,STR_001,2025-07-31,628.17,Credit Card
TXN_011963,CUST_0027,STR_008,2025-11-05,1391.87,Debit Card
TXN_011964,CUST_0371,STR_010,2025-12-03,1033.44,Credit Card
TXN_011965,CUST_0091,STR_015,2025-09-11,1369.08,Credit Card
TXN_011966,CUST_0498,STR_020,2025-10-26,945.04,Credit Card
TXN_011967,CUST_0378,STR_007,2025-01-26,583.18,Debit Card
TXN_011968,CUST_0472,STR_016,2025-08-18,953.32,Credit Card
TXN_011969,CUST_0185,STR_011,2025-09-15,963.11,Credit Card
TXN_011970,CUST_0109,STR_001,2025-10-17,521.79,Cash
TXN_011971,CUST_0231,STR_007,2025-03-14,344.56,Credit Card
TXN_011972,CUST_0488,STR_016,2025-03-12,1846.82,Debit Card
TXN_011973,CUST_0323,STR_011,2025-07-20,33.71,Digital Wallet
TXN_011974,CUST_0301,STR_007,2025-05-07,2221.41,Credit Card
TXN_011975,CUST_0035,STR_006,2025-05-22,1106.8,Credit Card
TXN_011976,CUST_0359,STR_015,2025-05-24,1576.62,Credit Card
TXN_011977,CUST_0203,STR_016,2025-03-24,894.34,Digital Wallet
TXN_011978,CUST_0003,STR_018,2025-08-17,442.8,Debit Card
TXN_011979,CUST_0049,STR_009,2025-06-19,960.9,Credit Card
TXN_011980,CUST_0497,STR_006,2025-08-10,1323.07,Credit Card
TXN_011981,CUST_0432,STR_014,2025-08-21,3107.96,Debit Card
TXN_011982,CUST_0463,STR_011,2025-12-22,1953.93,Credit Card
TXN_011983,CUST_0347,STR_011,2025-01-04,1059.06,Digital Wallet
TXN_011984,CUST_0221,STR_006,2025-06-20,2108.01,Debit Card
TXN_011985,CUST_0442,STR_015,2025-08-23,804.71,Credit Card
TXN_011986,CUST_0066,STR_017,2025-02-16,1173.26,Debit Card
TXN_011987,CUST_0475,STR_012,2025-05-27,544.82,Credit Card
TXN_011988,CUST_0337,STR_019,2025-10-13,14305.53,Debit Card
TXN_011989,CUST_0108,STR_002,2025-10-13,991.21,Credit Card
TXN_011990,CUST_0305,STR_013,2025-06-02,70.0,Debit Card
TXN_011991,CUST_0016,STR_009,2025-01-26,8972.5,Credit Card
TXN_011992,CUST_0491,STR_019,2025-09-08,308.27,Debit Card
TXN_011993,CUST_0128,STR_016,2025-12-21,282.99,Debit Card
TXN_011994,CUST_0353,STR_003,2025-04-06,1555.95,Credit Card
TXN_011995,CUST_0304,STR_007,2025-02-15,972.22,Debit Card
TXN_011996,CUST_0210,STR_006,2025-10-30,2877.88,Credit Card
TXN_011997,CUST_0393,STR_017,2025-04-27,369.01,Debit Card
TXN_011998,CUST_0443,STR_015,2025-05-12,804.71,Credit Card
TXN_011999,CUST_0013,STR_012,2025-06-16,557.41,Debit Card
TXN_012000,CUST_0307,STR_005,2025-03-25,1078.29,Credit Card
TXN_012001,CUST_0135,STR_017,2025-04-16,2388.72,Cash
TXN_012002,CUST_0179,STR_010,2025-07-03,1858.98,Credit Card
TXN_012003,CUST_0254,STR_012,2025-10-23,1557.44,Digital Wallet
TXN_012004,CUST_0287,STR_001,2025-11-25,1452.86,Debit Card
TXN_012005,CUST_0189,STR_017,2025-01-25,2887.64,Credit Card
TXN_012006,CUST_0028,STR_012,2025-07-08,466.1,Credit Card
TXN_012007,CUST_0210,STR_020,2025-10-25,1369.15,Debit Card
TXN_012008,CUST_0458,STR_018,2025-05-20,2446.47,Debit Card
TXN_012009,CUST_0087,STR_020,2025-12-17,2306.99,Credit Card
TXN_012010,CUST_0407,STR_008,2025-05-02,2185.88,Digital Wallet
TXN_012011,CUST_0318,STR_006,2025-04-07,2101.04,Credit Card
TXN_012012,CUST_0453,STR_012,2025-08-10,1488.66,Credit Card
TXN_012013,CUST_0242,STR_002,2025-01-13,546.58,Cash
TXN_012014,CUST_0142,STR_005,2025-07-29,5590.6,Digital Wallet
TXN_012015,CUST_0093,STR_002,2025-08-11,2979.39,Credit Card
TXN_012016,CUST_0433,STR_020,2025-07-14,872.25,Credit Card
TXN_012017,CUST_0420,STR_013,2025-10-03,872.88,Credit Card
TXN_012018,CUST_0160,STR_010,2025-10-21,2017.39,Debit Card
TXN_012019,CUST_0366,STR_019,2025-12-24,308.27,Credit Card
TXN_012020,CUST_0465,STR_004,2025-11-06,1227.74,Credit Card
TXN_012021,CUST_0224,STR_014,2025-07-20,2875.0,Credit Card
TXN_012022,CUST_0465,STR_005,2025-04-12,1102.08,Digital Wallet
TXN_012023,CUST_0413,STR_012,2025-05-21,1988.65,Credit Card
TXN_012024,CUST_0108,STR_012,2025-04-17,1157.9,Debit Card
TXN_012025,CUST_0370,STR_004,2025-06-19,521.79,Cash
TXN_012026,CUST_0436,STR_011,2025-01-04,1176.8,Digital Wallet
TXN_012027,CUST_0434,STR_018,2025-02-03,145.83,Credit Card
TXN_012028,CUST_0088,STR_010,2025-12-20,635.65,Credit Card
TXN_012029,CUST_0068,STR_008,2025-07-26,529.62,Debit Card
TXN_012030,CUST_0085,STR_006,2025-02-19,529.62,Credit Card
TXN_012031,CUST_0497,STR_017,2025-01-07,2419.69,Credit Card
TXN_012032,CUST_0125,STR_013,2025-10-23,1116.97,Credit Card
TXN_012033,CUST_0383,STR_013,2025-09-27,653.79,Credit Card
TXN_012034,CUST_0141,STR_004,2025-12-15,1277.22,Digital Wallet
TXN_012035,CUST_0193,STR_011,2025-04-04,628.17,Credit Card
TXN_012036,CUST_0105,STR_001,2025-02-04,1088.1,Debit Card
TXN_012037,CUST_0474,STR_014,2025-05-14,732.37,Credit Card
TXN_012038,CUST_0286,STR_019,2025-01-07,2723.37,Credit Card
TXN_012039,CUST_0128,STR_009,2025-06-07,2062.87,Debit Card
TXN_012040,CUST_0387,STR_002,2025-03-27,372.32,Credit Card
TXN_012041,CUST_0472,STR_013,2025-03-31,1906.96,Debit Card
TXN_012042,CUST_0073,STR_008,2025-02-22,206.74,Debit Card
TXN_012043,CUST_0482,STR_013,2025-12-16,529.36,Debit Card
TXN_012044,CUST_0235,STR_012,2025-05-05,2391.54,Credit Card
TXN_012045,CUST_0112,STR_001,2025-12-10,1797.43,Credit Card
TXN_012046,CUST_0312,STR_017,2025-10-10,510.18,Credit Card
TXN_012047,CUST_0107,STR_019,2025-11-29,4363.5,Debit Card
TXN_012048,CUST_0238,STR_015,2025-06-14,68.23,Debit Card
TXN_012049,CUST_0430,STR_010,2025-12-19,847.85,Digital Wallet
TXN_012050,CUST_0327,STR_008,2025-11-20,2891.93,Credit Card
TXN_012051,CUST_0245,STR_018,2025-02-27,1040.5,Debit Card
TXN_012052,CUST_0202,STR_015,2025-01-21,578.95,Debit Card
TXN_012053,CUST_0430,STR_001,2025-08-21,1122.36,Digital Wallet
TXN_012054,CUST_0380,STR_008,2025-05-28,520.83,Debit Card
TXN_012055,CUST_0439,STR_007,2025-06-14,664.05,Credit Card
TXN_012056,CUST_0054,STR_005,2025-05-19,28876.35,Cash
TXN_012057,CUST_0197,STR_009,2025-07-25,1794.36,Credit Card
TXN_012058,CUST_0067,STR_014,2025-12-30,1722.76,Debit Card
TXN_012059,CUST_0416,STR_020,2025-06-08,604.63,Credit Card
TXN_012060,CUST_0168,STR_011,2025-04-24,362.7,Debit Card
TXN_012061,CUST_0155,STR_001,2025-01-29,269.98,Credit Card
TXN_012062,CUST_0435,STR_012,2025-03-25,1011.32,Debit Card
TXN_012063,CUST_0002,STR_016,2025-03-26,1612.68,Credit Card
TXN_012064,CUST_0280,STR_005,2025-01-06,1875.47,Credit Card
TXN_012065,CUST_0264,STR_009,2025-11-04,103.22,Debit Card
TXN_012066,CUST_0488,STR_019,2025-11-13,1126.48,Credit Card
TXN_012067,CUST_0211,STR_009,2025-05-18,646.06,Credit Card
TXN_012068,CUST_0318,STR_020,2025-02-18,1059.06,Credit Card
TXN_012069,CUST_0233,STR_008,2025-01-07,2996.3,Credit Card
TXN_012070,CUST_0102,STR_017,2025-06-27,632.48,Credit Card
TXN_012071,CUST_0414,STR_019,2025-03-02,2078.55,Credit Card
TXN_012072,CUST_0466,STR_002,2025-06-12,786.07,Credit Card
TXN_012073,CUST_0162,STR_010,2025-09-24,1266.41,Credit Card
TXN_012074,CUST_0146,STR_002,2025-01-02,1029.83,Credit Card
TXN_012075,CUST_0421,STR_018,2025-10-20,2044.89,Credit Card
TXN_012076,CUST_0204,STR_008,2025-12-29,2051.06,Debit Card
TXN_012077,CUST_0379,STR_001,2025-07-26,2334.3,Digital Wallet
TXN_012078,CUST_0225,STR_018,2025-10-19,2664.57,Credit Card
TXN_012079,CUST_0297,STR_015,2025-06-29,735.41,Credit Card
TXN_012080,CUST_0291,STR_020,2025-03-15,2111.93,Credit Card
TXN_012081,CUST_0194,STR_015,2025-11-16,492.06,Digital Wallet
TXN_012082,CUST_0342,STR_010,2025-07-06,1292.41,Debit Card
TXN_012083,CUST_0251,STR_010,2025-01-13,670.97,Credit Card
TXN_012084,CUST_0009,STR_016,2025-02-16,185.05,Debit Card
TXN_012085,CUST_0086,STR_001,2025-04-01,2223.82,Digital Wallet
TXN_012086,CUST_0283,STR_015,2025-12-27,2783.91,Credit Card
TXN_012087,CUST_0286,STR_008,2025-07-29,1095.31,Credit Card
TXN_012088,CUST_0204,STR_006,2025-04-22,670.42,Cash
TXN_012089,CUST_0023,STR_002,2025-08-17,830.63,Debit Card
TXN_012090,CUST_0210,STR_016,2025-03-14,18433.18,Cash
TXN_012091,CUST_0271,STR_015,2025-01-26,901.32,Credit Card
TXN_012092,CUST_0444,STR_017,2025-04-19,558.75,Debit Card
TXN_012093,CUST_0003,STR_011,2025-08-28,854.39,Debit Card
TXN_012094,CUST_0144,STR_005,2025-05-14,603.53,Credit Card
TXN_012095,CUST_0178,STR_015,2025-12-31,1048.18,Credit Card
TXN_012096,CUST_0379,STR_006,2025-06-11,2797.62,Credit Card
TXN_012097,CUST_0434,STR_011,2025-07-30,349.59,Cash
TXN_012098,CUST_0155,STR_016,2025-07-24,822.35,Credit Card
TXN_012099,CUST_0207,STR_015,2025-10-15,691.27,Credit Card
TXN_012100,CUST_0091,STR_010,2025-12-24,2386.72,Digital Wallet
TXN_012101,CUST_0027,STR_004,2025-10-07,4207.67,Digital Wallet
TXN_012102,CUST_0144,STR_018,2025-12-31,1593.32,Credit Card
TXN_012103,CUST_0406,STR_001,2025-02-05,306.03,Digital Wallet
TXN_012104,CUST_0113,STR_001,2025-02-26,448.22,Credit Card
TXN_012105,CUST_0183,STR_006,2025-01-26,977.07,Credit Card
TXN_012106,CUST_0483,STR_016,2025-01-13,586.93,Credit Card
TXN_012107,CUST_0165,STR_001,2025-12-05,1412.56,Cash
TXN_012108,CUST_0272,STR_004,2025-11-09,2656.94,Credit Card
TXN_012109,CUST_0373,STR_009,2025-07-21,1152.92,Credit Card
TXN_012110,CUST_0376,STR_016,2025-08-10,2192.08,Digital Wallet
TXN_012111,CUST_0002,STR_011,2025-09-14,2214.4,Credit Card
TXN_012112,CUST_0258,STR_013,2025-08-09,128.34,Credit Card
TXN_012113,CUST_0494,STR_006,2025-01-10,682.88,Credit Card
TXN_012114,CUST_0424,STR_013,2025-10-06,147.31,Credit Card
TXN_012115,CUST_0357,STR_012,2025-12-27,644.33,Debit Card
TXN_012116,CUST_0087,STR_005,2025-06-15,1827.21,Credit Card
TXN_012117,CUST_0293,STR_016,2025-04-21,86.19,Digital Wallet
TXN_012118,CUST_0372,STR_005,2025-09-06,2012.9,Digital Wallet
TXN_012119,CUST_0470,STR_019,2025-08-23,846.49,Digital Wallet
TXN_012120,CUST_0436,STR_006,2025-03-20,1872.96,Digital Wallet
TXN_012121,CUST_0436,STR_011,2025-08-05,599.62,Digital Wallet
TXN_012122,CUST_0072,STR_013,2025-04-30,6858.14,Debit Card
TXN_012123,CUST_0255,STR_018,2025-05-22,444.41,Credit Card
TXN_012124,CUST_0120,STR_011,2025-04-24,281.81,Debit Card
TXN_012125,CUST_0010,STR_013,2025-05-16,388.43,Credit Card
TXN_012126,CUST_0416,STR_009,2025-11-05,261.58,Credit Card
TXN_012127,CUST_0371,STR_020,2025-09-12,776.86,Cash
TXN_012128,CUST_0102,STR_018,2025-08-08,2269.54,Debit Card
TXN_012129,CUST_0475,STR_017,2025-01-17,2404.18,Debit Card
TXN_012130,CUST_0120,STR_003,2025-11-04,1055.01,Credit Card
TXN_012131,CUST_0237,STR_018,2025-12-03,842.63,Digital Wallet
TXN_012132,CUST_0470,STR_018,2025-10-15,1308.38,Debit Card
TXN_012133,CUST_0394,STR_018,2025-04-14,491.82,Debit Card
TXN_012134,CUST_0107,STR_009,2025-11-03,928.91,Credit Card
TXN_012135,CUST_0421,STR_008,2025-11-22,274.25,Credit Card
TXN_012136,CUST_0034,STR_020,2025-03-04,690.69,Credit Card
TXN_012137,CUST_0460,STR_006,2025-08-30,972.15,Debit Card
TXN_012138,CUST_0116,STR_018,2025-03-09,1412.56,Debit Card
TXN_012139,CUST_0344,STR_016,2025-04-16,1152.73,Credit Card
TXN_012140,CUST_0008,STR_010,2025-10-11,1562.67,Debit Card
TXN_012141,CUST_0399,STR_006,2025-12-28,529.62,Credit Card
TXN_012142,CUST_0388,STR_005,2025-02-02,900.14,Digital Wallet
TXN_012143,CUST_0283,STR_010,2025-10-13,412.36,Credit Card
TXN_012144,CUST_0060,STR_016,2025-02-28,1597.56,Debit Card
TXN_012145,CUST_0068,STR_016,2025-11-19,196.12,Credit Card
TXN_012146,CUST_0111,STR_015,2025-10-11,551.82,Digital Wallet
TXN_012147,CUST_0434,STR_005,2025-04-04,1507.65,Digital Wallet
TXN_012148,CUST_0201,STR_019,2025-04-27,497.85,Digital Wallet
TXN_012149,CUST_0455,STR_009,2025-02-10,134.99,Credit Card
TXN_012150,CUST_0216,STR_011,2025-11-24,274.25,Credit Card
TXN_012151,CUST_0041,STR_016,2025-09-13,1784.12,Digital Wallet
TXN_012152,CUST_0305,STR_009,2025-09-24,1132.16,Credit Card
TXN_012153,CUST_0157,STR_012,2025-07-15,550.85,Debit Card
TXN_012154,CUST_0237,STR_014,2025-02-19,676.25,Cash
TXN_012155,CUST_0050,STR_013,2025-07-17,4156.48,Debit Card
TXN_012156,CUST_0226,STR_001,2025-01-29,268.84,Digital Wallet
TXN_012157,CUST_0334,STR_016,2025-05-30,1997.78,Debit Card
TXN_012158,CUST_0215,STR_008,2025-11-07,854.39,Digital Wallet
TXN_012159,CUST_0075,STR_019,2025-05-25,2071.08,Debit Card
TXN_012160,CUST_0441,STR_002,2025-07-07,3416.73,Credit Card
TXN_012161,CUST_0052,STR_016,2025-06-24,822.62,Digital Wallet
TXN_012162,CUST_0155,STR_006,2025-10-13,900.62,Debit Card
TXN_012163,CUST_0196,STR_010,2025-09-24,2437.33,Cash
TXN_012164,CUST_0274,STR_012,2025-08-30,67.23,Credit Card
TXN_012165,CUST_0483,STR_019,2025-06-10,121.79,Credit Card
TXN_012166,CUST_0374,STR_019,2025-11-27,1512.73,Credit Card
TXN_012167,CUST_0085,STR_015,2025-04-06,811.67,Debit Card
TXN_012168,CUST_0068,STR_016,2025-03-12,604.08,Credit Card
TXN_012169,CUST_0193,STR_019,2025-03-30,1141.2,Cash
TXN_012170,CUST_0330,STR_011,2025-05-03,561.81,Credit Card
TXN_012171,CUST_0284,STR_009,2025-10-08,854.39,Debit Card
TXN_012172,CUST_0307,STR_009,2025-12-25,561.81,Debit Card
TXN_012173,CUST_0445,STR_018,2025-11-29,308.27,Credit Card
TXN_012174,CUST_0298,STR_002,2025-01-04,1142.31,Credit Card
TXN_012175,CUST_0204,STR_003,2025-07-23,1147.5,Debit Card
TXN_012176,CUST_0379,STR_001,2025-02-15,114.92,Credit Card
TXN_012177,CUST_0380,STR_008,2025-09-27,16777.6,Credit Card
TXN_012178,CUST_0321,STR_015,2025-06-21,150.0,Debit Card
TXN_012179,CUST_0271,STR_002,2025-06-23,548.5,Credit Card
TXN_012180,CUST_0129,STR_016,2025-04-20,3167.86,Credit Card
TXN_012181,CUST_0204,STR_017,2025-10-26,205.33,Credit Card
TXN_012182,CUST_0435,STR_002,2025-07-18,408.88,Credit Card
TXN_012183,CUST_0148,STR_006,2025-12-27,666.64,Credit Card
TXN_012184,CUST_0493,STR_009,2025-09-09,210.37,Debit Card
TXN_012185,CUST_0189,STR_019,2025-07-11,1214.07,Credit Card
TXN_012186,CUST_0352,STR_007,2025-03-23,15417.55,Credit Card
TXN_012187,CUST_0206,STR_016,2025-02-01,178.7,Credit Card
TXN_012188,CUST_0219,STR_011,2025-03-23,3754.97,Credit Card
TXN_012189,CUST_0388,STR_013,2025-02-22,1613.14,Debit Card
TXN_012190,CUST_0321,STR_010,2025-08-15,3457.98,Debit Card
TXN_012191,CUST_0313,STR_006,2025-05-07,148.33,Credit Card
TXN_012192,CUST_0356,STR_019,2025-11-01,1300.22,Credit Card
TXN_012193,CUST_0115,STR_015,2025-03-03,154.58,Credit Card
TXN_012194,CUST_0160,STR_014,2025-08-07,687.46,Credit Card
TXN_012195,CUST_0379,STR_012,2025-01-16,371.12,Debit Card
TXN_012196,CUST_0070,STR_008,2025-10-11,1688.4,Credit Card
TXN_012197,CUST_0018,STR_011,2025-10-11,1630.94,Digital Wallet
TXN_012198,CUST_0244,STR_010,2025-03-23,578.95,Cash
TXN_012199,CUST_0326,STR_004,2025-12-08,178.57,Debit Card
TXN_012200,CUST_0007,STR_013,2025-10-23,390.22,Credit Card
TXN_012201,CUST_0322,STR_017,2025-02-11,844.86,Digital Wallet
TXN_012202,CUST_0209,STR_004,2025-10-22,953.15,Cash
TXN_012203,CUST_0194,STR_009,2025-06-13,719.56,Credit Card
TXN_012204,CUST_0206,STR_016,2025-02-19,986.66,Credit Card
TXN_012205,CUST_0280,STR_019,2025-03-07,46.32,Credit Card
TXN_012206,CUST_0186,STR_012,2025-01-10,1683.15,Debit Card
TXN_012207,CUST_0165,STR_011,2025-01-19,731.41,Credit Card
TXN_012208,CUST_0225,STR_004,2025-09-23,1255.45,Debit Card
TXN_012209,CUST_0423,STR_007,2025-08-25,630.72,Digital Wallet
TXN_012210,CUST_0250,STR_016,2025-12-31,518.3,Credit Card
TXN_012211,CUST_0165,STR_003,2025-04-15,469.32,Credit Card
TXN_012212,CUST_0463,STR_008,2025-09-01,140.0,Debit Card
TXN_012213,CUST_0192,STR_009,2025-11-11,614.31,Credit Card
TXN_012214,CUST_0414,STR_020,2025-05-27,1119.63,Credit Card
TXN_012215,CUST_0415,STR_006,2025-05-26,1045.17,Debit Card
TXN_012216,CUST_0409,STR_013,2025-02-15,615.84,Credit Card
TXN_012217,CUST_0313,STR_005,2025-12-02,917.28,Credit Card
TXN_012218,CUST_0193,STR_018,2025-01-27,148.33,Credit Card
TXN_012219,CUST_0103,STR_009,2025-02-01,8340.36,Digital Wallet
TXN_012220,CUST_0269,STR_002,2025-01-12,2769.12,Credit Card
TXN_012221,CUST_0205,STR_004,2025-12-22,109.61,Digital Wallet
TXN_012222,CUST_0334,STR_002,2025-02-16,4644.99,Credit Card
TXN_012223,CUST_0233,STR_002,2025-08-29,1756.76,Credit Card
TXN_012224,CUST_0461,STR_017,2025-10-02,531.28,Credit Card
TXN_012225,CUST_0098,STR_001,2025-12-20,466.1,Credit Card
TXN_012226,CUST_0242,STR_007,2025-06-13,1113.41,Digital Wallet
TXN_012227,CUST_0307,STR_003,2025-11-25,670.59,Credit Card
TXN_012228,CUST_0128,STR_008,2025-01-12,1624.0,Credit Card
TXN_012229,CUST_0490,STR_001,2025-09-19,846.49,Debit Card
TXN_012230,CUST_0303,STR_020,2025-06-14,568.43,Credit Card
TXN_012231,CUST_0225,STR_015,2025-06-25,2215.86,Digital Wallet
TXN_012232,CUST_0487,STR_020,2025-04-13,785.02,Credit Card
TXN_012233,CUST_0059,STR_002,2025-07-13,2217.78,Digital Wallet
TXN_012234,CUST_0332,STR_007,2025-04-28,838.73,Credit Card
TXN_012235,CUST_0485,STR_017,2025-04-30,687.46,Debit Card
TXN_012236,CUST_0103,STR_002,2025-02-18,1024.39,Credit Card
TXN_012237,CUST_0169,STR_008,2025-10-23,519.58,Digital Wallet
TXN_012238,CUST_0314,STR_016,2025-10-20,604.08,Digital Wallet
TXN_012239,CUST_0035,STR_018,2025-10-22,1764.63,Debit Card
TXN_012240,CUST_0148,STR_008,2025-03-26,472.52,Credit Card
TXN_012241,CUST_0166,STR_015,2025-01-21,571.81,Credit Card
TXN_012242,CUST_0179,STR_007,2025-08-30,576.46,Digital Wallet
TXN_012243,CUST_0191,STR_005,2025-07-08,2452.05,Credit Card
TXN_012244,CUST_0134,STR_016,2025-01-01,854.32,Credit Card
TXN_012245,CUST_0323,STR_015,2025-09-20,504.32,Credit Card
TXN_012246,CUST_0144,STR_007,2025-07-20,292.86,Credit Card
TXN_012247,CUST_0229,STR_020,2025-03-06,621.1,Credit Card
TXN_012248,CUST_0006,STR_009,2025-06-14,1202.64,Credit Card
TXN_012249,CUST_0112,STR_010,2025-05-10,510.18,Credit Card
TXN_012250,CUST_0308,STR_014,2025-02-22,140.91,Debit Card
TXN_012251,CUST_0445,STR_006,2025-08-30,1173.5,Debit Card
TXN_012252,CUST_0130,STR_013,2025-09-20,185.8,Credit Card
TXN_012253,CUST_0412,STR_020,2025-09-28,206.74,Debit Card
TXN_012254,CUST_0403,STR_005,2025-04-11,99.17,Credit Card
TXN_012255,CUST_0206,STR_015,2025-04-07,1983.84,Debit Card
TXN_012256,CUST_0466,STR_008,2025-02-04,687.46,Credit Card
TXN_012257,CUST_0352,STR_016,2025-10-24,1490.4,Credit Card
TXN_012258,CUST_0448,STR_007,2025-02-11,726.43,Credit Card
TXN_012259,CUST_0476,STR_006,2025-07-11,2057.84,Credit Card
TXN_012260,CUST_0316,STR_006,2025-07-28,3592.22,Credit Card
TXN_012261,CUST_0045,STR_015,2025-11-04,223.88,Debit Card
TXN_012262,CUST_0173,STR_001,2025-08-03,1048.33,Credit Card
TXN_012263,CUST_0282,STR_009,2025-09-17,3143.4,Debit Card
TXN_012264,CUST_0252,STR_006,2025-12-24,540.58,Debit Card
TXN_012265,CUST_0274,STR_005,2025-07-29,559.06,Credit Card
TXN_012266,CUST_0397,STR_004,2025-05-04,2592.88,Credit Card
TXN_012267,CUST_0486,STR_017,2025-12-26,744.14,Digital Wallet
TXN_012268,CUST_0221,STR_018,2025-10-06,1179.21,Cash
TXN_012269,CUST_0118,STR_015,2025-11-06,643.03,Debit Card
TXN_012270,CUST_0305,STR_013,2025-11-06,1958.59,Digital Wallet
TXN_012271,CUST_0398,STR_016,2025-02-28,762.5,Credit Card
TXN_012272,CUST_0106,STR_011,2025-05-04,1173.57,Credit Card
TXN_012273,CUST_0236,STR_001,2025-08-04,476.25,Credit Card
TXN_012274,CUST_0073,STR_002,2025-11-25,1689.12,Credit Card
TXN_012275,CUST_0092,STR_015,2025-06-10,133.09,Cash
TXN_012276,CUST_0441,STR_016,2025-04-30,368.67,Credit Card
TXN_012277,CUST_0221,STR_017,2025-03-08,16434.33,Debit Card
TXN_012278,CUST_0331,STR_018,2025-09-02,1721.29,Credit Card
TXN_012279,CUST_0066,STR_013,2025-11-27,380.56,Digital Wallet
TXN_012280,CUST_0415,STR_015,2025-01-04,1915.55,Credit Card
TXN_012281,CUST_0110,STR_006,2025-01-20,178.57,Credit Card
TXN_012282,CUST_0150,STR_002,2025-05-14,291.32,Digital Wallet
TXN_012283,CUST_0492,STR_008,2025-10-22,923.14,Credit Card
TXN_012284,CUST_0305,STR_009,2025-05-29,3612.32,Credit Card
TXN_012285,CUST_0005,STR_015,2025-10-30,306.03,Credit Card
TXN_012286,CUST_0208,STR_017,2025-07-13,1432.88,Digital Wallet
TXN_012287,CUST_0481,STR_006,2025-10-08,1006.28,Credit Card
TXN_012288,CUST_0207,STR_005,2025-11-27,398.0,Digital Wallet
TXN_012289,CUST_0131,STR_019,2025-03-17,1417.86,Credit Card
TXN_012290,CUST_0070,STR_018,2025-06-11,804.34,Debit Card
TXN_012291,CUST_0264,STR_016,2025-08-26,254.69,Cash
TXN_012292,CUST_0066,STR_020,2025-02-12,4175.75,Debit Card
TXN_012293,CUST_0228,STR_006,2025-12-08,1413.57,Debit Card
TXN_012294,CUST_0011,STR_012,2025-09-22,1905.6,Credit Card
TXN_012295,CUST_0284,STR_013,2025-02-18,28.73,Credit Card
TXN_012296,CUST_0098,STR_004,2025-08-18,9922.22,Credit Card
TXN_012297,CUST_0296,STR_008,2025-06-06,3055.78,Credit Card
TXN_012298,CUST_0282,STR_007,2025-12-22,413.28,Credit Card
TXN_012299,CUST_0442,STR_001,2025-11-05,1613.39,Digital Wallet
TXN_012300,CUST_0272,STR_016,2025-12-08,195.46,Debit Card
TXN_012301,CUST_0400,STR_018,2025-05-11,1402.97,Debit Card
TXN_012302,CUST_0270,STR_004,2025-06-02,853.26,Credit Card
TXN_012303,CUST_0161,STR_013,2025-10-09,148.33,Debit Card
TXN_012304,CUST_0052,STR_015,2025-07-06,166.96,Credit Card
TXN_012305,CUST_0325,STR_018,2025-03-23,1072.66,Credit Card
TXN_012306,CUST_0012,STR_009,2025-08-25,585.71,Credit Card
TXN_012307,CUST_0084,STR_018,2025-12-15,4019.78,Credit Card
TXN_012308,CUST_0278,STR_014,2025-11-08,620.22,Credit Card
TXN_012309,CUST_0115,STR_017,2025-01-23,1285.43,Credit Card
TXN_012310,CUST_0260,STR_013,2025-12-04,520.83,Cash
TXN_012311,CUST_0112,STR_018,2025-09-18,524.28,Digital Wallet
TXN_012312,CUST_0161,STR_013,2025-04-24,1455.22,Cash
TXN_012313,CUST_0155,STR_009,2025-10-29,828.64,Credit Card
TXN_012314,CUST_0466,STR_019,2025-12-15,664.61,Digital Wallet
TXN_012315,CUST_0219,STR_020,2025-08-15,223.88,Credit Card
TXN_012316,CUST_0382,STR_013,2025-07-17,2075.52,Credit Card
TXN_012317,CUST_0436,STR_005,2025-04-27,1372.29,Debit Card
TXN_012318,CUST_0272,STR_010,2025-05-27,28.73,Cash
TXN_012319,CUST_0483,STR_006,2025-06-10,281.62,Digital Wallet
TXN_012320,CUST_0199,STR_016,2025-06-17,1016.76,Debit Card
TXN_012321,CUST_0022,STR_003,2025-11-27,883.29,Credit Card
TXN_012322,CUST_0298,STR_002,2025-03-12,1083.08,Credit Card
TXN_012323,CUST_0259,STR_010,2025-08-25,687.46,Credit Card
TXN_012324,CUST_0483,STR_003,2025-02-25,643.03,Digital Wallet
TXN_012325,CUST_0314,STR_015,2025-10-26,777.78,Credit Card
TXN_012326,CUST_0191,STR_019,2025-08-27,472.52,Debit Card
TXN_012327,CUST_0088,STR_006,2025-02-06,763.08,Credit Card
TXN_012328,CUST_0355,STR_019,2025-06-07,2229.94,Debit Card
TXN_012329,CUST_0213,STR_009,2025-04-24,103.22,Credit Card
TXN_012330,CUST_0100,STR_012,2025-06-02,2319.16,Credit Card
TXN_012331,CUST_0244,STR_011,2025-02-20,940.42,Credit Card
TXN_012332,CUST_0177,STR_005,2025-01-15,1487.83,Cash
TXN_012333,CUST_0369,STR_019,2025-08-01,557.41,Debit Card
TXN_012334,CUST_0077,STR_008,2025-07-13,1276.87,Credit Card
TXN_012335,CUST_0491,STR_002,2025-03-02,808.19,Debit Card
TXN_012336,CUST_0053,STR_001,2025-08-20,854.39,Credit Card
TXN_012337,CUST_0232,STR_014,2025-07-02,538.38,Debit Card
TXN_012338,CUST_0446,STR_019,2025-08-18,411.62,Credit Card
TXN_012339,CUST_0156,STR_006,2025-07-21,5118.9,Debit Card
TXN_012340,CUST_0374,STR_019,2025-01-24,306.03,Credit Card
TXN_012341,CUST_0431,STR_008,2025-10-14,2471.83,Debit Card
TXN_012342,CUST_0441,STR_005,2025-05-12,1191.17,Credit Card
TXN_012343,CUST_0430,STR_004,2025-02-08,205.33,Credit Card
TXN_012344,CUST_0321,STR_004,2025-03-05,151.78,Cash
TXN_012345,CUST_0025,STR_019,2025-12-02,1192.46,Digital Wallet
TXN_012346,CUST_0282,STR_011,2025-08-04,115.7,Credit Card
TXN_012347,CUST_0427,STR_016,2025-06-16,996.13,Credit Card
TXN_012348,CUST_0169,STR_003,2025-03-28,375.8,Credit Card
TXN_012349,CUST_0075,STR_014,2025-03-11,676.41,Debit Card
TXN_012350,CUST_0146,STR_009,2025-05-23,179.85,Credit Card
TXN_012351,CUST_0057,STR_005,2025-06-29,151.78,Cash
TXN_012352,CUST_0242,STR_012,2025-03-18,510.18,Credit Card
TXN_012353,CUST_0431,STR_015,2025-12-16,1017.51,Debit Card
TXN_012354,CUST_0275,STR_009,2025-11-08,1092.94,Credit Card
TXN_012355,CUST_0416,STR_016,2025-09-28,1826.85,Credit Card
TXN_012356,CUST_0124,STR_007,2025-09-05,2901.02,Credit Card
TXN_012357,CUST_0402,STR_001,2025-09-21,188.22,Credit Card
TXN_012358,CUST_0211,STR_004,2025-06-12,1361.64,Credit Card
TXN_012359,CUST_0412,STR_012,2025-04-13,205.33,Debit Card
TXN_012360,CUST_0300,STR_017,2025-07-02,471.64,Debit Card
TXN_012361,CUST_0460,STR_008,2025-02-18,1182.48,Debit Card
TXN_012362,CUST_0162,STR_004,2025-03-24,64.17,Debit Card
TXN_012363,CUST_0030,STR_011,2025-11-03,1109.25,Credit Card
TXN_012364,CUST_0330,STR_016,2025-07-01,613.62,Debit Card
TXN_012365,CUST_0109,STR_004,2025-10-02,1020.36,Credit Card
TXN_012366,CUST_0036,STR_019,2025-12-25,2573.09,Credit Card
TXN_012367,CUST_0018,STR_010,2025-06-27,3065.64,Digital Wallet
TXN_012368,CUST_0371,STR_006,2025-04-07,2772.97,Credit Card
TXN_012369,CUST_0448,STR_014,2025-06-13,206.81,Digital Wallet
TXN_012370,CUST_0143,STR_015,2025-06-04,196.47,Credit Card
TXN_012371,CUST_0395,STR_002,2025-03-16,268.84,Credit Card
TXN_012372,CUST_0052,STR_006,2025-08-21,32247.94,Debit Card
TXN_012373,CUST_0445,STR_004,2025-05-24,553.88,Debit Card
TXN_012374,CUST_0445,STR_001,2025-07-27,1744.5,Cash
TXN_012375,CUST_0031,STR_018,2025-10-10,23.16,Credit Card
TXN_012376,CUST_0088,STR_015,2025-01-11,2904.41,Credit Card
TXN_012377,CUST_0094,STR_013,2025-08-29,601.64,Debit Card
TXN_012378,CUST_0196,STR_007,2025-11-11,1609.42,Cash
TXN_012379,CUST_0204,STR_006,2025-10-01,519.58,Digital Wallet
TXN_012380,CUST_0169,STR_004,2025-08-29,940.7,Digital Wallet
TXN_012381,CUST_0117,STR_009,2025-01-11,726.43,Debit Card
TXN_012382,CUST_0185,STR_017,2025-04-13,801.99,Credit Card
TXN_012383,CUST_0475,STR_016,2025-01-18,2995.82,Digital Wallet
TXN_012384,CUST_0194,STR_013,2025-09-30,845.22,Credit Card
TXN_012385,CUST_0222,STR_010,2025-07-31,270.39,Credit Card
TXN_012386,CUST_0500,STR_014,2025-12-05,878.3,Credit Card
TXN_012387,CUST_0023,STR_010,2025-05-15,555.62,Credit Card
TXN_012388,CUST_0224,STR_003,2025-10-26,1343.73,Digital Wallet
TXN_012389,CUST_0444,STR_011,2025-12-05,585.71,Credit Card
TXN_012390,CUST_0085,STR_008,2025-05-23,516.09,Debit Card
TXN_012391,CUST_0009,STR_001,2025-06-27,224.11,Credit Card
TXN_012392,CUST_0006,STR_015,2025-07-01,2845.3,Credit Card
TXN_012393,CUST_0228,STR_005,2025-09-14,427.14,Digital Wallet
TXN_012394,CUST_0354,STR_008,2025-06-10,1695.63,Debit Card
TXN_012395,CUST_0053,STR_008,2025-12-19,973.99,Credit Card
TXN_012396,CUST_0388,STR_006,2025-04-01,886.71,Debit Card
TXN_012397,CUST_0147,STR_007,2025-11-29,2058.59,Credit Card
TXN_012398,CUST_0157,STR_017,2025-08-04,282.99,Digital Wallet
TXN_012399,CUST_0130,STR_017,2025-11-10,364.58,Credit Card
TXN_012400,CUST_0375,STR_001,2025-06-20,23.16,Credit Card
TXN_012401,CUST_0086,STR_015,2025-02-23,825.11,Debit Card
TXN_012402,CUST_0345,STR_002,2025-05-24,582.52,Cash
TXN_012403,CUST_0150,STR_005,2025-01-12,3085.61,Credit Card
TXN_012404,CUST_0073,STR_017,2025-03-10,487.13,Credit Card
TXN_012405,CUST_0173,STR_009,2025-07-19,19133.07,Credit Card
TXN_012406,CUST_0007,STR_010,2025-04-08,2009.13,Digital Wallet
TXN_012407,CUST_0321,STR_015,2025-07-26,1058.18,Credit Card
TXN_012408,CUST_0164,STR_017,2025-08-23,456.98,Credit Card
TXN_012409,CUST_0211,STR_004,2025-01-05,1246.1,Digital Wallet
TXN_012410,CUST_0126,STR_017,2025-08-09,611.17,Credit Card
TXN_012411,CUST_0077,STR_013,2025-05-22,305.92,Cash
TXN_012412,CUST_0107,STR_013,2025-01-10,54.54,Debit Card
TXN_012413,CUST_0224,STR_012,2025-06-12,672.33,Credit Card
TXN_012414,CUST_0497,STR_003,2025-12-28,2249.23,Credit Card
TXN_012415,CUST_0041,STR_003,2025-10-03,1947.41,Credit Card
TXN_012416,CUST_0335,STR_020,2025-02-21,573.88,Debit Card
TXN_012417,CUST_0336,STR_002,2025-07-14,773.05,Credit Card
TXN_012418,CUST_0081,STR_019,2025-07-29,1726.74,Credit Card
TXN_012419,CUST_0177,STR_016,2025-06-28,962.06,Credit Card
TXN_012420,CUST_0167,STR_011,2025-10-26,1006.28,Digital Wallet
TXN_012421,CUST_0364,STR_003,2025-02-25,3388.0,Credit Card
TXN_012422,CUST_0068,STR_013,2025-12-23,196.12,Digital Wallet
TXN_012423,CUST_0254,STR_010,2025-07-18,578.73,Credit Card
TXN_012424,CUST_0196,STR_004,2025-03-07,277.16,Debit Card
TXN_012425,CUST_0182,STR_002,2025-02-26,362.7,Credit Card
TXN_012426,CUST_0343,STR_015,2025-06-16,98.21,Debit Card
TXN_012427,CUST_0356,STR_011,2025-09-14,513.55,Debit Card
TXN_012428,CUST_0176,STR_009,2025-09-14,524.28,Credit Card
TXN_012429,CUST_0337,STR_019,2025-06-01,500.64,Credit Card
TXN_012430,CUST_0347,STR_002,2025-05-03,1786.4,Credit Card
TXN_012431,CUST_0466,STR_009,2025-02-03,1204.28,Digital Wallet
TXN_012432,CUST_0497,STR_008,2025-01-20,519.15,Digital Wallet
TXN_012433,CUST_0380,STR_012,2025-02-25,1109.14,Debit Card
TXN_012434,CUST_0328,STR_017,2025-01-19,1107.03,Credit Card
TXN_012435,CUST_0440,STR_018,2025-07-22,261.58,Debit Card
TXN_012436,CUST_0012,STR_013,2025-07-09,1133.61,Credit Card
TXN_012437,CUST_0270,STR_020,2025-10-04,600.86,Cash
TXN_012438,CUST_0022,STR_020,2025-06-21,2137.49,Credit Card
TXN_012439,CUST_0414,STR_012,2025-06-17,7377.12,Debit Card
TXN_012440,CUST_0012,STR_015,2025-10-29,3951.72,Digital Wallet
TXN_012441,CUST_0063,STR_014,2025-03-11,1222.96,Credit Card
TXN_012442,CUST_0063,STR_003,2025-07-23,1398.36,Credit Card
TXN_012443,CUST_0095,STR_017,2025-03-22,519.22,Credit Card
TXN_012444,CUST_0125,STR_003,2025-02-14,64.44,Credit Card
TXN_012445,CUST_0257,STR_016,2025-03-02,281.62,Debit Card
TXN_012446,CUST_0082,STR_012,2025-01-28,780.82,Digital Wallet
TXN_012447,CUST_0417,STR_003,2025-02-06,3064.48,Cash
TXN_012448,CUST_0389,STR_013,2025-09-28,375.77,Digital Wallet
TXN_012449,CUST_0283,STR_015,2025-12-20,813.74,Credit Card
TXN_012450,CUST_0073,STR_008,2025-11-12,355.38,Debit Card
TXN_012451,CUST_0215,STR_018,2025-11-23,813.74,Credit Card
TXN_012452,CUST_0075,STR_010,2025-09-24,178.57,Digital Wallet
TXN_012453,CUST_0278,STR_018,2025-08-16,103.22,Credit Card
TXN_012454,CUST_0081,STR_014,2025-07-06,546.47,Credit Card
TXN_012455,CUST_0476,STR_002,2025-10-08,559.06,Digital Wallet
TXN_012456,CUST_0273,STR_013,2025-11-28,295.69,Debit Card
TXN_012457,CUST_0138,STR_011,2025-09-24,266.15,Credit Card
TXN_012458,CUST_0207,STR_002,2025-02-11,830.45,Credit Card
TXN_012459,CUST_0140,STR_007,2025-01-15,297.46,Credit Card
TXN_012460,CUST_0427,STR_002,2025-01-22,617.58,Credit Card
TXN_012461,CUST_0153,STR_005,2025-01-22,422.1,Credit Card
TXN_012462,CUST_0123,STR_007,2025-08-06,2612.38,Credit Card
TXN_012463,CUST_0127,STR_003,2025-09-19,472.52,Credit Card
TXN_012464,CUST_0052,STR_019,2025-12-08,613.87,Credit Card
TXN_012465,CUST_0473,STR_004,2025-09-20,632.48,Credit Card
TXN_012466,CUST_0102,STR_008,2025-11-12,186.13,Debit Card
TXN_012467,CUST_0385,STR_002,2025-01-28,1037.74,Digital Wallet
TXN_012468,CUST_0131,STR_006,2025-02-15,604.08,Digital Wallet
TXN_012469,CUST_0352,STR_006,2025-12-17,121.79,Debit Card
TXN_012470,CUST_0323,STR_008,2025-09-23,854.94,Debit Card
TXN_012471,CUST_0322,STR_012,2025-05-26,1095.27,Credit Card
TXN_012472,CUST_0130,STR_001,2025-11-03,304.67,Credit Card
TXN_012473,CUST_0350,STR_002,2025-12-08,1765.96,Credit Card
TXN_012474,CUST_0443,STR_008,2025-06-15,1812.76,Credit Card
TXN_012475,CUST_0150,STR_002,2025-01-07,359.7,Credit Card
TXN_012476,CUST_0053,STR_001,2025-01-13,1424.94,Debit Card
TXN_012477,CUST_0232,STR_013,2025-12-28,1483.13,Credit Card
TXN_012478,CUST_0153,STR_013,2025-02-10,359.7,Debit Card
TXN_012479,CUST_0233,STR_012,2025-05-18,840.03,Credit Card
TXN_012480,CUST_0075,STR_003,2025-07-24,457.62,Credit Card
TXN_012481,CUST_0228,STR_002,2025-01-19,1006.31,Debit Card
TXN_012482,CUST_0437,STR_002,2025-12-21,706.28,Credit Card
TXN_012483,CUST_0074,STR_020,2025-04-03,338.19,Debit Card
TXN_012484,CUST_0060,STR_015,2025-07-12,428.62,Debit Card
TXN_012485,CUST_0406,STR_008,2025-05-01,573.46,Debit Card
TXN_012486,CUST_0365,STR_014,2025-04-08,503.15,Credit Card
TXN_012487,CUST_0434,STR_001,2025-09-04,622.43,Digital Wallet
TXN_012488,CUST_0402,STR_012,2025-10-20,1937.05,Credit Card
TXN_012489,CUST_0020,STR_009,2025-09-27,1112.85,Debit Card
TXN_012490,CUST_0380,STR_018,2025-10-23,179.85,Debit Card
TXN_012491,CUST_0377,STR_005,2025-05-16,658.79,Credit Card
TXN_012492,CUST_0496,STR_007,2025-10-02,1106.97,Credit Card
TXN_012493,CUST_0491,STR_010,2025-09-07,372.32,Credit Card
TXN_012494,CUST_0221,STR_018,2025-07-24,1617.31,Credit Card
TXN_012495,CUST_0067,STR_019,2025-01-02,169.99,Credit Card
TXN_012496,CUST_0098,STR_014,2025-03-09,135.0,Credit Card
TXN_012497,CUST_0409,STR_003,2025-11-19,1615.14,Credit Card
TXN_012498,CUST_0386,STR_020,2025-11-05,281.62,Credit Card
TXN_012499,CUST_0349,STR_003,2025-04-18,181.86,Credit Card
TXN_012500,CUST_0459,STR_020,2025-08-19,549.37,Digital Wallet
TXN_012501,CUST_0434,STR_007,2025-10-14,401.0,Credit Card
TXN_012502,CUST_0444,STR_002,2025-12-12,1042.55,Credit Card
TXN_012503,CUST_0129,STR_008,2025-02-08,2620.3,Credit Card
TXN_012504,CUST_0451,STR_007,2025-09-10,276.94,Digital Wallet
TXN_012505,CUST_0131,STR_004,2025-06-25,2728.76,Credit Card
TXN_012506,CUST_0369,STR_018,2025-04-07,2272.8,Debit Card
TXN_012507,CUST_0117,STR_007,2025-08-15,1043.9,Credit Card
TXN_012508,CUST_0367,STR_004,2025-06-19,188.22,Digital Wallet
TXN_012509,CUST_0115,STR_005,2025-02-20,1982.14,Debit Card
TXN_012510,CUST_0095,STR_013,2025-01-08,495.01,Cash
TXN_012511,CUST_0236,STR_016,2025-11-17,1113.6,Debit Card
TXN_012512,CUST_0071,STR_014,2025-06-10,653.09,Digital Wallet
TXN_012513,CUST_0311,STR_011,2025-05-14,224.11,Credit Card
TXN_012514,CUST_0448,STR_008,2025-02-28,1412.56,Cash
TXN_012515,CUST_0019,STR_015,2025-09-06,472.52,Debit Card
TXN_012516,CUST_0008,STR_002,2025-11-09,75.81,Debit Card
TXN_012517,CUST_0104,STR_009,2025-10-10,503.05,Credit Card
TXN_012518,CUST_0311,STR_012,2025-05-07,2378.2,Digital Wallet
TXN_012519,CUST_0343,STR_012,2025-12-17,181.86,Credit Card
TXN_012520,CUST_0491,STR_009,2025-04-09,1942.29,Debit Card
TXN_012521,CUST_0287,STR_004,2025-09-17,292.86,Cash
TXN_012522,CUST_0047,STR_009,2025-09-23,46.32,Credit Card
TXN_012523,CUST_0340,STR_014,2025-06-05,587.93,Debit Card
TXN_012524,CUST_0038,STR_014,2025-10-23,524.28,Credit Card
TXN_012525,CUST_0145,STR_001,2025-02-14,3355.03,Credit Card
TXN_012526,CUST_0373,STR_004,2025-07-05,442.8,Credit Card
TXN_012527,CUST_0488,STR_009,2025-10-14,144.43,Credit Card
TXN_012528,CUST_0060,STR_019,2025-07-24,550.0,Credit Card
TXN_012529,CUST_0176,STR_009,2025-06-13,854.39,Debit Card
TXN_012530,CUST_0387,STR_020,2025-03-22,100.99,Debit Card
TXN_012531,CUST_0142,STR_006,2025-02-17,2749.84,Digital Wallet
TXN_012532,CUST_0203,STR_001,2025-12-25,47.45,Credit Card
TXN_012533,CUST_0077,STR_013,2025-12-12,2606.5,Digital Wallet
TXN_012534,CUST_0282,STR_011,2025-03-15,1320.19,Debit Card
TXN_012535,CUST_0052,STR_015,2025-06-02,524.28,Credit Card
TXN_012536,CUST_0313,STR_016,2025-04-20,2163.59,Debit Card
TXN_012537,CUST_0383,STR_017,2025-06-27,478.75,Credit Card
TXN_012538,CUST_0457,STR_003,2025-08-12,451.41,Credit Card
TXN_012539,CUST_0214,STR_016,2025-11-19,1131.65,Credit Card
TXN_012540,CUST_0360,STR_005,2025-09-27,337.05,Credit Card
TXN_012541,CUST_0469,STR_007,2025-05-30,1813.03,Credit Card
TXN_012542,CUST_0290,STR_009,2025-12-27,423.98,Credit Card
TXN_012543,CUST_0421,STR_013,2025-07-20,205.33,Credit Card
TXN_012544,CUST_0074,STR_002,2025-03-31,1802.26,Digital Wallet
TXN_012545,CUST_0232,STR_008,2025-01-17,515.6,Digital Wallet
TXN_012546,CUST_0282,STR_010,2025-01-17,2551.13,Cash
TXN_012547,CUST_0151,STR_017,2025-06-21,613.87,Credit Card
TXN_012548,CUST_0260,STR_007,2025-12-02,551.82,Digital Wallet
TXN_012549,CUST_0035,STR_001,2025-02-17,261.58,Digital Wallet
TXN_012550,CUST_0171,STR_001,2025-09-24,12133.32,Credit Card
TXN_012551,CUST_0193,STR_019,2025-03-17,722.44,Credit Card
TXN_012552,CUST_0462,STR_003,2025-05-27,112.35,Debit Card
TXN_012553,CUST_0472,STR_010,2025-05-05,1225.88,Debit Card
TXN_012554,CUST_0300,STR_002,2025-09-22,28.73,Credit Card
TXN_012555,CUST_0215,STR_014,2025-05-31,1292.09,Digital Wallet
TXN_012556,CUST_0111,STR_018,2025-10-20,510.18,Credit Card
TXN_012557,CUST_0249,STR_005,2025-01-18,804.71,Credit Card
TXN_012558,CUST_0007,STR_011,2025-07-26,671.52,Credit Card
TXN_012559,CUST_0483,STR_004,2025-11-23,4163.56,Credit Card
TXN_012560,CUST_0066,STR_017,2025-04-10,801.76,Digital Wallet
TXN_012561,CUST_0369,STR_013,2025-03-17,986.43,Credit Card
TXN_012562,CUST_0457,STR_017,2025-08-23,170.86,Credit Card
TXN_012563,CUST_0404,STR_004,2025-07-12,1002.51,Credit Card
TXN_012564,CUST_0463,STR_001,2025-11-30,497.0,Credit Card
TXN_012565,CUST_0398,STR_018,2025-05-18,958.63,Credit Card
TXN_012566,CUST_0272,STR_005,2025-01-29,1132.57,Credit Card
TXN_012567,CUST_0406,STR_020,2025-02-12,1654.27,Credit Card
TXN_012568,CUST_0263,STR_012,2025-02-22,3794.04,Credit Card
TXN_012569,CUST_0228,STR_012,2025-05-24,973.04,Credit Card
TXN_012570,CUST_0333,STR_013,2025-04-05,1323.66,Credit Card
TXN_012571,CUST_0476,STR_004,2025-04-06,185.96,Debit Card
TXN_012572,CUST_0113,STR_010,2025-02-16,1434.91,Debit Card
TXN_012573,CUST_0476,STR_013,2025-03-15,1349.91,Credit Card
TXN_012574,CUST_0004,STR_014,2025-06-30,2388.69,Credit Card
TXN_012575,CUST_0459,STR_009,2025-01-03,2000.78,Credit Card
TXN_012576,CUST_0008,STR_005,2025-07-20,684.54,Debit Card
TXN_012577,CUST_0060,STR_004,2025-05-10,5413.83,Credit Card
TXN_012578,CUST_0324,STR_009,2025-11-02,1081.16,Debit Card
TXN_012579,CUST_0335,STR_008,2025-06-05,1832.84,Credit Card
TXN_012580,CUST_0175,STR_010,2025-10-31,632.48,Credit Card
TXN_012581,CUST_0096,STR_019,2025-12-28,1354.32,Credit Card
TXN_012582,CUST_0222,STR_008,2025-08-01,604.15,Digital Wallet
TXN_012583,CUST_0108,STR_013,2025-12-31,1264.96,Credit Card
TXN_012584,CUST_0075,STR_002,2025-08-23,1241.93,Credit Card
TXN_012585,CUST_0221,STR_009,2025-11-24,1708.31,Credit Card
TXN_012586,CUST_0189,STR_008,2025-05-07,268.84,Digital Wallet
TXN_012587,CUST_0436,STR_003,2025-11-04,566.15,Credit Card
TXN_012588,CUST_0141,STR_006,2025-12-05,470.35,Cash
TXN_012589,CUST_0151,STR_009,2025-08-02,933.84,Credit Card
TXN_012590,CUST_0343,STR_010,2025-09-03,935.31,Credit Card
TXN_012591,CUST_0466,STR_013,2025-10-15,148.33,Debit Card
TXN_012592,CUST_0252,STR_007,2025-07-11,858.24,Credit Card
TXN_012593,CUST_0410,STR_008,2025-03-04,248.5,Debit Card
TXN_012594,CUST_0389,STR_006,2025-01-22,394.02,Credit Card
TXN_012595,CUST_0422,STR_008,2025-12-26,1062.57,Digital Wallet
TXN_012596,CUST_0433,STR_017,2025-07-05,1491.48,Credit Card
TXN_012597,CUST_0316,STR_015,2025-10-14,492.11,Credit Card
TXN_012598,CUST_0479,STR_005,2025-01-06,785.58,Credit Card
TXN_012599,CUST_0377,STR_015,2025-08-18,1141.55,Credit Card
TXN_012600,CUST_0104,STR_016,2025-07-21,684.54,Cash
TXN_012601,CUST_0070,STR_016,2025-10-17,1245.98,Credit Card
TXN_012602,CUST_0493,STR_002,2025-09-03,890.75,Credit Card
TXN_012603,CUST_0297,STR_015,2025-10-31,281.84,Digital Wallet
TXN_012604,CUST_0462,STR_020,2025-03-08,2764.47,Debit Card
TXN_012605,CUST_0391,STR_006,2025-09-23,313.35,Debit Card
TXN_012606,CUST_0179,STR_002,2025-07-02,2763.74,Digital Wallet
TXN_012607,CUST_0431,STR_008,2025-12-04,177.45,Cash
TXN_012608,CUST_0345,STR_017,2025-05-31,274.25,Digital Wallet
TXN_012609,CUST_0018,STR_020,2025-05-14,1744.5,Cash
TXN_012610,CUST_0031,STR_019,2025-10-07,1467.65,Digital Wallet
TXN_012611,CUST_0379,STR_015,2025-08-24,1515.86,Cash
TXN_012612,CUST_0415,STR_008,2025-03-07,2073.14,Credit Card
TXN_012613,CUST_0260,STR_020,2025-09-12,2313.69,Debit Card
TXN_012614,CUST_0135,STR_011,2025-07-28,98.06,Credit Card
TXN_012615,CUST_0356,STR_009,2025-07-10,261.58,Credit Card
TXN_012616,CUST_0052,STR_015,2025-11-17,2894.94,Credit Card
TXN_012617,CUST_0265,STR_015,2025-12-05,616.54,Digital Wallet
TXN_012618,CUST_0213,STR_004,2025-04-24,2428.48,Credit Card
TXN_012619,CUST_0035,STR_016,2025-05-12,938.63,Credit Card
TXN_012620,CUST_0010,STR_014,2025-09-23,1173.5,Credit Card
TXN_012621,CUST_0173,STR_002,2025-10-19,534.79,Cash
TXN_012622,CUST_0333,STR_007,2025-03-15,3223.67,Credit Card
TXN_012623,CUST_0381,STR_014,2025-03-28,172.77,Credit Card
TXN_012624,CUST_0263,STR_005,2025-07-24,172.77,Credit Card
TXN_012625,CUST_0189,STR_015,2025-06-28,2857.26,Credit Card
TXN_012626,CUST_0255,STR_006,2025-09-29,924.14,Digital Wallet
TXN_012627,CUST_0259,STR_016,2025-12-26,337.61,Credit Card
TXN_012628,CUST_0435,STR_014,2025-10-20,687.46,Credit Card
TXN_012629,CUST_0227,STR_008,2025-04-26,604.08,Credit Card
TXN_012630,CUST_0346,STR_020,2025-01-14,172.77,Credit Card
TXN_012631,CUST_0061,STR_018,2025-03-12,1687.95,Credit Card
TXN_012632,CUST_0109,STR_007,2025-02-04,495.02,Debit Card
TXN_012633,CUST_0151,STR_002,2025-05-19,428.62,Credit Card
TXN_012634,CUST_0458,STR_018,2025-02-05,599.62,Credit Card
TXN_012635,CUST_0060,STR_014,2025-01-11,3118.14,Digital Wallet
TXN_012636,CUST_0023,STR_013,2025-07-07,2865.44,Debit Card
TXN_012637,CUST_0138,STR_006,2025-07-20,1621.74,Cash
TXN_012638,CUST_0082,STR_012,2025-04-08,296.66,Credit Card
TXN_012639,CUST_0409,STR_005,2025-11-07,651.62,Credit Card
TXN_012640,CUST_0303,STR_017,2025-05-08,2706.67,Credit Card
TXN_012641,CUST_0302,STR_012,2025-11-04,267.54,Credit Card
TXN_012642,CUST_0118,STR_016,2025-11-22,2583.86,Credit Card
TXN_012643,CUST_0042,STR_015,2025-11-23,777.43,Digital Wallet
TXN_012644,CUST_0276,STR_001,2025-07-10,3940.64,Credit Card
TXN_012645,CUST_0409,STR_010,2025-10-19,573.46,Credit Card
TXN_012646,CUST_0117,STR_020,2025-07-23,104.39,Credit Card
TXN_012647,CUST_0336,STR_016,2025-01-27,260.54,Debit Card
TXN_012648,CUST_0030,STR_014,2025-06-14,1689.01,Debit Card
TXN_012649,CUST_0406,STR_009,2025-11-09,846.49,Credit Card
TXN_012650,CUST_0333,STR_020,2025-02-07,91.34,Credit Card
TXN_012651,CUST_0068,STR_013,2025-10-08,75.81,Credit Card
TXN_012652,CUST_0427,STR_008,2025-03-02,1152.92,Credit Card
TXN_012653,CUST_0138,STR_004,2025-12-03,846.49,Credit Card
TXN_012654,CUST_0358,STR_012,2025-06-06,476.66,Cash
TXN_012655,CUST_0278,STR_012,2025-12-02,2322.65,Debit Card
TXN_012656,CUST_0310,STR_004,2025-07-17,66.01,Debit Card
TXN_012657,CUST_0457,STR_011,2025-12-05,1419.95,Credit Card
TXN_012658,CUST_0500,STR_009,2025-05-31,57.28,Debit Card
TXN_012659,CUST_0138,STR_020,2025-09-13,902.84,Credit Card
TXN_012660,CUST_0440,STR_012,2025-11-28,1076.76,Debit Card
TXN_012661,CUST_0139,STR_001,2025-01-23,540.58,Digital Wallet
TXN_012662,CUST_0081,STR_007,2025-12-22,497.85,Debit Card
TXN_012663,CUST_0011,STR_003,2025-02-25,970.83,Cash
TXN_012664,CUST_0334,STR_010,2025-05-30,274.25,Debit Card
TXN_012665,CUST_0436,STR_001,2025-01-28,196.4,Credit Card
TXN_012666,CUST_0184,STR_009,2025-12-08,274.25,Debit Card
TXN_012667,CUST_0223,STR_018,2025-05-02,1053.77,Credit Card
TXN_012668,CUST_0273,STR_005,2025-06-03,2759.27,Credit Card
TXN_012669,CUST_0222,STR_012,2025-10-15,529.62,Digital Wallet
TXN_012670,CUST_0099,STR_003,2025-04-25,1558.74,Debit Card
TXN_012671,CUST_0426,STR_017,2025-06-03,3866.92,Debit Card
TXN_012672,CUST_0093,STR_010,2025-03-17,842.71,Credit Card
TXN_012673,CUST_0072,STR_013,2025-09-30,422.43,Debit Card
TXN_012674,CUST_0236,STR_002,2025-11-05,879.96,Credit Card
TXN_012675,CUST_0445,STR_020,2025-09-12,63.65,Credit Card
TXN_012676,CUST_0249,STR_020,2025-06-23,164.37,Debit Card
TXN_012677,CUST_0103,STR_016,2025-07-19,489.39,Credit Card
TXN_012678,CUST_0457,STR_005,2025-11-19,776.86,Credit Card
TXN_012679,CUST_0032,STR_006,2025-06-16,360.77,Credit Card
TXN_012680,CUST_0216,STR_003,2025-06-05,348.94,Cash
TXN_012681,CUST_0070,STR_011,2025-12-31,509.38,Digital Wallet
TXN_012682,CUST_0376,STR_015,2025-11-11,1489.3,Credit Card
TXN_012683,CUST_0221,STR_008,2025-12-20,1912.84,Digital Wallet
TXN_012684,CUST_0348,STR_016,2025-12-14,276.94,Credit Card
TXN_012685,CUST_0464,STR_020,2025-09-05,404.81,Digital Wallet
TXN_012686,CUST_0025,STR_016,2025-10-31,680.26,Credit Card
TXN_012687,CUST_0223,STR_003,2025-04-26,593.17,Debit Card
TXN_012688,CUST_0072,STR_001,2025-03-22,1123.62,Credit Card
TXN_012689,CUST_0262,STR_013,2025-08-04,578.95,Credit Card
TXN_012690,CUST_0425,STR_014,2025-04-01,2787.99,Credit Card
TXN_012691,CUST_0287,STR_001,2025-11-11,83.48,Debit Card
TXN_012692,CUST_0208,STR_013,2025-04-06,1311.56,Digital Wallet
TXN_012693,CUST_0160,STR_015,2025-11-03,2565.45,Debit Card
TXN_012694,CUST_0077,STR_002,2025-05-31,201.43,Debit Card
TXN_012695,CUST_0031,STR_019,2025-01-10,713.3,Credit Card
TXN_012696,CUST_0200,STR_009,2025-06-26,1039.55,Credit Card
TXN_012697,CUST_0442,STR_014,2025-04-01,1208.03,Credit Card
TXN_012698,CUST_0447,STR_001,2025-06-16,3131.2,Cash
TXN_012699,CUST_0099,STR_009,2025-07-06,399.97,Credit Card
TXN_012700,CUST_0255,STR_012,2025-02-10,444.41,Debit Card
TXN_012701,CUST_0292,STR_007,2025-06-02,899.94,Credit Card
TXN_012702,CUST_0241,STR_010,2025-06-04,484.67,Credit Card
TXN_012703,CUST_0431,STR_013,2025-06-25,2113.39,Credit Card
TXN_012704,CUST_0421,STR_005,2025-07-12,520.83,Credit Card
TXN_012705,CUST_0103,STR_001,2025-06-09,1558.74,Credit Card
TXN_012706,CUST_0028,STR_014,2025-01-03,5572.25,Credit Card
TXN_012707,CUST_0470,STR_009,2025-03-04,885.06,Digital Wallet
TXN_012708,CUST_0485,STR_020,2025-11-10,170.86,Debit Card
TXN_012709,CUST_0194,STR_016,2025-11-22,461.8,Debit Card
TXN_012710,CUST_0495,STR_019,2025-01-26,1430.28,Debit Card
TXN_012711,CUST_0155,STR_001,2025-04-27,352.73,Digital Wallet
TXN_012712,CUST_0355,STR_009,2025-06-06,1316.32,Credit Card
TXN_012713,CUST_0318,STR_001,2025-10-26,1077.58,Digital Wallet
TXN_012714,CUST_0403,STR_019,2025-11-23,210.24,Credit Card
TXN_012715,CUST_0337,STR_015,2025-07-11,730.73,Credit Card
TXN_012716,CUST_0007,STR_013,2025-08-20,565.35,Debit Card
TXN_012717,CUST_0120,STR_013,2025-07-01,850.5,Debit Card
TXN_012718,CUST_0499,STR_004,2025-03-02,634.87,Debit Card
TXN_012719,CUST_0237,STR_018,2025-03-01,2454.98,Digital Wallet
TXN_012720,CUST_0074,STR_002,2025-07-04,561.81,Credit Card
TXN_012721,CUST_0280,STR_005,2025-11-24,150.0,Credit Card
TXN_012722,CUST_0372,STR_010,2025-10-16,1395.9,Debit Card
TXN_012723,CUST_0272,STR_020,2025-08-30,360.4,Digital Wallet
TXN_012724,CUST_0416,STR_016,2025-03-07,520.83,Credit Card
TXN_012725,CUST_0371,STR_004,2025-08-26,551.82,Debit Card
TXN_012726,CUST_0014,STR_020,2025-03-28,1849.06,Credit Card
TXN_012727,CUST_0048,STR_002,2025-08-04,290.73,Credit Card
TXN_012728,CUST_0494,STR_016,2025-07-06,486.11,Debit Card
TXN_012729,CUST_0215,STR_006,2025-06-12,212.9,Digital Wallet
TXN_012730,CUST_0012,STR_019,2025-03-02,572.45,Credit Card
TXN_012731,CUST_0123,STR_011,2025-08-12,892.78,Credit Card
TXN_012732,CUST_0110,STR_017,2025-03-24,612.06,Credit Card
TXN_012733,CUST_0358,STR_019,2025-02-23,551.04,Debit Card
TXN_012734,CUST_0290,STR_003,2025-11-10,63.65,Debit Card
TXN_012735,CUST_0294,STR_020,2025-03-13,410.07,Credit Card
TXN_012736,CUST_0379,STR_010,2025-02-01,671.62,Credit Card
TXN_012737,CUST_0279,STR_012,2025-08-13,2176.95,Credit Card
TXN_012738,CUST_0363,STR_016,2025-01-20,565.98,Debit Card
TXN_012739,CUST_0401,STR_018,2025-09-06,813.74,Debit Card
TXN_012740,CUST_0292,STR_015,2025-12-13,1028.62,Credit Card
TXN_012741,CUST_0376,STR_006,2025-01-03,126.0,Debit Card
TXN_012742,CUST_0290,STR_014,2025-02-16,524.28,Cash
TXN_012743,CUST_0436,STR_013,2025-06-14,121.79,Credit Card
TXN_012744,CUST_0424,STR_006,2025-07-25,371.12,Cash
TXN_012745,CUST_0467,STR_017,2025-10-19,1264.96,Debit Card
TXN_012746,CUST_0001,STR_005,2025-08-16,2752.59,Digital Wallet
TXN_012747,CUST_0134,STR_013,2025-05-24,1369.08,Credit Card
TXN_012748,CUST_0316,STR_002,2025-10-19,1876.85,Credit Card
TXN_012749,CUST_0210,STR_007,2025-12-11,1178.25,Cash
TXN_012750,CUST_0492,STR_012,2025-04-15,306.03,Credit Card
TXN_012751,CUST_0496,STR_008,2025-02-05,675.9,Credit Card
TXN_012752,CUST_0441,STR_010,2025-04-26,413.62,Credit Card
TXN_012753,CUST_0217,STR_017,2025-04-22,210.56,Credit Card
TXN_012754,CUST_0198,STR_018,2025-04-10,2615.15,Credit Card
TXN_012755,CUST_0010,STR_018,2025-11-25,1863.61,Credit Card
TXN_012756,CUST_0136,STR_009,2025-07-29,730.15,Debit Card
TXN_012757,CUST_0152,STR_013,2025-02-25,1109.77,Credit Card
TXN_012758,CUST_0246,STR_014,2025-10-20,691.49,Digital Wallet
TXN_012759,CUST_0065,STR_009,2025-09-16,3293.96,Debit Card
TXN_012760,CUST_0272,STR_006,2025-01-24,357.04,Credit Card
TXN_012761,CUST_0225,STR_014,2025-05-01,372.32,Debit Card
TXN_012762,CUST_0335,STR_018,2025-08-14,800.5,Credit Card
TXN_012763,CUST_0239,STR_012,2025-01-03,890.12,Debit Card
TXN_012764,CUST_0427,STR_017,2025-02-24,269.98,Debit Card
TXN_012765,CUST_0018,STR_007,2025-09-14,2151.12,Credit Card
TXN_012766,CUST_0134,STR_012,2025-07-28,893.66,Digital Wallet
TXN_012767,CUST_0310,STR_007,2025-03-29,169.64,Credit Card
TXN_012768,CUST_0012,STR_002,2025-07-24,2012.11,Debit Card
TXN_012769,CUST_0434,STR_009,2025-08-11,1628.53,Credit Card
TXN_012770,CUST_0277,STR_009,2025-05-18,523.01,Credit Card
TXN_012771,CUST_0011,STR_004,2025-06-16,1468.08,Debit Card
TXN_012772,CUST_0144,STR_011,2025-08-08,524.05,Credit Card
TXN_012773,CUST_0137,STR_015,2025-05-27,1442.36,Credit Card
TXN_012774,CUST_0189,STR_011,2025-04-14,205.33,Debit Card
TXN_012775,CUST_0457,STR_015,2025-01-24,1846.86,Digital Wallet
TXN_012776,CUST_0414,STR_004,2025-10-26,764.47,Debit Card
TXN_012777,CUST_0379,STR_008,2025-05-07,1473.39,Credit Card
TXN_012778,CUST_0495,STR_020,2025-03-20,60.47,Credit Card
TXN_012779,CUST_0165,STR_004,2025-08-10,995.69,Credit Card
TXN_012780,CUST_0293,STR_005,2025-10-11,1744.8,Credit Card
TXN_012781,CUST_0160,STR_015,2025-09-01,613.87,Credit Card
TXN_012782,CUST_0327,STR_011,2025-11-27,1416.74,Cash
TXN_012783,CUST_0233,STR_006,2025-10-23,292.86,Debit Card
TXN_012784,CUST_0111,STR_004,2025-05-03,362.7,Credit Card
TXN_012785,CUST_0270,STR_013,2025-05-01,2252.12,Credit Card
TXN_012786,CUST_0454,STR_018,2025-03-14,1374.92,Credit Card
TXN_012787,CUST_0283,STR_009,2025-11-27,600.86,Digital Wallet
TXN_012788,CUST_0361,STR_008,2025-01-06,474.89,Credit Card
TXN_012789,CUST_0124,STR_012,2025-06-04,583.18,Digital Wallet
TXN_012790,CUST_0458,STR_018,2025-02-27,750.82,Credit Card
TXN_012791,CUST_0339,STR_020,2025-08-12,1311.56,Debit Card
TXN_012792,CUST_0307,STR_018,2025-12-10,427.5,Debit Card
TXN_012793,CUST_0316,STR_008,2025-11-24,2423.73,Credit Card
TXN_012794,CUST_0044,STR_020,2025-06-25,2640.77,Credit Card
TXN_012795,CUST_0257,STR_011,2025-06-14,658.11,Credit Card
TXN_012796,CUST_0325,STR_006,2025-11-16,758.89,Credit Card
TXN_012797,CUST_0367,STR_020,2025-03-14,372.32,Credit Card
TXN_012798,CUST_0232,STR_005,2025-11-21,1141.9,Credit Card
TXN_012799,CUST_0342,STR_012,2025-11-23,486.11,Credit Card
TXN_012800,CUST_0438,STR_009,2025-02-07,1957.47,Credit Card
TXN_012801,CUST_0459,STR_006,2025-08-01,69.48,Debit Card
TXN_012802,CUST_0413,STR_016,2025-03-29,425.87,Credit Card
TXN_012803,CUST_0393,STR_012,2025-01-26,254.69,Debit Card
TXN_012804,CUST_0106,STR_020,2025-01-31,1193.52,Credit Card
TXN_012805,CUST_0052,STR_019,2025-06-11,3183.52,Digital Wallet
TXN_012806,CUST_0154,STR_011,2025-06-12,1460.11,Credit Card
TXN_012807,CUST_0382,STR_005,2025-03-06,3939.51,Debit Card
TXN_012808,CUST_0028,STR_002,2025-04-14,1141.12,Debit Card
TXN_012809,CUST_0216,STR_012,2025-12-16,613.87,Credit Card
TXN_012810,CUST_0275,STR_001,2025-02-22,371.12,Credit Card
TXN_012811,CUST_0300,STR_004,2025-01-26,199.23,Debit Card
TXN_012812,CUST_0315,STR_013,2025-05-26,1106.64,Digital Wallet
TXN_012813,CUST_0119,STR_014,2025-10-24,1162.1,Debit Card
TXN_012814,CUST_0123,STR_014,2025-02-09,731.07,Credit Card
TXN_012815,CUST_0343,STR_003,2025-01-20,1128.64,Debit Card
TXN_012816,CUST_0392,STR_018,2025-11-24,1276.42,Debit Card
TXN_012817,CUST_0388,STR_008,2025-04-22,604.08,Credit Card
TXN_012818,CUST_0268,STR_020,2025-10-22,663.24,Cash
TXN_012819,CUST_0079,STR_015,2025-03-11,773.05,Debit Card
TXN_012820,CUST_0164,STR_019,2025-07-05,1335.54,Credit Card
TXN_012821,CUST_0370,STR_019,2025-01-04,2433.7,Debit Card
TXN_012822,CUST_0397,STR_005,2025-02-27,1821.15,Credit Card
TXN_012823,CUST_0278,STR_005,2025-10-09,22890.04,Credit Card
TXN_012824,CUST_0406,STR_015,2025-01-10,1093.15,Debit Card
TXN_012825,CUST_0274,STR_018,2025-11-04,635.68,Credit Card
TXN_012826,CUST_0048,STR_001,2025-12-21,562.72,Credit Card
TXN_012827,CUST_0192,STR_012,2025-07-15,1634.97,Digital Wallet
TXN_012828,CUST_0196,STR_013,2025-10-19,1520.41,Credit Card
TXN_012829,CUST_0184,STR_002,2025-04-25,1020.36,Credit Card
TXN_012830,CUST_0363,STR_017,2025-01-17,1594.16,Cash
TXN_012831,CUST_0099,STR_004,2025-05-28,448.16,Debit Card
TXN_012832,CUST_0278,STR_009,2025-02-12,179.85,Digital Wallet
TXN_012833,CUST_0223,STR_010,2025-04-05,3042.11,Digital Wallet
TXN_012834,CUST_0007,STR_020,2025-07-06,1619.89,Credit Card
TXN_012835,CUST_0366,STR_011,2025-05-26,100.99,Debit Card
TXN_012836,CUST_0095,STR_015,2025-01-15,150.0,Debit Card
TXN_012837,CUST_0066,STR_013,2025-12-24,1234.74,Credit Card
TXN_012838,CUST_0444,STR_015,2025-07-08,99.17,Digital Wallet
TXN_012839,CUST_0300,STR_002,2025-08-23,486.11,Credit Card
TXN_012840,CUST_0365,STR_011,2025-11-30,502.82,Credit Card
TXN_012841,CUST_0220,STR_002,2025-03-30,466.1,Debit Card
TXN_012842,CUST_0222,STR_007,2025-11-27,709.8,Debit Card
TXN_012843,CUST_0482,STR_004,2025-01-05,150.0,Digital Wallet
TXN_012844,CUST_0360,STR_010,2025-11-16,2194.46,Credit Card
TXN_012845,CUST_0187,STR_001,2025-02-12,1731.84,Debit Card
TXN_012846,CUST_0284,STR_006,2025-11-19,1304.35,Debit Card
TXN_012847,CUST_0481,STR_002,2025-05-08,466.1,Digital Wallet
TXN_012848,CUST_0283,STR_019,2025-08-18,466.1,Credit Card
TXN_012849,CUST_0491,STR_011,2025-07-06,1145.97,Debit Card
TXN_012850,CUST_0244,STR_013,2025-05-24,546.47,Digital Wallet
TXN_012851,CUST_0265,STR_013,2025-06-08,98.06,Credit Card
TXN_012852,CUST_0094,STR_011,2025-05-24,4921.07,Credit Card
TXN_012853,CUST_0107,STR_020,2025-12-09,2376.09,Debit Card
TXN_012854,CUST_0447,STR_020,2025-07-07,789.28,Digital Wallet
TXN_012855,CUST_0161,STR_012,2025-11-11,800.5,Credit Card
TXN_012856,CUST_0244,STR_010,2025-08-06,106.31,Credit Card
TXN_012857,CUST_0420,STR_006,2025-07-03,1052.35,Debit Card
TXN_012858,CUST_0042,STR_016,2025-05-26,2565.93,Digital Wallet
TXN_012859,CUST_0342,STR_002,2025-09-09,1821.58,Cash
TXN_012860,CUST_0313,STR_016,2025-10-18,362.7,Credit Card
TXN_012861,CUST_0348,STR_002,2025-10-26,1475.15,Debit Card
TXN_012862,CUST_0117,STR_007,2025-12-25,2634.65,Debit Card
TXN_012863,CUST_0008,STR_019,2025-03-27,274.25,Digital Wallet
TXN_012864,CUST_0066,STR_011,2025-02-23,1640.51,Credit Card
TXN_012865,CUST_0323,STR_001,2025-10-05,929.01,Credit Card
TXN_012866,CUST_0166,STR_010,2025-04-13,1345.14,Credit Card
TXN_012867,CUST_0209,STR_013,2025-01-30,1311.6,Credit Card
TXN_012868,CUST_0490,STR_008,2025-11-28,1237.87,Debit Card
TXN_012869,CUST_0244,STR_008,2025-03-31,1025.68,Debit Card
TXN_012870,CUST_0497,STR_008,2025-07-22,997.08,Credit Card
TXN_012871,CUST_0201,STR_008,2025-03-29,551.82,Credit Card
TXN_012872,CUST_0152,STR_017,2025-09-03,223.88,Digital Wallet
TXN_012873,CUST_0079,STR_012,2025-08-01,492.11,Credit Card
TXN_012874,CUST_0018,STR_002,2025-04-05,628.17,Credit Card
TXN_012875,CUST_0069,STR_010,2025-12-07,4843.26,Debit Card
TXN_012876,CUST_0023,STR_012,2025-02-18,1709.76,Debit Card
TXN_012877,CUST_0154,STR_009,2025-06-24,98.21,Credit Card
TXN_012878,CUST_0015,STR_005,2025-03-06,897.04,Credit Card
TXN_012879,CUST_0397,STR_011,2025-03-07,2292.14,Credit Card
TXN_012880,CUST_0325,STR_003,2025-08-26,294.63,Credit Card
TXN_012881,CUST_0464,STR_015,2025-07-30,1161.57,Cash
TXN_012882,CUST_0267,STR_014,2025-02-10,1275.8,Digital Wallet
TXN_012883,CUST_0157,STR_004,2025-10-17,808.14,Debit Card
TXN_012884,CUST_0220,STR_003,2025-05-11,935.53,Credit Card
TXN_012885,CUST_0008,STR_004,2025-09-14,1494.0,Credit Card
TXN_012886,CUST_0198,STR_001,2025-02-04,210.37,Debit Card
TXN_012887,CUST_0107,STR_002,2025-08-31,3821.39,Credit Card
TXN_012888,CUST_0485,STR_018,2025-10-12,391.92,Credit Card
TXN_012889,CUST_0166,STR_006,2025-06-21,5025.08,Credit Card
TXN_012890,CUST_0405,STR_018,2025-05-16,576.46,Credit Card
TXN_012891,CUST_0398,STR_011,2025-11-13,2898.43,Credit Card
TXN_012892,CUST_0338,STR_005,2025-12-05,476.25,Credit Card
TXN_012893,CUST_0146,STR_002,2025-04-07,831.69,Credit Card
TXN_012894,CUST_0207,STR_006,2025-11-20,1025.35,Digital Wallet
TXN_012895,CUST_0294,STR_020,2025-12-31,9178.96,Credit Card
TXN_012896,CUST_0324,STR_008,2025-04-20,100.99,Credit Card
TXN_012897,CUST_0171,STR_004,2025-06-04,501.25,Credit Card
TXN_012898,CUST_0057,STR_002,2025-11-11,586.75,Debit Card
TXN_012899,CUST_0265,STR_007,2025-11-06,1172.43,Credit Card
TXN_012900,CUST_0146,STR_019,2025-06-06,1687.83,Credit Card
TXN_012901,CUST_0333,STR_007,2025-11-26,1285.92,Credit Card
TXN_012902,CUST_0351,STR_004,2025-01-10,872.76,Credit Card
TXN_012903,CUST_0032,STR_006,2025-07-26,1041.66,Debit Card
TXN_012904,CUST_0248,STR_017,2025-03-19,313.12,Credit Card
TXN_012905,CUST_0387,STR_007,2025-07-13,618.71,Debit Card
TXN_012906,CUST_0446,STR_008,2025-06-23,923.04,Credit Card
TXN_012907,CUST_0283,STR_018,2025-04-07,981.13,Credit Card
TXN_012908,CUST_0309,STR_014,2025-05-08,453.96,Credit Card
TXN_012909,CUST_0019,STR_018,2025-04-02,1685.24,Debit Card
TXN_012910,CUST_0401,STR_018,2025-04-28,657.07,Credit Card
TXN_012911,CUST_0488,STR_006,2025-09-07,701.4,Debit Card
TXN_012912,CUST_0057,STR_002,2025-07-04,1103.62,Credit Card
TXN_012913,CUST_0258,STR_002,2025-05-16,1097.0,Debit Card
TXN_012914,CUST_0162,STR_004,2025-03-11,112.35,Debit Card
TXN_012915,CUST_0391,STR_017,2025-08-15,419.44,Credit Card
TXN_012916,CUST_0092,STR_014,2025-11-27,1837.75,Cash
TXN_012917,CUST_0372,STR_010,2025-06-29,1365.63,Debit Card
TXN_012918,CUST_0418,STR_018,2025-01-16,150.0,Debit Card
TXN_012919,CUST_0439,STR_013,2025-06-20,471.32,Credit Card
TXN_012920,CUST_0265,STR_007,2025-05-26,544.82,Credit Card
TXN_012921,CUST_0061,STR_020,2025-08-22,199.73,Debit Card
TXN_012922,CUST_0123,STR_014,2025-11-26,1530.56,Credit Card
TXN_012923,CUST_0034,STR_020,2025-12-19,881.65,Credit Card
TXN_012924,CUST_0329,STR_004,2025-02-07,776.86,Digital Wallet
TXN_012925,CUST_0391,STR_004,2025-08-19,430.1,Credit Card
TXN_012926,CUST_0199,STR_013,2025-05-21,19617.03,Debit Card
TXN_012927,CUST_0197,STR_020,2025-09-07,2105.18,Cash
TXN_012928,CUST_0272,STR_018,2025-03-04,613.87,Debit Card
TXN_012929,CUST_0096,STR_016,2025-02-12,942.32,Credit Card
TXN_012930,CUST_0006,STR_020,2025-05-07,1944.44,Credit Card
TXN_012931,CUST_0420,STR_003,2025-07-29,388.43,Cash
TXN_012932,CUST_0433,STR_001,2025-08-28,2423.27,Credit Card
TXN_012933,CUST_0072,STR_001,2025-02-12,672.95,Credit Card
TXN_012934,CUST_0066,STR_002,2025-10-18,212.62,Digital Wallet
TXN_012935,CUST_0255,STR_002,2025-08-16,496.64,Debit Card
TXN_012936,CUST_0443,STR_009,2025-02-19,2260.38,Credit Card
TXN_012937,CUST_0288,STR_011,2025-09-14,1137.06,Cash
TXN_012938,CUST_0249,STR_006,2025-09-25,888.14,Credit Card
TXN_012939,CUST_0133,STR_014,2025-04-24,422.1,Credit Card
TXN_012940,CUST_0121,STR_011,2025-05-05,412.36,Digital Wallet
TXN_012941,CUST_0038,STR_010,2025-09-04,521.79,Debit Card
TXN_012942,CUST_0355,STR_016,2025-04-15,651.09,Cash
TXN_012943,CUST_0369,STR_014,2025-01-24,1443.82,Credit Card
TXN_012944,CUST_0236,STR_009,2025-07-06,128.24,Digital Wallet
TXN_012945,CUST_0395,STR_003,2025-12-11,738.34,Digital Wallet
TXN_012946,CUST_0159,STR_004,2025-12-20,12376.37,Debit Card
TXN_012947,CUST_0137,STR_015,2025-09-08,1645.43,Debit Card
TXN_012948,CUST_0110,STR_004,2025-06-14,863.19,Debit Card
TXN_012949,CUST_0394,STR_007,2025-04-04,828.64,Credit Card
TXN_012950,CUST_0462,STR_011,2025-05-19,1776.95,Debit Card
TXN_012951,CUST_0327,STR_020,2025-08-28,196.42,Credit Card
TXN_012952,CUST_0434,STR_016,2025-12-09,520.83,Credit Card
TXN_012953,CUST_0500,STR_004,2025-12-14,546.47,Debit Card
TXN_012954,CUST_0304,STR_013,2025-12-31,893.66,Credit Card
TXN_012955,CUST_0246,STR_014,2025-08-19,1232.82,Debit Card
TXN_012956,CUST_0026,STR_001,2025-01-23,569.85,Credit Card
TXN_012957,CUST_0110,STR_010,2025-03-17,1125.95,Digital Wallet
TXN_012958,CUST_0172,STR_019,2025-09-07,1547.58,Debit Card
TXN_012959,CUST_0485,STR_012,2025-05-12,968.69,Credit Card
TXN_012960,CUST_0293,STR_011,2025-08-19,121.92,Credit Card
TXN_012961,CUST_0148,STR_007,2025-06-01,981.94,Debit Card
TXN_012962,CUST_0261,STR_013,2025-06-15,578.73,Debit Card
TXN_012963,CUST_0054,STR_009,2025-03-09,400.49,Debit Card
TXN_012964,CUST_0414,STR_004,2025-03-20,605.28,Credit Card
TXN_012965,CUST_0196,STR_018,2025-05-15,586.75,Credit Card
TXN_012966,CUST_0045,STR_002,2025-09-24,355.38,Credit Card
TXN_012967,CUST_0417,STR_013,2025-05-02,70.0,Credit Card
TXN_012968,CUST_0496,STR_003,2025-04-08,2526.95,Debit Card
TXN_012969,CUST_0320,STR_008,2025-07-16,480.04,Debit Card
TXN_012970,CUST_0030,STR_003,2025-07-27,551.04,Credit Card
TXN_012971,CUST_0124,STR_014,2025-05-27,5794.58,Cash
TXN_012972,CUST_0261,STR_006,2025-05-20,264.2,Credit Card
TXN_012973,CUST_0146,STR_017,2025-04-27,1196.7,Cash
TXN_012974,CUST_0254,STR_009,2025-09-05,1322.56,Debit Card
TXN_012975,CUST_0144,STR_004,2025-05-31,2717.87,Digital Wallet
TXN_012976,CUST_0348,STR_012,2025-10-19,22.0,Digital Wallet
TXN_012977,CUST_0160,STR_002,2025-12-08,764.47,Credit Card
TXN_012978,CUST_0234,STR_014,2025-05-23,659.13,Credit Card
TXN_012979,CUST_0467,STR_011,2025-01-20,1025.33,Credit Card
TXN_012980,CUST_0449,STR_002,2025-05-14,267.54,Credit Card
TXN_012981,CUST_0022,STR_019,2025-01-04,248.7,Credit Card
TXN_012982,CUST_0240,STR_016,2025-07-25,2807.91,Credit Card
TXN_012983,CUST_0469,STR_007,2025-11-27,2243.95,Debit Card
TXN_012984,CUST_0498,STR_006,2025-01-17,121.37,Debit Card
TXN_012985,CUST_0093,STR_016,2025-08-09,1164.57,Debit Card
TXN_012986,CUST_0400,STR_019,2025-02-18,2340.02,Credit Card
TXN_012987,CUST_0443,STR_011,2025-01-29,351.87,Debit Card
TXN_012988,CUST_0127,STR_010,2025-10-09,753.21,Credit Card
TXN_012989,CUST_0380,STR_017,2025-10-31,645.89,Debit Card
TXN_012990,CUST_0130,STR_011,2025-08-22,351.41,Debit Card
TXN_012991,CUST_0452,STR_017,2025-12-31,1026.6,Credit Card
TXN_012992,CUST_0466,STR_020,2025-10-23,726.22,Credit Card
TXN_012993,CUST_0036,STR_005,2025-05-25,1165.29,Digital Wallet
TXN_012994,CUST_0463,STR_006,2025-01-23,1152.92,Credit Card
TXN_012995,CUST_0397,STR_007,2025-01-31,148.33,Credit Card
TXN_012996,CUST_0141,STR_012,2025-12-24,1079.5,Credit Card
TXN_012997,CUST_0395,STR_005,2025-06-17,617.06,Digital Wallet
TXN_012998,CUST_0168,STR_019,2025-03-13,1039.71,Debit Card
TXN_012999,CUST_0351,STR_011,2025-08-10,1920.27,Digital Wallet
TXN_013000,CUST_0057,STR_004,2025-01-08,1088.1,Debit Card
TXN_013001,CUST_0316,STR_002,2025-12-07,919.97,Digital Wallet
TXN_013002,CUST_0210,STR_020,2025-08-31,422.1,Credit Card
TXN_013003,CUST_0134,STR_009,2025-06-02,281.62,Credit Card
TXN_013004,CUST_0123,STR_008,2025-05-04,5599.34,Credit Card
TXN_013005,CUST_0192,STR_001,2025-05-11,693.42,Digital Wallet
TXN_013006,CUST_0324,STR_011,2025-03-08,313.12,Debit Card
TXN_013007,CUST_0339,STR_014,2025-11-17,1865.89,Credit Card
TXN_013008,CUST_0217,STR_016,2025-12-09,98.97,Debit Card
TXN_013009,CUST_0179,STR_014,2025-02-11,70.0,Debit Card
TXN_013010,CUST_0446,STR_014,2025-06-03,962.06,Credit Card
TXN_013011,CUST_0155,STR_007,2025-05-07,1149.4,Digital Wallet
TXN_013012,CUST_0133,STR_007,2025-01-29,11686.82,Debit Card
TXN_013013,CUST_0241,STR_005,2025-03-05,586.75,Credit Card
TXN_013014,CUST_0449,STR_013,2025-01-26,2749.84,Credit Card
TXN_013015,CUST_0316,STR_018,2025-10-13,4109.24,Credit Card
TXN_013016,CUST_0343,STR_001,2025-07-09,1400.74,Credit Card
TXN_013017,CUST_0232,STR_015,2025-06-28,681.63,Digital Wallet
TXN_013018,CUST_0196,STR_012,2025-07-26,521.06,Credit Card
TXN_013019,CUST_0280,STR_019,2025-04-08,2107.36,Digital Wallet
TXN_013020,CUST_0048,STR_006,2025-08-25,628.17,Debit Card
TXN_013021,CUST_0364,STR_013,2025-06-04,282.99,Credit Card
TXN_013022,CUST_0412,STR_008,2025-09-21,721.91,Digital Wallet
TXN_013023,CUST_0362,STR_009,2025-03-17,2491.96,Credit Card
TXN_013024,CUST_0035,STR_017,2025-03-26,604.08,Debit Card
TXN_013025,CUST_0093,STR_013,2025-07-23,150.0,Debit Card
TXN_013026,CUST_0169,STR_018,2025-12-02,157.29,Digital Wallet
TXN_013027,CUST_0091,STR_020,2025-03-26,206.81,Debit Card
TXN_013028,CUST_0289,STR_004,2025-11-05,109.61,Credit Card
TXN_013029,CUST_0203,STR_007,2025-03-12,2985.34,Digital Wallet
TXN_013030,CUST_0112,STR_014,2025-03-27,1371.63,Credit Card
TXN_013031,CUST_0022,STR_008,2025-12-07,1075.22,Digital Wallet
TXN_013032,CUST_0196,STR_004,2025-11-03,2097.2,Credit Card
TXN_013033,CUST_0003,STR_019,2025-07-27,2206.23,Credit Card
TXN_013034,CUST_0264,STR_015,2025-09-23,466.1,Credit Card
TXN_013035,CUST_0147,STR_015,2025-11-09,610.88,Credit Card
TXN_013036,CUST_0007,STR_017,2025-07-19,2062.38,Debit Card
TXN_013037,CUST_0041,STR_007,2025-11-17,73.26,Credit Card
TXN_013038,CUST_0022,STR_013,2025-06-27,457.62,Digital Wallet
TXN_013039,CUST_0098,STR_007,2025-09-26,1013.08,Credit Card
TXN_013040,CUST_0450,STR_016,2025-07-21,696.83,Cash
TXN_013041,CUST_0027,STR_007,2025-11-29,2931.51,Credit Card
TXN_013042,CUST_0167,STR_013,2025-10-17,538.38,Cash
TXN_013043,CUST_0029,STR_011,2025-04-03,1093.15,Credit Card
TXN_013044,CUST_0044,STR_014,2025-02-10,134.89,Debit Card
TXN_013045,CUST_0489,STR_013,2025-10-03,78.29,Debit Card
TXN_013046,CUST_0356,STR_006,2025-05-14,1100.85,Credit Card
TXN_013047,CUST_0250,STR_001,2025-02-24,654.88,Credit Card
TXN_013048,CUST_0246,STR_005,2025-08-11,1516.89,Cash
TXN_013049,CUST_0023,STR_019,2025-10-14,1013.74,Credit Card
TXN_013050,CUST_0017,STR_015,2025-07-22,1806.71,Credit Card
TXN_013051,CUST_0162,STR_017,2025-03-16,472.52,Credit Card
TXN_013052,CUST_0117,STR_013,2025-11-01,801.78,Credit Card
TXN_013053,CUST_0451,STR_006,2025-01-12,237.53,Credit Card
TXN_013054,CUST_0044,STR_018,2025-12-26,637.35,Credit Card
TXN_013055,CUST_0206,STR_014,2025-05-09,1489.3,Debit Card
TXN_013056,CUST_0252,STR_010,2025-09-15,780.84,Credit Card
TXN_013057,CUST_0063,STR_006,2025-02-23,717.86,Credit Card
TXN_013058,CUST_0053,STR_017,2025-08-13,1685.26,Credit Card
TXN_013059,CUST_0114,STR_001,2025-02-02,484.67,Credit Card
TXN_013060,CUST_0372,STR_007,2025-02-19,513.4,Credit Card
TXN_013061,CUST_0173,STR_003,2025-10-04,747.74,Credit Card
TXN_013062,CUST_0478,STR_015,2025-05-09,768.95,Cash
TXN_013063,CUST_0234,STR_008,2025-09-16,668.53,Digital Wallet
TXN_013064,CUST_0465,STR_012,2025-07-26,1732.93,Credit Card
TXN_013065,CUST_0035,STR_017,2025-08-03,36014.16,Debit Card
TXN_013066,CUST_0316,STR_001,2025-09-05,849.84,Cash
TXN_013067,CUST_0458,STR_003,2025-02-02,665.79,Digital Wallet
TXN_013068,CUST_0152,STR_020,2025-06-21,533.94,Debit Card
TXN_013069,CUST_0178,STR_016,2025-12-24,148.33,Credit Card
TXN_013070,CUST_0303,STR_013,2025-06-10,121.79,Credit Card
TXN_013071,CUST_0316,STR_003,2025-01-18,64.17,Debit Card
TXN_013072,CUST_0329,STR_012,2025-02-11,181.86,Credit Card
TXN_013073,CUST_0495,STR_008,2025-05-11,1650.28,Debit Card
TXN_013074,CUST_0347,STR_014,2025-06-08,1259.07,Debit Card
TXN_013075,CUST_0491,STR_003,2025-12-26,54.1,Credit Card
TXN_013076,CUST_0206,STR_008,2025-09-10,2540.99,Debit Card
TXN_013077,CUST_0176,STR_015,2025-02-20,1954.84,Cash
TXN_013078,CUST_0207,STR_013,2025-09-04,60.1,Cash
TXN_013079,CUST_0124,STR_005,2025-11-08,729.51,Credit Card
TXN_013080,CUST_0007,STR_020,2025-09-13,588.91,Credit Card
TXN_013081,CUST_0176,STR_018,2025-05-06,565.35,Debit Card
TXN_013082,CUST_0003,STR_003,2025-05-18,442.8,Credit Card
TXN_013083,CUST_0265,STR_004,2025-11-02,98.21,Debit Card
TXN_013084,CUST_0199,STR_020,2025-05-07,891.28,Credit Card
TXN_013085,CUST_0329,STR_017,2025-01-11,969.34,Debit Card
TXN_013086,CUST_0439,STR_020,2025-05-02,1999.49,Credit Card
TXN_013087,CUST_0294,STR_020,2025-01-06,1092.94,Credit Card
TXN_013088,CUST_0093,STR_002,2025-07-16,898.08,Credit Card
TXN_013089,CUST_0057,STR_010,2025-07-17,86.02,Debit Card
TXN_013090,CUST_0010,STR_005,2025-12-12,3162.13,Digital Wallet
TXN_013091,CUST_0232,STR_004,2025-08-15,388.43,Credit Card
TXN_013092,CUST_0031,STR_018,2025-04-03,103.22,Credit Card
TXN_013093,CUST_0328,STR_002,2025-11-14,713.96,Debit Card
TXN_013094,CUST_0279,STR_020,2025-11-08,4573.65,Credit Card
TXN_013095,CUST_0338,STR_015,2025-11-30,628.22,Credit Card
TXN_013096,CUST_0014,STR_010,2025-08-08,1627.48,Credit Card
TXN_013097,CUST_0045,STR_004,2025-05-22,75.81,Debit Card
TXN_013098,CUST_0442,STR_020,2025-03-15,690.11,Credit Card
TXN_013099,CUST_0450,STR_001,2025-10-31,1559.54,Digital Wallet
TXN_013100,CUST_0305,STR_003,2025-04-07,39213.76,Debit Card
TXN_013101,CUST_0080,STR_015,2025-06-10,2791.54,Digital Wallet
TXN_013102,CUST_0362,STR_013,2025-07-15,403.78,Debit Card
TXN_013103,CUST_0117,STR_009,2025-08-09,1914.87,Credit Card
TXN_013104,CUST_0005,STR_014,2025-06-29,1347.28,Credit Card
TXN_013105,CUST_0398,STR_006,2025-03-16,1337.56,Credit Card
TXN_013106,CUST_0329,STR_012,2025-08-06,1048.1,Credit Card
TXN_013107,CUST_0207,STR_013,2025-09-09,169.64,Credit Card
TXN_013108,CUST_0122,STR_019,2025-04-24,3481.54,Credit Card
TXN_013109,CUST_0041,STR_008,2025-10-21,1308.68,Credit Card
TXN_013110,CUST_0442,STR_006,2025-12-26,834.26,Digital Wallet
TXN_013111,CUST_0365,STR_005,2025-06-24,1059.06,Credit Card
TXN_013112,CUST_0082,STR_018,2025-11-05,5183.82,Digital Wallet
TXN_013113,CUST_0260,STR_011,2025-05-26,529.53,Credit Card
TXN_013114,CUST_0249,STR_010,2025-10-25,1212.32,Credit Card
TXN_013115,CUST_0389,STR_018,2025-08-08,1103.64,Credit Card
TXN_013116,CUST_0272,STR_017,2025-10-21,2042.52,Credit Card
TXN_013117,CUST_0438,STR_008,2025-06-15,535.48,Debit Card
TXN_013118,CUST_0204,STR_003,2025-04-26,75.81,Debit Card
TXN_013119,CUST_0172,STR_019,2025-07-31,136.77,Digital Wallet
TXN_013120,CUST_0382,STR_002,2025-06-04,148.33,Credit Card
TXN_013121,CUST_0108,STR_015,2025-07-08,1152.92,Credit Card
TXN_013122,CUST_0497,STR_005,2025-12-15,1048.46,Debit Card
TXN_013123,CUST_0265,STR_007,2025-11-20,520.16,Credit Card
TXN_013124,CUST_0162,STR_016,2025-08-19,931.21,Credit Card
TXN_013125,CUST_0231,STR_004,2025-02-20,1583.47,Credit Card
TXN_013126,CUST_0299,STR_019,2025-02-01,1086.05,Digital Wallet
TXN_013127,CUST_0432,STR_007,2025-05-04,428.62,Credit Card
TXN_013128,CUST_0075,STR_012,2025-10-16,1485.75,Credit Card
TXN_013129,CUST_0156,STR_011,2025-09-29,920.01,Credit Card
TXN_013130,CUST_0059,STR_001,2025-06-12,459.16,Credit Card
TXN_013131,CUST_0383,STR_006,2025-05-03,1032.85,Credit Card
TXN_013132,CUST_0065,STR_015,2025-12-17,706.28,Credit Card
TXN_013133,CUST_0067,STR_011,2025-12-24,1825.18,Digital Wallet
TXN_013134,CUST_0341,STR_020,2025-04-15,2420.56,Digital Wallet
TXN_013135,CUST_0002,STR_007,2025-09-29,186.13,Cash
TXN_013136,CUST_0003,STR_006,2025-01-23,800.83,Credit Card
TXN_013137,CUST_0419,STR_008,2025-01-15,843.36,Credit Card
TXN_013138,CUST_0443,STR_014,2025-11-22,456.98,Credit Card
TXN_013139,CUST_0099,STR_009,2025-08-09,1059.28,Credit Card
TXN_013140,CUST_0151,STR_005,2025-07-31,654.34,Credit Card
TXN_013141,CUST_0374,STR_001,2025-02-04,98.06,Debit Card
TXN_013142,CUST_0334,STR_016,2025-04-28,8662.15,Credit Card
TXN_013143,CUST_0422,STR_007,2025-08-25,175.47,Credit Card
TXN_013144,CUST_0372,STR_018,2025-04-21,12356.78,Credit Card
TXN_013145,CUST_0479,STR_018,2025-03-09,493.6,Digital Wallet
TXN_013146,CUST_0425,STR_011,2025-11-26,324.22,Credit Card
TXN_013147,CUST_0036,STR_001,2025-11-09,2624.19,Credit Card
TXN_013148,CUST_0270,STR_005,2025-08-12,179.85,Credit Card
TXN_013149,CUST_0330,STR_019,2025-08-03,1926.32,Credit Card
TXN_013150,CUST_0111,STR_012,2025-07-12,1048.1,Credit Card
TXN_013151,CUST_0107,STR_007,2025-01-15,161.87,Digital Wallet
TXN_013152,CUST_0151,STR_010,2025-05-22,1883.4,Credit Card
TXN_013153,CUST_0438,STR_010,2025-02-17,470.97,Credit Card
TXN_013154,CUST_0376,STR_001,2025-03-20,585.49,Credit Card
TXN_013155,CUST_0122,STR_006,2025-01-15,1929.6,Debit Card
TXN_013156,CUST_0296,STR_012,2025-11-14,840.66,Digital Wallet
TXN_013157,CUST_0468,STR_017,2025-07-25,1261.5,Digital Wallet
TXN_013158,CUST_0480,STR_013,2025-06-05,196.4,Debit Card
TXN_013159,CUST_0265,STR_020,2025-08-05,632.48,Debit Card
TXN_013160,CUST_0259,STR_013,2025-03-06,475.94,Credit Card
TXN_013161,CUST_0373,STR_019,2025-10-04,521.33,Credit Card
TXN_013162,CUST_0125,STR_006,2025-08-28,1208.16,Cash
TXN_013163,CUST_0270,STR_017,2025-04-05,1100.01,Digital Wallet
TXN_013164,CUST_0046,STR_003,2025-12-06,899.94,Credit Card
TXN_013165,CUST_0228,STR_017,2025-02-02,2317.56,Credit Card
TXN_013166,CUST_0330,STR_007,2025-06-23,878.18,Credit Card
TXN_013167,CUST_0444,STR_018,2025-08-08,1629.03,Credit Card
TXN_013168,CUST_0262,STR_008,2025-04-30,1395.43,Credit Card
TXN_013169,CUST_0293,STR_008,2025-08-08,1088.02,Credit Card
TXN_013170,CUST_0139,STR_006,2025-03-15,1256.34,Digital Wallet
TXN_013171,CUST_0276,STR_005,2025-08-11,2200.7,Debit Card
TXN_013172,CUST_0327,STR_004,2025-01-01,2481.61,Credit Card
TXN_013173,CUST_0438,STR_016,2025-04-02,112.35,Debit Card
TXN_013174,CUST_0367,STR_006,2025-03-21,375.77,Credit Card
TXN_013175,CUST_0066,STR_014,2025-03-21,568.06,Credit Card
TXN_013176,CUST_0004,STR_011,2025-06-05,23.16,Credit Card
TXN_013177,CUST_0401,STR_005,2025-02-12,556.37,Credit Card
TXN_013178,CUST_0088,STR_004,2025-07-13,420.4,Credit Card
TXN_013179,CUST_0048,STR_011,2025-01-21,1705.82,Credit Card
TXN_013180,CUST_0482,STR_006,2025-07-27,524.23,Credit Card
TXN_013181,CUST_0078,STR_010,2025-04-30,3297.06,Credit Card
TXN_013182,CUST_0147,STR_016,2025-07-09,621.62,Credit Card
TXN_013183,CUST_0304,STR_014,2025-01-25,231.4,Credit Card
TXN_013184,CUST_0127,STR_019,2025-09-26,1208.16,Credit Card
TXN_013185,CUST_0451,STR_008,2025-08-21,1059.24,Digital Wallet
TXN_013186,CUST_0223,STR_017,2025-08-09,643.03,Credit Card
TXN_013187,CUST_0361,STR_002,2025-02-18,930.47,Credit Card
TXN_013188,CUST_0207,STR_016,2025-09-29,1692.98,Debit Card
TXN_013189,CUST_0398,STR_002,2025-12-08,534.75,Digital Wallet
TXN_013190,CUST_0160,STR_019,2025-05-01,633.92,Credit Card
TXN_013191,CUST_0020,STR_012,2025-10-16,738.02,Debit Card
TXN_013192,CUST_0156,STR_013,2025-09-02,853.9,Debit Card
TXN_013193,CUST_0141,STR_008,2025-11-14,1066.14,Credit Card
TXN_013194,CUST_0172,STR_011,2025-05-12,2042.03,Debit Card
TXN_013195,CUST_0355,STR_011,2025-03-27,1032.97,Credit Card
TXN_013196,CUST_0330,STR_015,2025-03-04,1856.16,Credit Card
TXN_013197,CUST_0157,STR_002,2025-10-23,140.0,Credit Card
TXN_013198,CUST_0067,STR_001,2025-10-30,958.92,Digital Wallet
TXN_013199,CUST_0218,STR_008,2025-04-15,3312.14,Credit Card
TXN_013200,CUST_0463,STR_005,2025-02-01,976.97,Credit Card
TXN_013201,CUST_0337,STR_013,2025-05-22,205.33,Credit Card
TXN_013202,CUST_0467,STR_012,2025-02-02,1597.06,Credit Card
TXN_013203,CUST_0094,STR_018,2025-10-17,413.48,Debit Card
TXN_013204,CUST_0291,STR_017,2025-05-28,764.47,Debit Card
TXN_013205,CUST_0485,STR_004,2025-09-04,1366.91,Credit Card
TXN_013206,CUST_0282,STR_003,2025-09-01,2697.34,Debit Card
TXN_013207,CUST_0061,STR_009,2025-11-24,359.1,Credit Card
TXN_013208,CUST_0497,STR_005,2025-08-21,947.23,Debit Card
TXN_013209,CUST_0290,STR_009,2025-12-29,243.58,Credit Card
TXN_013210,CUST_0285,STR_018,2025-11-03,2439.21,Credit Card
TXN_013211,CUST_0263,STR_011,2025-11-13,643.03,Credit Card
TXN_013212,CUST_0492,STR_001,2025-05-28,509.96,Debit Card
TXN_013213,CUST_0385,STR_012,2025-05-11,2361.84,Credit Card
TXN_013214,CUST_0469,STR_018,2025-10-30,290.73,Credit Card
TXN_013215,CUST_0237,STR_003,2025-06-29,150.0,Digital Wallet
TXN_013216,CUST_0449,STR_012,2025-07-15,940.37,Credit Card
TXN_013217,CUST_0032,STR_011,2025-12-24,2042.1,Credit Card
TXN_013218,CUST_0194,STR_004,2025-01-26,930.62,Credit Card
TXN_013219,CUST_0427,STR_015,2025-03-27,276.94,Credit Card
TXN_013220,CUST_0280,STR_006,2025-09-16,863.47,Credit Card
TXN_013221,CUST_0084,STR_008,2025-08-06,2113.02,Cash
TXN_013222,CUST_0327,STR_001,2025-04-02,2051.71,Credit Card
TXN_013223,CUST_0166,STR_013,2025-06-18,276.94,Credit Card
TXN_013224,CUST_0411,STR_017,2025-12-08,1335.95,Debit Card
TXN_013225,CUST_0276,STR_002,2025-06-29,106.73,Credit Card
TXN_013226,CUST_0344,STR_009,2025-06-03,206.81,Credit Card
TXN_013227,CUST_0419,STR_010,2025-04-27,497.85,Credit Card
TXN_013228,CUST_0326,STR_018,2025-08-02,804.71,Digital Wallet
TXN_013229,CUST_0188,STR_005,2025-05-03,1756.41,Debit Card
TXN_013230,CUST_0300,STR_018,2025-08-21,773.05,Debit Card
TXN_013231,CUST_0119,STR_007,2025-11-02,413.62,Credit Card
TXN_013232,CUST_0392,STR_009,2025-03-14,551.82,Debit Card
TXN_013233,CUST_0148,STR_010,2025-05-14,622.49,Credit Card
TXN_013234,CUST_0161,STR_007,2025-01-10,481.92,Debit Card
TXN_013235,CUST_0249,STR_018,2025-07-13,555.47,Digital Wallet
TXN_013236,CUST_0487,STR_015,2025-01-28,1308.68,Debit Card
TXN_013237,CUST_0239,STR_009,2025-07-12,736.13,Credit Card
TXN_013238,CUST_0497,STR_008,2025-10-10,1490.92,Credit Card
TXN_013239,CUST_0387,STR_010,2025-12-01,1980.85,Digital Wallet
TXN_013240,CUST_0118,STR_003,2025-11-05,281.62,Credit Card
TXN_013241,CUST_0163,STR_015,2025-09-09,644.32,Credit Card
TXN_013242,CUST_0158,STR_014,2025-02-15,98.21,Debit Card
TXN_013243,CUST_0216,STR_003,2025-11-26,3278.03,Cash
TXN_013244,CUST_0118,STR_020,2025-03-11,529.53,Credit Card
TXN_013245,CUST_0019,STR_008,2025-09-26,1237.52,Credit Card
TXN_013246,CUST_0234,STR_002,2025-12-07,104.39,Debit Card
TXN_013247,CUST_0212,STR_014,2025-05-13,1422.96,Credit Card
TXN_013248,CUST_0277,STR_011,2025-02-25,179.85,Credit Card
TXN_013249,CUST_0359,STR_012,2025-04-14,657.55,Credit Card
TXN_013250,CUST_0126,STR_004,2025-10-27,313.12,Credit Card
TXN_013251,CUST_0054,STR_013,2025-11-07,2665.78,Digital Wallet
TXN_013252,CUST_0119,STR_007,2025-05-25,540.58,Digital Wallet
TXN_013253,CUST_0350,STR_014,2025-07-01,206.74,Credit Card
TXN_013254,CUST_0485,STR_012,2025-09-02,2452.09,Credit Card
TXN_013255,CUST_0336,STR_019,2025-09-02,168.58,Credit Card
TXN_013256,CUST_0441,STR_001,2025-05-20,901.08,Debit Card
TXN_013257,CUST_0490,STR_017,2025-10-05,6189.3,Credit Card
TXN_013258,CUST_0429,STR_008,2025-01-18,1080.53,Credit Card
TXN_013259,CUST_0177,STR_006,2025-06-27,269.98,Credit Card
TXN_013260,CUST_0015,STR_013,2025-01-25,604.08,Credit Card
TXN_013261,CUST_0008,STR_017,2025-07-12,1552.72,Credit Card
TXN_013262,CUST_0123,STR_011,2025-02-20,2087.28,Credit Card
TXN_013263,CUST_0092,STR_007,2025-02-03,1413.09,Debit Card
TXN_013264,CUST_0199,STR_017,2025-05-26,1994.43,Credit Card
TXN_013265,CUST_0257,STR_012,2025-07-04,748.23,Credit Card
TXN_013266,CUST_0143,STR_014,2025-05-06,1772.51,Credit Card
TXN_013267,CUST_0045,STR_006,2025-01-30,758.66,Credit Card
TXN_013268,CUST_0026,STR_004,2025-06-29,224.7,Credit Card
TXN_013269,CUST_0063,STR_012,2025-03-06,471.32,Debit Card
TXN_013270,CUST_0171,STR_003,2025-11-03,632.48,Debit Card
TXN_013271,CUST_0309,STR_004,2025-08-15,1351.78,Digital Wallet
TXN_013272,CUST_0335,STR_015,2025-08-03,64.17,Credit Card
TXN_013273,CUST_0403,STR_016,2025-03-12,842.92,Credit Card
TXN_013274,CUST_0348,STR_015,2025-03-23,1134.17,Credit Card
TXN_013275,CUST_0036,STR_002,2025-10-17,3880.77,Debit Card
TXN_013276,CUST_0420,STR_002,2025-06-21,1058.14,Digital Wallet
TXN_013277,CUST_0330,STR_004,2025-11-04,396.74,Debit Card
TXN_013278,CUST_0484,STR_005,2025-07-17,614.45,Cash
TXN_013279,CUST_0197,STR_019,2025-10-05,1241.51,Credit Card
TXN_013280,CUST_0189,STR_003,2025-06-23,313.89,Debit Card
TXN_013281,CUST_0434,STR_013,2025-05-18,616.09,Digital Wallet
TXN_013282,CUST_0355,STR_017,2025-04-28,529.62,Debit Card
TXN_013283,CUST_0453,STR_017,2025-09-08,766.5,Digital Wallet
TXN_013284,CUST_0178,STR_018,2025-04-12,1345.76,Credit Card
TXN_013285,CUST_0481,STR_012,2025-03-04,179.85,Debit Card
TXN_013286,CUST_0348,STR_011,2025-12-17,1321.09,Debit Card
TXN_013287,CUST_0387,STR_009,2025-01-11,1006.11,Credit Card
TXN_013288,CUST_0498,STR_011,2025-12-20,274.25,Credit Card
TXN_013289,CUST_0281,STR_017,2025-02-14,1437.7,Credit Card
TXN_013290,CUST_0098,STR_015,2025-09-08,2279.68,Debit Card
TXN_013291,CUST_0291,STR_011,2025-05-13,103.52,Debit Card
TXN_013292,CUST_0444,STR_011,2025-09-29,4167.58,Credit Card
TXN_013293,CUST_0019,STR_015,2025-08-27,799.86,Digital Wallet
TXN_013294,CUST_0449,STR_007,2025-09-25,292.13,Digital Wallet
TXN_013295,CUST_0291,STR_003,2025-09-27,106.31,Digital Wallet
TXN_013296,CUST_0019,STR_016,2025-03-23,2413.35,Credit Card
TXN_013297,CUST_0190,STR_008,2025-04-07,811.67,Credit Card
TXN_013298,CUST_0041,STR_011,2025-08-09,1452.86,Debit Card
TXN_013299,CUST_0279,STR_003,2025-08-11,57.28,Credit Card
TXN_013300,CUST_0419,STR_008,2025-04-17,1203.16,Debit Card
TXN_013301,CUST_0217,STR_001,2025-07-06,857.25,Credit Card
TXN_013302,CUST_0445,STR_009,2025-08-10,518.81,Digital Wallet
TXN_013303,CUST_0023,STR_009,2025-07-22,764.47,Credit Card
TXN_013304,CUST_0257,STR_015,2025-08-05,1331.77,Credit Card
TXN_013305,CUST_0258,STR_006,2025-10-11,2238.7,Credit Card
TXN_013306,CUST_0464,STR_016,2025-03-11,476.25,Credit Card
TXN_013307,CUST_0406,STR_017,2025-10-01,63.0,Credit Card
TXN_013308,CUST_0049,STR_009,2025-08-26,670.7,Credit Card
TXN_013309,CUST_0021,STR_018,2025-01-02,551.82,Debit Card
TXN_013310,CUST_0084,STR_017,2025-05-18,1168.94,Credit Card
TXN_013311,CUST_0329,STR_007,2025-02-16,654.34,Credit Card
TXN_013312,CUST_0441,STR_010,2025-06-07,633.8,Debit Card
TXN_013313,CUST_0201,STR_002,2025-09-27,1639.73,Debit Card
TXN_013314,CUST_0129,STR_001,2025-06-16,1626.36,Credit Card
TXN_013315,CUST_0302,STR_019,2025-05-26,388.43,Debit Card
TXN_013316,CUST_0371,STR_002,2025-10-11,578.95,Credit Card
TXN_013317,CUST_0113,STR_017,2025-06-26,1479.58,Credit Card
TXN_013318,CUST_0258,STR_019,2025-10-06,1835.41,Debit Card
TXN_013319,CUST_0118,STR_019,2025-03-26,3733.7,Digital Wallet
TXN_013320,CUST_0245,STR_020,2025-04-28,1151.67,Credit Card
TXN_013321,CUST_0377,STR_002,2025-04-22,261.58,Debit Card
TXN_013322,CUST_0100,STR_006,2025-09-01,375.77,Debit Card
TXN_013323,CUST_0360,STR_013,2025-05-13,1704.03,Credit Card
TXN_013324,CUST_0297,STR_014,2025-03-23,1889.74,Digital Wallet
TXN_013325,CUST_0216,STR_007,2025-11-22,106.31,Credit Card
TXN_013326,CUST_0269,STR_011,2025-06-30,654.04,Digital Wallet
TXN_013327,CUST_0112,STR_001,2025-09-13,92.9,Credit Card
TXN_013328,CUST_0481,STR_006,2025-04-04,2073.08,Credit Card
TXN_013329,CUST_0243,STR_012,2025-03-06,759.26,Credit Card
TXN_013330,CUST_0030,STR_012,2025-10-12,2728.73,Debit Card
TXN_013331,CUST_0016,STR_003,2025-10-31,155.87,Digital Wallet
TXN_013332,CUST_0050,STR_012,2025-11-03,696.63,Debit Card
TXN_013333,CUST_0324,STR_007,2025-07-18,1369.08,Credit Card
TXN_013334,CUST_0084,STR_013,2025-08-14,2315.05,Credit Card
TXN_013335,CUST_0445,STR_008,2025-02-28,36650.94,Cash
TXN_013336,CUST_0183,STR_004,2025-07-14,266.15,Credit Card
TXN_013337,CUST_0158,STR_007,2025-09-08,426.93,Credit Card
TXN_013338,CUST_0080,STR_003,2025-04-03,2235.76,Digital Wallet
TXN_013339,CUST_0297,STR_004,2025-03-21,235.66,Debit Card
TXN_013340,CUST_0324,STR_009,2025-12-31,133.5,Debit Card
TXN_013341,CUST_0372,STR_017,2025-06-28,735.01,Credit Card
TXN_013342,CUST_0056,STR_006,2025-07-25,2825.12,Credit Card
TXN_013343,CUST_0257,STR_015,2025-07-19,661.28,Credit Card
TXN_013344,CUST_0210,STR_001,2025-12-07,416.53,Cash
TXN_013345,CUST_0485,STR_017,2025-06-29,650.31,Credit Card
TXN_013346,CUST_0389,STR_001,2025-08-22,1107.76,Credit Card
TXN_013347,CUST_0346,STR_005,2025-01-02,491.83,Credit Card
TXN_013348,CUST_0344,STR_008,2025-01-16,1286.01,Credit Card
TXN_013349,CUST_0086,STR_002,2025-02-06,449.89,Credit Card
TXN_013350,CUST_0359,STR_016,2025-09-27,678.65,Debit Card
TXN_013351,CUST_0004,STR_008,2025-05-16,253.04,Credit Card
TXN_013352,CUST_0389,STR_008,2025-05-12,1392.69,Debit Card
TXN_013353,CUST_0390,STR_004,2025-12-31,907.98,Debit Card
TXN_013354,CUST_0247,STR_020,2025-01-22,2065.16,Digital Wallet
TXN_013355,CUST_0206,STR_006,2025-01-24,1894.51,Credit Card
TXN_013356,CUST_0258,STR_002,2025-02-28,1557.45,Cash
TXN_013357,CUST_0147,STR_007,2025-07-25,815.45,Credit Card
TXN_013358,CUST_0405,STR_006,2025-05-18,725.4,Cash
TXN_013359,CUST_0205,STR_020,2025-07-12,134.99,Credit Card
TXN_013360,CUST_0361,STR_011,2025-04-08,226.17,Debit Card
TXN_013361,CUST_0063,STR_015,2025-05-22,989.65,Credit Card
TXN_013362,CUST_0064,STR_004,2025-08-11,5716.3,Debit Card
TXN_013363,CUST_0491,STR_020,2025-12-23,2110.6,Digital Wallet
TXN_013364,CUST_0048,STR_012,2025-07-07,2416.58,Credit Card
TXN_013365,CUST_0360,STR_018,2025-12-25,936.77,Credit Card
TXN_013366,CUST_0466,STR_016,2025-08-06,64.17,Debit Card
TXN_013367,CUST_0059,STR_015,2025-08-31,2384.27,Credit Card
TXN_013368,CUST_0005,STR_008,2025-02-26,604.08,Credit Card
TXN_013369,CUST_0417,STR_009,2025-06-23,1977.91,Credit Card
TXN_013370,CUST_0091,STR_006,2025-12-24,400.54,Credit Card
TXN_013371,CUST_0130,STR_004,2025-10-28,1193.03,Credit Card
TXN_013372,CUST_0033,STR_007,2025-07-01,1127.57,Credit Card
TXN_013373,CUST_0444,STR_002,2025-08-09,272.39,Debit Card
TXN_013374,CUST_0301,STR_011,2025-05-01,846.49,Cash
TXN_013375,CUST_0111,STR_002,2025-11-13,613.87,Credit Card
TXN_013376,CUST_0457,STR_007,2025-09-09,1491.89,Debit Card
TXN_013377,CUST_0019,STR_013,2025-11-26,412.36,Credit Card
TXN_013378,CUST_0272,STR_007,2025-11-06,388.43,Digital Wallet
TXN_013379,CUST_0204,STR_016,2025-01-13,804.71,Debit Card
TXN_013380,CUST_0006,STR_006,2025-03-06,309.96,Credit Card
TXN_013381,CUST_0335,STR_016,2025-05-05,875.4,Credit Card
TXN_013382,CUST_0164,STR_012,2025-10-17,619.1,Debit Card
TXN_013383,CUST_0050,STR_017,2025-10-27,67.41,Credit Card
TXN_013384,CUST_0051,STR_007,2025-05-02,586.75,Credit Card
TXN_013385,CUST_0469,STR_020,2025-05-13,112.35,Credit Card
TXN_013386,CUST_0286,STR_005,2025-04-05,563.24,Credit Card
TXN_013387,CUST_0056,STR_009,2025-03-20,708.37,Credit Card
TXN_013388,CUST_0143,STR_004,2025-04-14,36574.51,Debit Card
TXN_013389,CUST_0123,STR_012,2025-11-14,1416.57,Credit Card
TXN_013390,CUST_0338,STR_012,2025-10-22,179.85,Digital Wallet
TXN_013391,CUST_0434,STR_007,2025-12-14,1555.2,Debit Card
TXN_013392,CUST_0224,STR_014,2025-08-27,1432.47,Credit Card
TXN_013393,CUST_0247,STR_008,2025-03-15,3400.57,Debit Card
TXN_013394,CUST_0243,STR_018,2025-06-05,1026.23,Debit Card
TXN_013395,CUST_0306,STR_007,2025-10-02,134.99,Credit Card
TXN_013396,CUST_0418,STR_010,2025-03-31,540.58,Debit Card
TXN_013397,CUST_0352,STR_017,2025-12-21,486.89,Credit Card
TXN_013398,CUST_0405,STR_007,2025-10-08,820.87,Digital Wallet
TXN_013399,CUST_0450,STR_008,2025-03-19,910.12,Debit Card
TXN_013400,CUST_0328,STR_014,2025-09-29,420.48,Credit Card
TXN_013401,CUST_0466,STR_002,2025-03-28,581.86,Debit Card
TXN_013402,CUST_0292,STR_006,2025-08-21,604.08,Digital Wallet
TXN_013403,CUST_0099,STR_005,2025-06-01,538.38,Credit Card
TXN_013404,CUST_0198,STR_011,2025-04-06,140.91,Credit Card
TXN_013405,CUST_0445,STR_004,2025-07-14,476.25,Credit Card
TXN_013406,CUST_0476,STR_013,2025-02-06,4482.51,Digital Wallet
TXN_013407,CUST_0444,STR_010,2025-06-17,1744.5,Credit Card
TXN_013408,CUST_0034,STR_018,2025-03-20,540.58,Credit Card
TXN_013409,CUST_0344,STR_014,2025-02-01,1418.58,Credit Card
TXN_013410,CUST_0246,STR_005,2025-03-14,573.46,Debit Card
TXN_013411,CUST_0282,STR_014,2025-11-12,445.9,Credit Card
TXN_013412,CUST_0155,STR_010,2025-09-20,2002.75,Debit Card
TXN_013413,CUST_0114,STR_016,2025-02-13,2924.5,Credit Card
TXN_013414,CUST_0314,STR_001,2025-12-30,597.89,Credit Card
TXN_013415,CUST_0046,STR_003,2025-08-19,1412.56,Credit Card
TXN_013416,CUST_0268,STR_009,2025-03-08,235.66,Credit Card
TXN_013417,CUST_0296,STR_001,2025-08-05,563.67,Credit Card
TXN_013418,CUST_0467,STR_006,2025-12-25,1848.45,Credit Card
TXN_013419,CUST_0035,STR_020,2025-08-30,1023.36,Debit Card
TXN_013420,CUST_0302,STR_008,2025-07-17,359.7,Cash
TXN_013421,CUST_0126,STR_017,2025-11-25,1692.98,Digital Wallet
TXN_013422,CUST_0369,STR_011,2025-08-11,630.2,Digital Wallet
TXN_013423,CUST_0072,STR_016,2025-02-19,860.19,Credit Card
TXN_013424,CUST_0465,STR_005,2025-07-03,1794.13,Credit Card
TXN_013425,CUST_0226,STR_017,2025-03-15,529.62,Digital Wallet
TXN_013426,CUST_0384,STR_005,2025-05-23,594.71,Digital Wallet
TXN_013427,CUST_0333,STR_013,2025-06-28,2336.52,Debit Card
TXN_013428,CUST_0341,STR_009,2025-06-11,243.72,Credit Card
TXN_013429,CUST_0282,STR_005,2025-10-26,672.33,Debit Card
TXN_013430,CUST_0016,STR_014,2025-12-26,1267.16,Debit Card
TXN_013431,CUST_0005,STR_010,2025-03-29,370.2,Credit Card
TXN_013432,CUST_0025,STR_004,2025-11-07,545.58,Credit Card
TXN_013433,CUST_0427,STR_010,2025-06-13,729.16,Digital Wallet
TXN_013434,CUST_0284,STR_013,2025-10-31,177.45,Debit Card
TXN_013435,CUST_0388,STR_010,2025-04-14,210.7,Credit Card
TXN_013436,CUST_0347,STR_011,2025-07-05,4148.9,Debit Card
TXN_013437,CUST_0466,STR_006,2025-10-19,101.11,Digital Wallet
TXN_013438,CUST_0135,STR_006,2025-11-16,317.01,Cash
TXN_013439,CUST_0327,STR_016,2025-09-17,620.38,Credit Card
TXN_013440,CUST_0147,STR_005,2025-10-25,1862.74,Credit Card
TXN_013441,CUST_0031,STR_013,2025-01-14,871.12,Credit Card
TXN_013442,CUST_0350,STR_006,2025-10-08,989.58,Digital Wallet
TXN_013443,CUST_0160,STR_017,2025-06-29,2187.78,Credit Card
TXN_013444,CUST_0478,STR_014,2025-03-03,1750.28,Digital Wallet
TXN_013445,CUST_0447,STR_012,2025-03-14,206.74,Digital Wallet
TXN_013446,CUST_0232,STR_001,2025-08-06,735.59,Credit Card
TXN_013447,CUST_0277,STR_020,2025-05-18,1011.26,Credit Card
TXN_013448,CUST_0231,STR_002,2025-11-19,2298.38,Debit Card
TXN_013449,CUST_0414,STR_012,2025-06-11,8029.9,Debit Card
TXN_013450,CUST_0284,STR_020,2025-07-02,519.86,Debit Card
TXN_013451,CUST_0102,STR_019,2025-08-01,221.44,Credit Card
TXN_013452,CUST_0382,STR_012,2025-12-24,363.72,Credit Card
TXN_013453,CUST_0350,STR_005,2025-11-18,952.5,Digital Wallet
TXN_013454,CUST_0113,STR_018,2025-09-10,282.99,Credit Card
TXN_013455,CUST_0291,STR_004,2025-11-17,575.43,Digital Wallet
TXN_013456,CUST_0257,STR_010,2025-08-10,179.85,Debit Card
TXN_013457,CUST_0341,STR_004,2025-09-01,181.86,Debit Card
TXN_013458,CUST_0305,STR_004,2025-07-14,540.37,Credit Card
TXN_013459,CUST_0115,STR_003,2025-01-25,969.95,Credit Card
TXN_013460,CUST_0443,STR_009,2025-10-21,466.1,Credit Card
TXN_013461,CUST_0451,STR_017,2025-03-28,1308.68,Credit Card
TXN_013462,CUST_0391,STR_002,2025-12-16,1418.66,Credit Card
TXN_013463,CUST_0490,STR_013,2025-12-10,1076.76,Debit Card
TXN_013464,CUST_0092,STR_014,2025-09-23,452.44,Credit Card
TXN_013465,CUST_0037,STR_020,2025-08-26,2231.56,Credit Card
TXN_013466,CUST_0013,STR_005,2025-03-07,3776.73,Cash
TXN_013467,CUST_0008,STR_004,2025-05-30,300.0,Debit Card
TXN_013468,CUST_0258,STR_015,2025-07-10,60.1,Credit Card
TXN_013469,CUST_0453,STR_019,2025-04-12,181.86,Debit Card
TXN_013470,CUST_0049,STR_016,2025-11-17,223.88,Debit Card
TXN_013471,CUST_0287,STR_012,2025-06-22,1443.82,Debit Card
TXN_013472,CUST_0165,STR_020,2025-09-25,290.73,Debit Card
TXN_013473,CUST_0316,STR_006,2025-11-12,1081.16,Credit Card
TXN_013474,CUST_0444,STR_017,2025-05-02,700.05,Credit Card
TXN_013475,CUST_0287,STR_019,2025-03-02,706.28,Digital Wallet
TXN_013476,CUST_0203,STR_002,2025-06-26,732.72,Credit Card
TXN_013477,CUST_0051,STR_016,2025-03-17,616.54,Credit Card
TXN_013478,CUST_0034,STR_016,2025-03-09,206.81,Cash
TXN_013479,CUST_0366,STR_012,2025-12-26,178.57,Credit Card
TXN_013480,CUST_0038,STR_015,2025-01-02,261.58,Credit Card
TXN_013481,CUST_0060,STR_007,2025-01-30,199.0,Debit Card
TXN_013482,CUST_0194,STR_014,2025-08-16,459.49,Cash
TXN_013483,CUST_0290,STR_001,2025-08-14,1992.98,Credit Card
TXN_013484,CUST_0483,STR_002,2025-04-11,481.03,Credit Card
TXN_013485,CUST_0487,STR_005,2025-06-07,50158.63,Debit Card
TXN_013486,CUST_0065,STR_005,2025-09-10,1069.52,Digital Wallet
TXN_013487,CUST_0347,STR_011,2025-07-26,773.63,Cash
TXN_013488,CUST_0248,STR_010,2025-12-31,686.54,Credit Card
TXN_013489,CUST_0160,STR_004,2025-09-21,1583.97,Debit Card
TXN_013490,CUST_0451,STR_005,2025-03-05,638.14,Debit Card
TXN_013491,CUST_0363,STR_012,2025-06-24,178.57,Credit Card
TXN_013492,CUST_0253,STR_010,2025-06-17,1346.59,Credit Card
TXN_013493,CUST_0020,STR_013,2025-05-07,124.06,Credit Card
TXN_013494,CUST_0417,STR_018,2025-05-30,206.81,Credit Card
TXN_013495,CUST_0410,STR_015,2025-02-24,3411.16,Credit Card
TXN_013496,CUST_0354,STR_011,2025-12-25,628.17,Credit Card
TXN_013497,CUST_0238,STR_013,2025-05-05,2153.52,Credit Card
TXN_013498,CUST_0423,STR_007,2025-04-23,540.58,Debit Card
TXN_013499,CUST_0268,STR_007,2025-04-13,520.31,Debit Card
TXN_013500,CUST_0352,STR_018,2025-12-05,19041.52,Credit Card
TXN_013501,CUST_0151,STR_011,2025-04-06,176.31,Credit Card
TXN_013502,CUST_0478,STR_010,2025-03-17,28.73,Debit Card
TXN_013503,CUST_0072,STR_003,2025-12-14,1711.53,Debit Card
TXN_013504,CUST_0223,STR_018,2025-10-11,466.1,Credit Card
TXN_013505,CUST_0020,STR_019,2025-11-05,1361.87,Debit Card
TXN_013506,CUST_0081,STR_011,2025-06-05,2623.12,Credit Card
TXN_013507,CUST_0454,STR_003,2025-03-21,2502.14,Debit Card
TXN_013508,CUST_0412,STR_011,2025-05-06,918.82,Debit Card
TXN_013509,CUST_0418,STR_004,2025-06-05,612.06,Credit Card
TXN_013510,CUST_0289,STR_009,2025-09-17,1978.94,Credit Card
TXN_013511,CUST_0237,STR_007,2025-11-01,224.11,Digital Wallet
TXN_013512,CUST_0225,STR_001,2025-04-25,949.87,Credit Card
TXN_013513,CUST_0169,STR_012,2025-03-27,12487.24,Credit Card
TXN_013514,CUST_0317,STR_018,2025-10-30,641.31,Credit Card
TXN_013515,CUST_0375,STR_015,2025-06-01,1192.53,Digital Wallet
TXN_013516,CUST_0436,STR_005,2025-08-19,574.4,Digital Wallet
TXN_013517,CUST_0228,STR_012,2025-06-08,306.91,Digital Wallet
TXN_013518,CUST_0328,STR_006,2025-09-25,178.57,Digital Wallet
TXN_013519,CUST_0013,STR_008,2025-09-17,210.0,Credit Card
TXN_013520,CUST_0330,STR_017,2025-07-06,526.65,Digital Wallet
TXN_013521,CUST_0185,STR_015,2025-12-25,1803.14,Debit Card
TXN_013522,CUST_0038,STR_009,2025-01-21,1235.2,Credit Card
TXN_013523,CUST_0368,STR_007,2025-03-31,216.61,Debit Card
TXN_013524,CUST_0185,STR_006,2025-04-30,523.59,Digital Wallet
TXN_013525,CUST_0177,STR_018,2025-10-04,1346.33,Debit Card
TXN_013526,CUST_0172,STR_013,2025-09-15,794.96,Credit Card
TXN_013527,CUST_0297,STR_015,2025-03-07,221.44,Digital Wallet
TXN_013528,CUST_0286,STR_015,2025-08-27,445.64,Credit Card
TXN_013529,CUST_0259,STR_018,2025-07-25,995.69,Credit Card
TXN_013530,CUST_0284,STR_005,2025-01-15,1215.59,Credit Card
TXN_013531,CUST_0189,STR_003,2025-05-02,92.9,Digital Wallet
TXN_013532,CUST_0278,STR_018,2025-06-13,1301.98,Digital Wallet
TXN_013533,CUST_0047,STR_011,2025-08-30,620.22,Debit Card
TXN_013534,CUST_0054,STR_013,2025-04-08,494.79,Credit Card
TXN_013535,CUST_0475,STR_001,2025-07-29,401.79,Debit Card
TXN_013536,CUST_0325,STR_007,2025-12-06,3210.47,Debit Card
TXN_013537,CUST_0022,STR_015,2025-07-24,357.14,Credit Card
TXN_013538,CUST_0163,STR_003,2025-11-10,687.46,Debit Card
TXN_013539,CUST_0092,STR_007,2025-08-05,98.21,Credit Card
TXN_013540,CUST_0077,STR_016,2025-02-07,2371.18,Debit Card
TXN_013541,CUST_0125,STR_007,2025-07-02,62.02,Credit Card
TXN_013542,CUST_0278,STR_012,2025-09-07,750.14,Debit Card
TXN_013543,CUST_0008,STR_016,2025-04-11,524.05,Digital Wallet
TXN_013544,CUST_0262,STR_016,2025-04-26,604.08,Credit Card
TXN_013545,CUST_0241,STR_007,2025-06-17,425.81,Credit Card
TXN_013546,CUST_0288,STR_005,2025-05-12,1052.56,Credit Card
TXN_013547,CUST_0340,STR_003,2025-08-11,1858.46,Credit Card
TXN_013548,CUST_0034,STR_006,2025-10-19,28.73,Digital Wallet
TXN_013549,CUST_0335,STR_010,2025-11-24,613.87,Credit Card
TXN_013550,CUST_0473,STR_008,2025-10-10,189.22,Credit Card
TXN_013551,CUST_0340,STR_015,2025-04-26,6084.49,Credit Card
TXN_013552,CUST_0310,STR_002,2025-12-24,1443.82,Digital Wallet
TXN_013553,CUST_0313,STR_013,2025-09-29,629.16,Credit Card
TXN_013554,CUST_0497,STR_001,2025-10-13,104.39,Debit Card
TXN_013555,CUST_0106,STR_017,2025-03-25,2190.4,Credit Card
TXN_013556,CUST_0498,STR_020,2025-05-26,1668.69,Digital Wallet
TXN_013557,CUST_0237,STR_017,2025-10-09,27.29,Credit Card
TXN_013558,CUST_0198,STR_015,2025-11-03,212.9,Debit Card
TXN_013559,CUST_0317,STR_020,2025-11-11,1571.0,Debit Card
TXN_013560,CUST_0304,STR_018,2025-05-16,423.32,Credit Card
TXN_013561,CUST_0144,STR_017,2025-12-07,1059.42,Credit Card
TXN_013562,CUST_0151,STR_010,2025-07-09,133.5,Credit Card
TXN_013563,CUST_0493,STR_018,2025-03-26,2737.71,Credit Card
TXN_013564,CUST_0328,STR_004,2025-08-31,88.39,Credit Card
TXN_013565,CUST_0287,STR_016,2025-08-17,710.76,Cash
TXN_013566,CUST_0403,STR_020,2025-05-14,1601.0,Debit Card
TXN_013567,CUST_0074,STR_017,2025-03-04,1105.9,Credit Card
TXN_013568,CUST_0044,STR_012,2025-11-11,4959.19,Debit Card
TXN_013569,CUST_0497,STR_004,2025-04-26,547.64,Credit Card
TXN_013570,CUST_0002,STR_006,2025-08-28,1241.99,Debit Card
TXN_013571,CUST_0490,STR_007,2025-04-05,519.58,Debit Card
TXN_013572,CUST_0096,STR_013,2025-01-06,548.5,Credit Card
TXN_013573,CUST_0094,STR_011,2025-10-15,377.75,Digital Wallet
TXN_013574,CUST_0403,STR_016,2025-07-26,663.18,Credit Card
TXN_013575,CUST_0293,STR_012,2025-05-05,551.03,Digital Wallet
TXN_013576,CUST_0464,STR_002,2025-08-30,98.21,Credit Card
TXN_013577,CUST_0105,STR_015,2025-01-25,632.48,Debit Card
TXN_013578,CUST_0352,STR_003,2025-03-01,2499.57,Debit Card
TXN_013579,CUST_0347,STR_007,2025-10-16,954.72,Debit Card
TXN_013580,CUST_0365,STR_013,2025-11-24,551.82,Digital Wallet
TXN_013581,CUST_0297,STR_004,2025-06-06,787.63,Debit Card
TXN_013582,CUST_0381,STR_006,2025-06-14,1261.86,Credit Card
TXN_013583,CUST_0385,STR_008,2025-04-26,2149.15,Cash
TXN_013584,CUST_0219,STR_003,2025-01-24,60.1,Credit Card
TXN_013585,CUST_0377,STR_008,2025-10-23,1000.77,Credit Card
TXN_013586,CUST_0094,STR_005,2025-03-14,3385.96,Credit Card
TXN_013587,CUST_0390,STR_018,2025-01-09,235.66,Credit Card
TXN_013588,CUST_0221,STR_003,2025-12-16,1043.58,Debit Card
TXN_013589,CUST_0155,STR_008,2025-09-06,584.34,Credit Card
TXN_013590,CUST_0323,STR_004,2025-01-01,1484.71,Debit Card
TXN_013591,CUST_0088,STR_001,2025-03-23,40122.87,Cash
TXN_013592,CUST_0270,STR_019,2025-06-21,477.43,Credit Card
TXN_013593,CUST_0390,STR_015,2025-02-22,199.0,Digital Wallet
TXN_013594,CUST_0055,STR_017,2025-07-12,2766.43,Debit Card
TXN_013595,CUST_0308,STR_012,2025-03-05,899.94,Credit Card
TXN_013596,CUST_0294,STR_004,2025-08-18,468.75,Debit Card
TXN_013597,CUST_0186,STR_013,2025-07-01,150.0,Digital Wallet
TXN_013598,CUST_0108,STR_011,2025-09-09,1143.92,Debit Card
TXN_013599,CUST_0202,STR_013,2025-01-03,1284.0,Credit Card
TXN_013600,CUST_0077,STR_001,2025-03-07,289.1,Credit Card
TXN_013601,CUST_0399,STR_002,2025-02-12,1307.57,Debit Card
TXN_013602,CUST_0138,STR_020,2025-12-05,854.39,Cash
TXN_013603,CUST_0413,STR_001,2025-07-27,2154.88,Credit Card
TXN_013604,CUST_0474,STR_009,2025-07-25,2699.82,Credit Card
TXN_013605,CUST_0140,STR_016,2025-06-11,269.98,Digital Wallet
TXN_013606,CUST_0117,STR_012,2025-08-24,355.38,Credit Card
TXN_013607,CUST_0056,STR_008,2025-05-10,1364.02,Debit Card
TXN_013608,CUST_0019,STR_005,2025-03-15,4186.86,Debit Card
TXN_013609,CUST_0163,STR_014,2025-09-07,515.75,Credit Card
TXN_013610,CUST_0119,STR_001,2025-08-06,945.53,Credit Card
TXN_013611,CUST_0457,STR_019,2025-08-14,628.46,Credit Card
TXN_013612,CUST_0127,STR_013,2025-12-09,683.19,Digital Wallet
TXN_013613,CUST_0436,STR_015,2025-12-12,446.83,Credit Card
TXN_013614,CUST_0146,STR_017,2025-05-31,711.39,Credit Card
TXN_013615,CUST_0164,STR_019,2025-01-30,752.03,Credit Card
TXN_013616,CUST_0482,STR_018,2025-01-22,126.0,Digital Wallet
TXN_013617,CUST_0403,STR_002,2025-03-06,417.51,Credit Card
TXN_013618,CUST_0075,STR_017,2025-06-09,854.39,Credit Card
TXN_013619,CUST_0035,STR_008,2025-01-30,2212.86,Digital Wallet
TXN_013620,CUST_0108,STR_018,2025-01-15,4950.2,Credit Card
TXN_013621,CUST_0085,STR_020,2025-04-26,2611.45,Credit Card
TXN_013622,CUST_0453,STR_007,2025-09-03,1161.12,Digital Wallet
TXN_013623,CUST_0088,STR_009,2025-11-16,2172.26,Debit Card
TXN_013624,CUST_0134,STR_016,2025-03-11,2233.62,Digital Wallet
TXN_013625,CUST_0415,STR_018,2025-02-05,169.15,Credit Card
TXN_013626,CUST_0206,STR_002,2025-02-15,3067.75,Credit Card
TXN_013627,CUST_0196,STR_019,2025-11-24,276.94,Debit Card
TXN_013628,CUST_0324,STR_002,2025-04-16,1237.07,Credit Card
TXN_013629,CUST_0329,STR_002,2025-01-21,1046.27,Credit Card
TXN_013630,CUST_0294,STR_017,2025-06-21,1232.42,Credit Card
TXN_013631,CUST_0286,STR_004,2025-11-01,17.37,Credit Card
TXN_013632,CUST_0270,STR_011,2025-02-09,178.57,Debit Card
TXN_013633,CUST_0121,STR_012,2025-09-27,388.43,Debit Card
TXN_013634,CUST_0147,STR_004,2025-06-25,233.11,Credit Card
TXN_013635,CUST_0395,STR_012,2025-07-17,2181.96,Credit Card
TXN_013636,CUST_0352,STR_004,2025-02-22,785.33,Digital Wallet
TXN_013637,CUST_0154,STR_003,2025-05-25,63.26,Digital Wallet
TXN_013638,CUST_0162,STR_009,2025-11-06,4291.41,Credit Card
TXN_013639,CUST_0444,STR_007,2025-09-02,1073.36,Cash
TXN_013640,CUST_0228,STR_014,2025-10-11,1554.13,Debit Card
TXN_013641,CUST_0490,STR_011,2025-05-29,75.81,Credit Card
TXN_013642,CUST_0286,STR_012,2025-05-06,756.38,Debit Card
TXN_013643,CUST_0433,STR_011,2025-08-19,2393.58,Credit Card
TXN_013644,CUST_0312,STR_011,2025-01-08,604.08,Credit Card
TXN_013645,CUST_0403,STR_016,2025-02-28,1489.52,Credit Card
TXN_013646,CUST_0031,STR_017,2025-07-20,2409.8,Credit Card
TXN_013647,CUST_0017,STR_014,2025-01-17,2203.66,Credit Card
TXN_013648,CUST_0275,STR_008,2025-07-10,1665.21,Digital Wallet
TXN_013649,CUST_0288,STR_005,2025-04-16,595.15,Digital Wallet
TXN_013650,CUST_0215,STR_007,2025-09-09,11136.21,Digital Wallet
TXN_013651,CUST_0332,STR_017,2025-04-02,1829.73,Digital Wallet
TXN_013652,CUST_0357,STR_010,2025-06-07,755.58,Credit Card
TXN_013653,CUST_0317,STR_009,2025-01-20,846.49,Debit Card
TXN_013654,CUST_0164,STR_009,2025-03-08,27853.28,Credit Card
TXN_013655,CUST_0289,STR_005,2025-01-24,2014.13,Credit Card
TXN_013656,CUST_0386,STR_002,2025-10-22,849.16,Credit Card
TXN_013657,CUST_0245,STR_002,2025-04-30,1089.39,Credit Card
TXN_013658,CUST_0500,STR_008,2025-09-28,743.6,Credit Card
TXN_013659,CUST_0404,STR_006,2025-10-18,1728.06,Credit Card
TXN_013660,CUST_0152,STR_009,2025-11-04,519.15,Credit Card
TXN_013661,CUST_0230,STR_001,2025-01-25,581.79,Credit Card
TXN_013662,CUST_0239,STR_015,2025-02-19,854.53,Digital Wallet
TXN_013663,CUST_0268,STR_020,2025-08-24,628.22,Debit Card
TXN_013664,CUST_0216,STR_013,2025-08-30,2407.63,Debit Card
TXN_013665,CUST_0073,STR_018,2025-03-31,503.05,Credit Card
TXN_013666,CUST_0192,STR_001,2025-07-21,2053.62,Credit Card
TXN_013667,CUST_0069,STR_007,2025-10-09,391.58,Credit Card
TXN_013668,CUST_0208,STR_006,2025-10-13,2568.86,Debit Card
TXN_013669,CUST_0036,STR_011,2025-09-16,1081.16,Digital Wallet
TXN_013670,CUST_0208,STR_015,2025-11-13,1118.31,Credit Card
TXN_013671,CUST_0100,STR_012,2025-11-25,2120.93,Debit Card
TXN_013672,CUST_0185,STR_012,2025-12-15,2007.1,Credit Card
TXN_013673,CUST_0447,STR_006,2025-01-13,63.26,Credit Card
TXN_013674,CUST_0451,STR_017,2025-02-14,538.38,Digital Wallet
TXN_013675,CUST_0245,STR_015,2025-06-22,855.07,Debit Card
TXN_013676,CUST_0164,STR_010,2025-02-07,1948.09,Credit Card
TXN_013677,CUST_0362,STR_007,2025-09-19,1521.24,Debit Card
TXN_013678,CUST_0371,STR_003,2025-07-22,710.39,Credit Card
TXN_013679,CUST_0059,STR_014,2025-08-24,2488.75,Credit Card
TXN_013680,CUST_0275,STR_010,2025-07-23,721.91,Digital Wallet
TXN_013681,CUST_0408,STR_002,2025-10-06,661.28,Credit Card
TXN_013682,CUST_0166,STR_018,2025-04-03,286.73,Credit Card
TXN_013683,CUST_0430,STR_009,2025-03-15,1813.64,Debit Card
TXN_013684,CUST_0144,STR_018,2025-05-10,28.73,Credit Card
TXN_013685,CUST_0041,STR_019,2025-10-09,3250.97,Credit Card
TXN_013686,CUST_0102,STR_009,2025-10-11,1670.2,Digital Wallet
TXN_013687,CUST_0105,STR_014,2025-06-10,7554.97,Credit Card
TXN_013688,CUST_0321,STR_017,2025-01-20,966.43,Credit Card
TXN_013689,CUST_0015,STR_006,2025-02-15,401.0,Debit Card
TXN_013690,CUST_0492,STR_008,2025-11-17,1578.52,Debit Card
TXN_013691,CUST_0027,STR_010,2025-09-25,862.52,Cash
TXN_013692,CUST_0486,STR_013,2025-08-10,3276.35,Debit Card
TXN_013693,CUST_0189,STR_016,2025-01-16,804.71,Digital Wallet
TXN_013694,CUST_0201,STR_007,2025-03-26,103.52,Debit Card
TXN_013695,CUST_0417,STR_017,2025-06-05,99.17,Debit Card
TXN_013696,CUST_0324,STR_006,2025-12-11,258.06,Credit Card
TXN_013697,CUST_0094,STR_013,2025-08-19,166.08,Credit Card
TXN_013698,CUST_0442,STR_001,2025-08-17,1110.1,Digital Wallet
TXN_013699,CUST_0159,STR_002,2025-02-19,621.1,Debit Card
TXN_013700,CUST_0122,STR_020,2025-06-01,179.85,Digital Wallet
TXN_013701,CUST_0448,STR_013,2025-01-10,60.47,Credit Card
TXN_013702,CUST_0470,STR_004,2025-03-20,666.26,Debit Card
TXN_013703,CUST_0371,STR_013,2025-01-05,1274.82,Cash
TXN_013704,CUST_0210,STR_018,2025-07-20,492.11,Debit Card
TXN_013705,CUST_0116,STR_016,2025-08-01,2144.58,Digital Wallet
TXN_013706,CUST_0249,STR_001,2025-01-15,486.11,Credit Card
TXN_013707,CUST_0402,STR_012,2025-09-01,634.53,Digital Wallet
TXN_013708,CUST_0431,STR_006,2025-10-29,1726.09,Digital Wallet
TXN_013709,CUST_0187,STR_016,2025-03-16,529.62,Credit Card
TXN_013710,CUST_0274,STR_005,2025-08-20,524.23,Debit Card
TXN_013711,CUST_0343,STR_010,2025-08-18,179.85,Credit Card
TXN_013712,CUST_0378,STR_001,2025-08-26,2009.2,Debit Card
TXN_013713,CUST_0387,STR_008,2025-10-21,1149.71,Digital Wallet
TXN_013714,CUST_0325,STR_012,2025-07-03,613.63,Credit Card
TXN_013715,CUST_0240,STR_010,2025-12-26,1014.68,Debit Card
TXN_013716,CUST_0360,STR_015,2025-10-26,120.19,Cash
TXN_013717,CUST_0145,STR_004,2025-01-03,112.35,Credit Card
TXN_013718,CUST_0160,STR_007,2025-06-17,546.47,Debit Card
TXN_013719,CUST_0402,STR_020,2025-08-25,63.26,Credit Card
TXN_013720,CUST_0188,STR_006,2025-11-28,30394.14,Debit Card
TXN_013721,CUST_0320,STR_002,2025-02-14,2070.33,Debit Card
TXN_013722,CUST_0283,STR_013,2025-12-16,1267.43,Credit Card
TXN_013723,CUST_0274,STR_011,2025-08-14,2128.12,Credit Card
TXN_013724,CUST_0053,STR_004,2025-04-08,4703.5,Credit Card
TXN_013725,CUST_0002,STR_016,2025-01-02,1567.68,Debit Card
TXN_013726,CUST_0326,STR_006,2025-11-09,169.15,Debit Card
TXN_013727,CUST_0096,STR_002,2025-01-13,48749.08,Credit Card
TXN_013728,CUST_0273,STR_013,2025-07-17,1708.78,Debit Card
TXN_013729,CUST_0024,STR_012,2025-12-22,1041.66,Debit Card
TXN_013730,CUST_0278,STR_013,2025-06-26,1852.09,Debit Card
TXN_013731,CUST_0410,STR_001,2025-02-12,388.43,Credit Card
TXN_013732,CUST_0388,STR_007,2025-01-13,2662.81,Debit Card
TXN_013733,CUST_0420,STR_015,2025-11-16,719.95,Debit Card
TXN_013734,CUST_0476,STR_010,2025-05-29,2214.4,Credit Card
TXN_013735,CUST_0170,STR_017,2025-03-28,1146.87,Debit Card
TXN_013736,CUST_0155,STR_019,2025-06-22,2339.92,Cash
TXN_013737,CUST_0219,STR_016,2025-09-25,936.59,Credit Card
TXN_013738,CUST_0293,STR_003,2025-08-10,205.33,Credit Card
TXN_013739,CUST_0228,STR_005,2025-01-19,4239.41,Cash
TXN_013740,CUST_0360,STR_004,2025-10-25,3024.42,Digital Wallet
TXN_013741,CUST_0287,STR_020,2025-09-05,709.97,Credit Card
TXN_013742,CUST_0395,STR_006,2025-02-13,546.47,Digital Wallet
TXN_013743,CUST_0335,STR_011,2025-11-24,23.16,Credit Card
TXN_013744,CUST_0242,STR_014,2025-05-26,975.54,Digital Wallet
TXN_013745,CUST_0189,STR_018,2025-04-21,442.53,Credit Card
TXN_013746,CUST_0282,STR_007,2025-04-08,786.18,Credit Card
TXN_013747,CUST_0378,STR_018,2025-03-08,104.39,Debit Card
TXN_013748,CUST_0112,STR_009,2025-09-23,520.83,Credit Card
TXN_013749,CUST_0076,STR_002,2025-06-16,850.23,Credit Card
TXN_013750,CUST_0237,STR_012,2025-01-05,44.0,Debit Card
TXN_013751,CUST_0206,STR_018,2025-10-27,655.78,Credit Card
TXN_013752,CUST_0244,STR_015,2025-09-16,595.15,Cash
TXN_013753,CUST_0197,STR_008,2025-03-05,970.46,Credit Card
TXN_013754,CUST_0225,STR_007,2025-03-26,1322.56,Digital Wallet
TXN_013755,CUST_0066,STR_001,2025-07-26,55859.75,Credit Card
TXN_013756,CUST_0177,STR_018,2025-12-28,303.34,Credit Card
TXN_013757,CUST_0400,STR_012,2025-06-02,1909.41,Credit Card
TXN_013758,CUST_0338,STR_015,2025-02-15,600.86,Credit Card
TXN_013759,CUST_0291,STR_002,2025-07-30,1581.92,Credit Card
TXN_013760,CUST_0048,STR_012,2025-02-25,127.3,Cash
TXN_013761,CUST_0346,STR_013,2025-01-21,3140.1,Debit Card
TXN_013762,CUST_0423,STR_011,2025-05-01,2305.69,Digital Wallet
TXN_013763,CUST_0430,STR_016,2025-10-19,1314.51,Credit Card
TXN_013764,CUST_0440,STR_004,2025-06-06,2564.83,Debit Card
TXN_013765,CUST_0303,STR_008,2025-10-14,1599.21,Credit Card
TXN_013766,CUST_0315,STR_012,2025-02-06,1466.58,Credit Card
TXN_013767,CUST_0468,STR_013,2025-08-27,1429.83,Credit Card
TXN_013768,CUST_0103,STR_019,2025-04-09,150.83,Credit Card
TXN_013769,CUST_0491,STR_016,2025-08-17,112.5,Digital Wallet
TXN_013770,CUST_0369,STR_016,2025-01-30,1080.66,Debit Card
TXN_013771,CUST_0471,STR_002,2025-07-26,1267.26,Digital Wallet
TXN_013772,CUST_0382,STR_011,2025-05-03,621.41,Credit Card
TXN_013773,CUST_0011,STR_020,2025-01-05,28.73,Credit Card
TXN_013774,CUST_0141,STR_014,2025-09-04,840.81,Debit Card
TXN_013775,CUST_0349,STR_018,2025-05-02,742.09,Credit Card
TXN_013776,CUST_0421,STR_002,2025-03-12,845.08,Cash
TXN_013777,CUST_0018,STR_003,2025-07-11,993.84,Credit Card
TXN_013778,CUST_0389,STR_009,2025-11-22,210.24,Credit Card
TXN_013779,CUST_0159,STR_017,2025-01-19,2026.75,Debit Card
TXN_013780,CUST_0096,STR_013,2025-03-15,929.14,Credit Card
TXN_013781,CUST_0123,STR_001,2025-03-20,471.53,Credit Card
TXN_013782,CUST_0265,STR_006,2025-02-18,685.81,Cash
TXN_013783,CUST_0455,STR_004,2025-11-08,75.81,Debit Card
TXN_013784,CUST_0175,STR_020,2025-08-25,2179.63,Credit Card
TXN_013785,CUST_0019,STR_007,2025-01-11,563.53,Credit Card
TXN_013786,CUST_0402,STR_019,2025-08-06,690.11,Credit Card
TXN_013787,CUST_0142,STR_001,2025-01-14,196.47,Cash
TXN_013788,CUST_0372,STR_012,2025-03-08,960.34,Digital Wallet
TXN_013789,CUST_0185,STR_020,2025-07-22,150.0,Debit Card
TXN_013790,CUST_0318,STR_004,2025-03-09,1317.16,Credit Card
TXN_013791,CUST_0274,STR_011,2025-12-13,1524.91,Credit Card
TXN_013792,CUST_0306,STR_005,2025-04-11,349.59,Credit Card
TXN_013793,CUST_0272,STR_003,2025-07-18,600.34,Credit Card
TXN_013794,CUST_0477,STR_011,2025-03-24,493.65,Debit Card
TXN_013795,CUST_0282,STR_009,2025-04-15,1368.01,Debit Card
TXN_013796,CUST_0440,STR_005,2025-02-14,209.72,Credit Card
TXN_013797,CUST_0143,STR_001,2025-11-01,3999.69,Credit Card
TXN_013798,CUST_0326,STR_015,2025-02-06,2043.13,Cash
TXN_013799,CUST_0494,STR_019,2025-06-05,1155.02,Credit Card
TXN_013800,CUST_0350,STR_008,2025-10-24,1920.3,Debit Card
TXN_013801,CUST_0298,STR_010,2025-10-11,254.6,Credit Card
TXN_013802,CUST_0078,STR_002,2025-04-24,1184.05,Credit Card
TXN_013803,CUST_0398,STR_007,2025-02-25,300.0,Digital Wallet
TXN_013804,CUST_0349,STR_004,2025-11-13,1215.56,Credit Card
TXN_013805,CUST_0491,STR_001,2025-05-07,470.35,Credit Card
TXN_013806,CUST_0234,STR_011,2025-11-29,2373.77,Credit Card
TXN_013807,CUST_0277,STR_014,2025-10-04,1611.01,Digital Wallet
TXN_013808,CUST_0216,STR_015,2025-12-03,1355.41,Credit Card
TXN_013809,CUST_0164,STR_009,2025-07-26,1513.34,Credit Card
TXN_013810,CUST_0007,STR_010,2025-12-31,63.26,Credit Card
TXN_013811,CUST_0343,STR_002,2025-02-26,2105.74,Credit Card
TXN_013812,CUST_0114,STR_016,2025-07-05,359.7,Debit Card
TXN_013813,CUST_0307,STR_017,2025-11-17,573.88,Credit Card
TXN_013814,CUST_0085,STR_012,2025-03-27,2044.6,Credit Card
TXN_013815,CUST_0471,STR_014,2025-10-02,150.0,Credit Card
TXN_013816,CUST_0090,STR_020,2025-06-24,981.18,Digital Wallet
TXN_013817,CUST_0311,STR_014,2025-05-31,510.18,Credit Card
TXN_013818,CUST_0467,STR_020,2025-09-11,256.48,Digital Wallet
TXN_013819,CUST_0131,STR_020,2025-06-01,1476.92,Credit Card
TXN_013820,CUST_0359,STR_017,2025-03-25,442.53,Credit Card
TXN_013821,CUST_0035,STR_015,2025-01-28,544.79,Digital Wallet
TXN_013822,CUST_0361,STR_004,2025-06-09,2371.54,Credit Card
TXN_013823,CUST_0013,STR_005,2025-04-05,1978.82,Cash
TXN_013824,CUST_0318,STR_002,2025-02-10,425.81,Debit Card
TXN_013825,CUST_0341,STR_001,2025-11-18,1985.63,Credit Card
TXN_013826,CUST_0246,STR_013,2025-11-15,912.75,Debit Card
TXN_013827,CUST_0420,STR_005,2025-11-27,2116.94,Digital Wallet
TXN_013828,CUST_0111,STR_002,2025-03-11,1021.48,Cash
TXN_013829,CUST_0105,STR_015,2025-07-08,121.79,Credit Card
TXN_013830,CUST_0357,STR_013,2025-04-02,276.94,Digital Wallet
TXN_013831,CUST_0034,STR_002,2025-08-01,442.53,Debit Card
TXN_013832,CUST_0385,STR_010,2025-03-17,515.6,Credit Card
TXN_013833,CUST_0211,STR_016,2025-02-28,1493.54,Debit Card
TXN_013834,CUST_0156,STR_001,2025-01-02,612.88,Debit Card
TXN_013835,CUST_0143,STR_007,2025-11-24,518.81,Digital Wallet
TXN_013836,CUST_0063,STR_011,2025-08-23,2636.68,Debit Card
TXN_013837,CUST_0443,STR_001,2025-08-08,60.47,Credit Card
TXN_013838,CUST_0045,STR_019,2025-03-27,3877.96,Credit Card
TXN_013839,CUST_0234,STR_008,2025-01-17,196.42,Debit Card
TXN_013840,CUST_0481,STR_009,2025-10-03,286.73,Credit Card
TXN_013841,CUST_0226,STR_005,2025-02-04,1615.14,Credit Card
TXN_013842,CUST_0200,STR_011,2025-04-15,1330.31,Credit Card
TXN_013843,CUST_0099,STR_019,2025-11-10,104.39,Digital Wallet
TXN_013844,CUST_0167,STR_004,2025-12-08,830.82,Digital Wallet
TXN_013845,CUST_0165,STR_008,2025-10-05,16621.53,Credit Card
TXN_013846,CUST_0032,STR_019,2025-12-01,732.67,Digital Wallet
TXN_013847,CUST_0447,STR_010,2025-01-09,445.44,Digital Wallet
TXN_013848,CUST_0268,STR_005,2025-04-03,3891.58,Digital Wallet
TXN_013849,CUST_0099,STR_007,2025-11-10,3602.49,Credit Card
TXN_013850,CUST_0391,STR_016,2025-09-04,1594.98,Cash
TXN_013851,CUST_0387,STR_011,2025-10-27,205.33,Digital Wallet
TXN_013852,CUST_0486,STR_016,2025-06-29,1652.18,Credit Card
TXN_013853,CUST_0077,STR_019,2025-05-19,422.1,Credit Card
TXN_013854,CUST_0094,STR_014,2025-02-21,724.24,Credit Card
TXN_013855,CUST_0111,STR_011,2025-01-04,597.89,Credit Card
TXN_013856,CUST_0299,STR_010,2025-01-30,178.57,Debit Card
TXN_013857,CUST_0037,STR_002,2025-12-28,918.32,Credit Card
TXN_013858,CUST_0102,STR_011,2025-09-23,923.35,Credit Card
TXN_013859,CUST_0179,STR_004,2025-04-30,899.94,Credit Card
TXN_013860,CUST_0433,STR_003,2025-09-06,337.61,Debit Card
TXN_013861,CUST_0488,STR_006,2025-12-11,150.0,Debit Card
TXN_013862,CUST_0359,STR_010,2025-09-03,5618.1,Credit Card
TXN_013863,CUST_0203,STR_005,2025-01-04,186.13,Credit Card
TXN_013864,CUST_0348,STR_013,2025-09-14,1052.1,Debit Card
TXN_013865,CUST_0389,STR_013,2025-05-26,573.88,Credit Card
TXN_013866,CUST_0035,STR_017,2025-03-14,8426.3,Debit Card
TXN_013867,CUST_0326,STR_010,2025-09-02,2897.68,Credit Card
TXN_013868,CUST_0035,STR_005,2025-05-23,1512.3,Credit Card
TXN_013869,CUST_0484,STR_002,2025-12-31,121.79,Cash
TXN_013870,CUST_0390,STR_005,2025-08-29,2197.1,Credit Card
TXN_013871,CUST_0072,STR_017,2025-12-10,369.01,Credit Card
TXN_013872,CUST_0251,STR_016,2025-07-01,1103.64,Credit Card
TXN_013873,CUST_0246,STR_016,2025-02-10,897.61,Credit Card
TXN_013874,CUST_0259,STR_002,2025-12-25,142.5,Digital Wallet
TXN_013875,CUST_0480,STR_005,2025-04-18,3137.51,Credit Card
TXN_013876,CUST_0489,STR_009,2025-09-06,326.43,Credit Card
TXN_013877,CUST_0465,STR_006,2025-02-19,1040.18,Credit Card
TXN_013878,CUST_0093,STR_007,2025-10-15,9266.28,Debit Card
TXN_013879,CUST_0122,STR_017,2025-01-06,870.2,Credit Card
TXN_013880,CUST_0022,STR_001,2025-04-05,1030.7,Credit Card
TXN_013881,CUST_0280,STR_017,2025-08-30,1062.43,Digital Wallet
TXN_013882,CUST_0436,STR_019,2025-10-08,524.71,Credit Card
TXN_013883,CUST_0449,STR_020,2025-08-09,1413.08,Digital Wallet
TXN_013884,CUST_0396,STR_012,2025-03-01,824.72,Digital Wallet
TXN_013885,CUST_0116,STR_015,2025-03-05,60.96,Digital Wallet
TXN_013886,CUST_0276,STR_003,2025-10-25,804.71,Credit Card
TXN_013887,CUST_0105,STR_014,2025-06-01,854.39,Credit Card
TXN_013888,CUST_0288,STR_005,2025-02-10,621.62,Credit Card
TXN_013889,CUST_0094,STR_002,2025-10-22,434.34,Credit Card
TXN_013890,CUST_0447,STR_017,2025-06-16,1288.24,Debit Card
TXN_013891,CUST_0047,STR_020,2025-03-02,235.66,Debit Card
TXN_013892,CUST_0296,STR_019,2025-07-26,710.76,Credit Card
TXN_013893,CUST_0169,STR_010,2025-08-25,1416.74,Credit Card
TXN_013894,CUST_0408,STR_010,2025-06-07,242.64,Credit Card
TXN_013895,CUST_0433,STR_019,2025-09-22,268.84,Credit Card
TXN_013896,CUST_0096,STR_020,2025-06-15,573.46,Credit Card
TXN_013897,CUST_0494,STR_014,2025-12-08,958.33,Debit Card
TXN_013898,CUST_0451,STR_012,2025-02-13,1221.96,Credit Card
TXN_013899,CUST_0305,STR_015,2025-03-18,93.3,Credit Card
TXN_013900,CUST_0300,STR_005,2025-09-25,668.22,Debit Card
TXN_013901,CUST_0105,STR_018,2025-08-22,524.28,Credit Card
TXN_013902,CUST_0188,STR_020,2025-01-06,442.53,Digital Wallet
TXN_013903,CUST_0333,STR_012,2025-10-12,98.06,Credit Card
TXN_013904,CUST_0258,STR_008,2025-04-12,1653.12,Cash
TXN_013905,CUST_0105,STR_009,2025-01-18,678.59,Credit Card
TXN_013906,CUST_0111,STR_018,2025-07-29,565.9,Debit Card
TXN_013907,CUST_0102,STR_002,2025-02-21,313.12,Digital Wallet
TXN_013908,CUST_0139,STR_012,2025-02-19,470.35,Debit Card
TXN_013909,CUST_0411,STR_017,2025-03-20,235.42,Credit Card
TXN_013910,CUST_0046,STR_020,2025-07-20,199.0,Credit Card
TXN_013911,CUST_0356,STR_019,2025-01-13,206.74,Cash
TXN_013912,CUST_0276,STR_015,2025-10-15,466.1,Debit Card
TXN_013913,CUST_0201,STR_006,2025-09-30,472.52,Digital Wallet
TXN_013914,CUST_0395,STR_001,2025-07-02,565.35,Cash
TXN_013915,CUST_0410,STR_015,2025-05-05,475.94,Cash
TXN_013916,CUST_0014,STR_003,2025-07-19,106.31,Credit Card
TXN_013917,CUST_0139,STR_002,2025-12-22,189.05,Digital Wallet
TXN_013918,CUST_0048,STR_017,2025-05-30,1094.11,Credit Card
TXN_013919,CUST_0425,STR_012,2025-09-19,1064.3,Credit Card
TXN_013920,CUST_0488,STR_004,2025-10-04,793.45,Credit Card
TXN_013921,CUST_0154,STR_020,2025-06-06,92.9,Credit Card
TXN_013922,CUST_0357,STR_007,2025-05-13,745.89,Credit Card
TXN_013923,CUST_0370,STR_005,2025-03-06,181.86,Credit Card
TXN_013924,CUST_0348,STR_015,2025-08-05,640.79,Digital Wallet
TXN_013925,CUST_0348,STR_001,2025-10-19,349.59,Credit Card
TXN_013926,CUST_0379,STR_009,2025-04-07,645.02,Debit Card
TXN_013927,CUST_0179,STR_012,2025-12-18,1884.51,Credit Card
TXN_013928,CUST_0381,STR_018,2025-02-22,2834.3,Debit Card
TXN_013929,CUST_0038,STR_019,2025-03-07,1897.44,Digital Wallet
TXN_013930,CUST_0270,STR_018,2025-09-26,789.83,Cash
TXN_013931,CUST_0012,STR_007,2025-01-31,2530.95,Credit Card
TXN_013932,CUST_0183,STR_008,2025-10-31,600.0,Debit Card
TXN_013933,CUST_0083,STR_007,2025-10-03,2035.21,Credit Card
TXN_013934,CUST_0365,STR_013,2025-09-27,600.86,Debit Card
TXN_013935,CUST_0182,STR_018,2025-04-23,524.05,Credit Card
TXN_013936,CUST_0451,STR_016,2025-04-06,995.72,Debit Card
TXN_013937,CUST_0365,STR_001,2025-09-29,784.74,Debit Card
TXN_013938,CUST_0413,STR_009,2025-08-07,729.61,Debit Card
TXN_013939,CUST_0285,STR_010,2025-12-16,2099.8,Cash
TXN_013940,CUST_0423,STR_019,2025-07-13,551.09,Credit Card
TXN_013941,CUST_0390,STR_007,2025-11-29,362.7,Credit Card
TXN_013942,CUST_0163,STR_008,2025-03-21,5971.34,Cash
TXN_013943,CUST_0481,STR_001,2025-05-31,334.73,Debit Card
TXN_013944,CUST_0399,STR_004,2025-12-18,851.06,Credit Card
TXN_013945,CUST_0074,STR_004,2025-06-25,998.47,Credit Card
TXN_013946,CUST_0117,STR_003,2025-06-12,842.63,Credit Card
TXN_013947,CUST_0031,STR_015,2025-11-02,494.79,Credit Card
TXN_013948,CUST_0173,STR_003,2025-03-19,210.24,Credit Card
TXN_013949,CUST_0444,STR_007,2025-06-12,948.19,Credit Card
TXN_013950,CUST_0354,STR_015,2025-05-06,1282.16,Credit Card
TXN_013951,CUST_0048,STR_006,2025-01-10,2123.5,Debit Card
TXN_013952,CUST_0398,STR_017,2025-12-21,524.28,Debit Card
TXN_013953,CUST_0367,STR_019,2025-07-25,1655.46,Credit Card
TXN_013954,CUST_0204,STR_006,2025-08-19,899.94,Cash
TXN_013955,CUST_0086,STR_003,2025-03-02,1654.47,Digital Wallet
TXN_013956,CUST_0422,STR_018,2025-02-13,1210.96,Debit Card
TXN_013957,CUST_0273,STR_012,2025-08-19,54.1,Credit Card
TXN_013958,CUST_0123,STR_001,2025-08-19,1099.17,Digital Wallet
TXN_013959,CUST_0142,STR_005,2025-08-06,1284.09,Debit Card
TXN_013960,CUST_0152,STR_006,2025-04-10,6612.8,Credit Card
TXN_013961,CUST_0498,STR_005,2025-10-11,290.73,Credit Card
TXN_013962,CUST_0359,STR_016,2025-09-28,813.74,Credit Card
TXN_013963,CUST_0470,STR_003,2025-03-27,2898.9,Digital Wallet
TXN_013964,CUST_0378,STR_020,2025-03-25,1924.45,Debit Card
TXN_013965,CUST_0092,STR_015,2025-12-07,518.65,Credit Card
TXN_013966,CUST_0336,STR_016,2025-08-22,714.39,Debit Card
TXN_013967,CUST_0087,STR_005,2025-06-26,1988.02,Credit Card
TXN_013968,CUST_0146,STR_002,2025-05-27,1235.27,Debit Card
TXN_013969,CUST_0223,STR_004,2025-09-21,184.8,Debit Card
TXN_013970,CUST_0107,STR_009,2025-02-19,2378.82,Credit Card
TXN_013971,CUST_0034,STR_014,2025-04-20,791.07,Credit Card
TXN_013972,CUST_0041,STR_016,2025-07-07,980.55,Digital Wallet
TXN_013973,CUST_0072,STR_011,2025-11-21,3287.62,Cash
TXN_013974,CUST_0274,STR_012,2025-06-20,2105.66,Credit Card
TXN_013975,CUST_0079,STR_012,2025-10-10,3746.43,Credit Card
TXN_013976,CUST_0305,STR_014,2025-10-02,872.25,Debit Card
TXN_013977,CUST_0497,STR_017,2025-04-25,1129.76,Credit Card
TXN_013978,CUST_0435,STR_019,2025-11-05,269.98,Credit Card
TXN_013979,CUST_0170,STR_017,2025-06-03,1168.68,Digital Wallet
TXN_013980,CUST_0236,STR_018,2025-04-14,524.28,Cash
TXN_013981,CUST_0470,STR_008,2025-10-18,1686.47,Credit Card
TXN_013982,CUST_0399,STR_002,2025-03-07,1411.88,Credit Card
TXN_013983,CUST_0343,STR_006,2025-08-10,3904.44,Digital Wallet
TXN_013984,CUST_0145,STR_011,2025-01-23,548.5,Credit Card
TXN_013985,CUST_0447,STR_016,2025-12-18,2204.16,Credit Card
TXN_013986,CUST_0116,STR_010,2025-04-04,470.35,Credit Card
TXN_013987,CUST_0379,STR_011,2025-09-23,339.28,Debit Card
TXN_013988,CUST_0249,STR_016,2025-11-20,490.13,Debit Card
TXN_013989,CUST_0047,STR_008,2025-09-05,2591.15,Credit Card
TXN_013990,CUST_0439,STR_017,2025-01-18,2345.25,Credit Card
TXN_013991,CUST_0149,STR_006,2025-01-01,885.06,Debit Card
TXN_013992,CUST_0415,STR_001,2025-01-25,196.4,Credit Card
TXN_013993,CUST_0185,STR_002,2025-04-05,2314.21,Digital Wallet
TXN_013994,CUST_0431,STR_018,2025-05-16,466.1,Debit Card
TXN_013995,CUST_0444,STR_002,2025-01-11,1064.65,Debit Card
TXN_013996,CUST_0082,STR_012,2025-09-18,1594.9,Credit Card
TXN_013997,CUST_0394,STR_019,2025-03-01,5213.46,Credit Card
TXN_013998,CUST_0239,STR_011,2025-11-14,1546.11,Debit Card
TXN_013999,CUST_0312,STR_018,2025-03-18,1516.68,Credit Card
TXN_014000,CUST_0122,STR_001,2025-05-29,412.36,Credit Card
TXN_014001,CUST_0499,STR_014,2025-08-04,210.24,Debit Card
TXN_014002,CUST_0066,STR_013,2025-09-13,75.81,Credit Card
TXN_014003,CUST_0258,STR_012,2025-08-30,811.67,Credit Card
TXN_014004,CUST_0489,STR_010,2025-10-01,751.54,Credit Card
TXN_014005,CUST_0054,STR_004,2025-10-11,510.18,Credit Card
TXN_014006,CUST_0191,STR_013,2025-07-13,1342.23,Debit Card
TXN_014007,CUST_0315,STR_019,2025-03-17,28.73,Credit Card
TXN_014008,CUST_0491,STR_007,2025-06-02,1937.91,Credit Card
TXN_014009,CUST_0007,STR_008,2025-01-14,813.74,Debit Card
TXN_014010,CUST_0402,STR_009,2025-08-12,481.03,Debit Card
TXN_014011,CUST_0086,STR_015,2025-06-05,1903.92,Credit Card
TXN_014012,CUST_0131,STR_014,2025-01-11,2066.21,Cash
TXN_014013,CUST_0085,STR_005,2025-05-26,604.08,Digital Wallet
TXN_014014,CUST_0186,STR_013,2025-09-02,235.66,Digital Wallet
TXN_014015,CUST_0275,STR_013,2025-11-02,1995.27,Credit Card
TXN_014016,CUST_0444,STR_018,2025-12-04,1412.39,Credit Card
TXN_014017,CUST_0293,STR_003,2025-07-01,565.98,Cash
TXN_014018,CUST_0326,STR_002,2025-06-24,632.48,Credit Card
TXN_014019,CUST_0296,STR_014,2025-02-04,666.59,Credit Card
TXN_014020,CUST_0008,STR_001,2025-01-06,1305.72,Digital Wallet
TXN_014021,CUST_0302,STR_019,2025-06-08,3562.46,Credit Card
TXN_014022,CUST_0102,STR_007,2025-10-03,559.06,Credit Card
TXN_014023,CUST_0001,STR_019,2025-09-20,764.79,Debit Card
TXN_014024,CUST_0156,STR_003,2025-03-06,190.95,Credit Card
TXN_014025,CUST_0111,STR_002,2025-02-28,2356.6,Debit Card
TXN_014026,CUST_0396,STR_006,2025-04-10,326.89,Debit Card
TXN_014027,CUST_0262,STR_009,2025-05-04,770.46,Digital Wallet
TXN_014028,CUST_0136,STR_016,2025-10-10,2286.72,Credit Card
TXN_014029,CUST_0405,STR_001,2025-11-29,684.54,Credit Card
TXN_014030,CUST_0291,STR_013,2025-03-19,103.22,Debit Card
TXN_014031,CUST_0438,STR_018,2025-07-27,932.25,Credit Card
TXN_014032,CUST_0409,STR_004,2025-01-10,2017.98,Debit Card
TXN_014033,CUST_0293,STR_007,2025-07-06,2390.95,Credit Card
TXN_014034,CUST_0332,STR_012,2025-01-31,600.86,Debit Card
TXN_014035,CUST_0291,STR_008,2025-01-19,238.21,Debit Card
TXN_014036,CUST_0335,STR_009,2025-01-29,1377.49,Digital Wallet
TXN_014037,CUST_0277,STR_001,2025-09-14,103.22,Credit Card
TXN_014038,CUST_0087,STR_008,2025-06-23,1988.45,Credit Card
TXN_014039,CUST_0325,STR_014,2025-09-23,2405.41,Debit Card
TXN_014040,CUST_0341,STR_011,2025-09-01,6908.4,Credit Card
TXN_014041,CUST_0183,STR_001,2025-10-05,495.02,Cash
TXN_014042,CUST_0380,STR_015,2025-08-02,1655.46,Debit Card
TXN_014043,CUST_0451,STR_001,2025-04-06,683.68,Credit Card
TXN_014044,CUST_0237,STR_011,2025-09-24,1729.38,Credit Card
TXN_014045,CUST_0235,STR_018,2025-01-07,948.34,Digital Wallet
TXN_014046,CUST_0490,STR_009,2025-08-22,546.47,Digital Wallet
TXN_014047,CUST_0080,STR_018,2025-04-18,2290.78,Cash
TXN_014048,CUST_0465,STR_018,2025-07-19,1252.48,Debit Card
TXN_014049,CUST_0129,STR_019,2025-02-23,133.0,Digital Wallet
TXN_014050,CUST_0342,STR_002,2025-03-05,306.03,Debit Card
TXN_014051,CUST_0420,STR_020,2025-02-04,197.23,Credit Card
TXN_014052,CUST_0382,STR_003,2025-10-11,1752.62,Credit Card
TXN_014053,CUST_0015,STR_004,2025-05-24,1460.95,Credit Card
TXN_014054,CUST_0277,STR_009,2025-02-24,1140.64,Credit Card
TXN_014055,CUST_0220,STR_017,2025-08-03,44.0,Credit Card
TXN_014056,CUST_0335,STR_002,2025-02-20,75.81,Credit Card
TXN_014057,CUST_0249,STR_013,2025-07-16,1035.18,Debit Card
TXN_014058,CUST_0367,STR_015,2025-04-30,206.81,Credit Card
TXN_014059,CUST_0246,STR_015,2025-12-08,1378.44,Credit Card
TXN_014060,CUST_0147,STR_009,2025-03-21,1127.93,Debit Card
TXN_014061,CUST_0433,STR_008,2025-08-13,1103.88,Debit Card
TXN_014062,CUST_0100,STR_015,2025-08-15,1259.23,Debit Card
TXN_014063,CUST_0267,STR_010,2025-05-05,282.99,Credit Card
TXN_014064,CUST_0211,STR_013,2025-06-27,6420.13,Cash
TXN_014065,CUST_0460,STR_016,2025-08-29,6233.36,Digital Wallet
TXN_014066,CUST_0282,STR_006,2025-10-10,2233.35,Credit Card
TXN_014067,CUST_0244,STR_020,2025-11-22,561.81,Credit Card
TXN_014068,CUST_0159,STR_018,2025-08-08,476.25,Credit Card
TXN_014069,CUST_0298,STR_013,2025-10-09,945.04,Debit Card
TXN_014070,CUST_0450,STR_015,2025-10-10,544.82,Digital Wallet
TXN_014071,CUST_0390,STR_002,2025-10-28,2305.84,Credit Card
TXN_014072,CUST_0222,STR_019,2025-07-26,112.35,Credit Card
TXN_014073,CUST_0036,STR_013,2025-01-26,1915.61,Debit Card
TXN_014074,CUST_0465,STR_019,2025-05-10,1109.92,Cash
TXN_014075,CUST_0231,STR_001,2025-12-17,5262.83,Credit Card
TXN_014076,CUST_0338,STR_013,2025-11-07,820.19,Digital Wallet
TXN_014077,CUST_0333,STR_009,2025-11-17,2933.9,Credit Card
TXN_014078,CUST_0160,STR_008,2025-07-18,3384.35,Credit Card
TXN_014079,CUST_0176,STR_006,2025-07-05,493.6,Cash
TXN_014080,CUST_0316,STR_008,2025-04-14,54.54,Debit Card
TXN_014081,CUST_0219,STR_014,2025-07-10,546.47,Credit Card
TXN_014082,CUST_0291,STR_002,2025-02-26,836.33,Digital Wallet
TXN_014083,CUST_0216,STR_015,2025-02-25,596.76,Digital Wallet
TXN_014084,CUST_0459,STR_003,2025-07-02,292.86,Credit Card
TXN_014085,CUST_0433,STR_010,2025-06-26,28.73,Credit Card
TXN_014086,CUST_0114,STR_014,2025-08-31,1185.78,Credit Card
TXN_014087,CUST_0320,STR_007,2025-07-27,1048.1,Debit Card
TXN_014088,CUST_0084,STR_005,2025-05-23,661.46,Cash
TXN_014089,CUST_0060,STR_019,2025-04-14,297.46,Debit Card
TXN_014090,CUST_0093,STR_011,2025-12-21,46.32,Credit Card
TXN_014091,CUST_0152,STR_005,2025-01-16,650.73,Digital Wallet
TXN_014092,CUST_0466,STR_016,2025-10-15,2472.1,Debit Card
TXN_014093,CUST_0290,STR_001,2025-07-06,2271.73,Credit Card
TXN_014094,CUST_0019,STR_020,2025-07-15,281.62,Digital Wallet
TXN_014095,CUST_0063,STR_012,2025-03-18,1443.82,Credit Card
TXN_014096,CUST_0254,STR_008,2025-04-26,486.52,Debit Card
TXN_014097,CUST_0341,STR_003,2025-11-22,290.73,Credit Card
TXN_014098,CUST_0033,STR_018,2025-03-15,583.18,Credit Card
TXN_014099,CUST_0274,STR_005,2025-08-15,587.08,Debit Card
TXN_014100,CUST_0130,STR_015,2025-03-26,2283.04,Debit Card
TXN_014101,CUST_0261,STR_009,2025-02-01,1286.82,Credit Card
TXN_014102,CUST_0126,STR_010,2025-06-07,1308.68,Credit Card
TXN_014103,CUST_0320,STR_010,2025-10-01,526.49,Digital Wallet
TXN_014104,CUST_0016,STR_011,2025-02-05,3322.85,Credit Card
TXN_014105,CUST_0102,STR_018,2025-10-16,163.67,Credit Card
TXN_014106,CUST_0302,STR_002,2025-03-02,993.28,Credit Card
TXN_014107,CUST_0330,STR_016,2025-01-14,987.23,Credit Card
TXN_014108,CUST_0223,STR_020,2025-09-18,1298.22,Credit Card
TXN_014109,CUST_0025,STR_004,2025-02-14,1039.16,Cash
TXN_014110,CUST_0296,STR_006,2025-09-19,513.88,Debit Card
TXN_014111,CUST_0099,STR_007,2025-07-02,583.18,Credit Card
TXN_014112,CUST_0280,STR_015,2025-07-15,221.42,Credit Card
TXN_014113,CUST_0404,STR_018,2025-08-06,22151.88,Credit Card
TXN_014114,CUST_0086,STR_016,2025-03-17,854.39,Debit Card
TXN_014115,CUST_0442,STR_015,2025-08-22,481.03,Credit Card
TXN_014116,CUST_0023,STR_007,2025-11-24,177.45,Debit Card
TXN_014117,CUST_0077,STR_009,2025-11-28,3438.84,Debit Card
TXN_014118,CUST_0162,STR_016,2025-11-29,1869.41,Cash
TXN_014119,CUST_0120,STR_018,2025-09-05,179.1,Credit Card
TXN_014120,CUST_0367,STR_011,2025-08-13,150.0,Credit Card
TXN_014121,CUST_0168,STR_017,2025-04-13,891.28,Debit Card
TXN_014122,CUST_0473,STR_008,2025-12-21,1928.6,Credit Card
TXN_014123,CUST_0275,STR_016,2025-06-17,519.58,Digital Wallet
TXN_014124,CUST_0364,STR_018,2025-01-02,613.87,Credit Card
TXN_014125,CUST_0022,STR_014,2025-07-24,2952.39,Debit Card
TXN_014126,CUST_0283,STR_018,2025-07-14,1125.86,Digital Wallet
TXN_014127,CUST_0051,STR_002,2025-10-18,1501.2,Credit Card
TXN_014128,CUST_0405,STR_001,2025-01-13,626.68,Digital Wallet
TXN_014129,CUST_0220,STR_003,2025-07-31,805.41,Credit Card
TXN_014130,CUST_0486,STR_018,2025-02-09,603.53,Credit Card
TXN_014131,CUST_0370,STR_018,2025-04-11,261.58,Debit Card
TXN_014132,CUST_0133,STR_011,2025-03-01,655.78,Credit Card
TXN_014133,CUST_0453,STR_004,2025-02-20,1854.46,Credit Card
TXN_014134,CUST_0232,STR_015,2025-08-13,893.75,Cash
TXN_014135,CUST_0266,STR_006,2025-11-02,1627.48,Debit Card
TXN_014136,CUST_0492,STR_004,2025-06-25,528.08,Digital Wallet
TXN_014137,CUST_0204,STR_013,2025-06-11,778.78,Credit Card
TXN_014138,CUST_0242,STR_002,2025-05-04,64341.02,Debit Card
TXN_014139,CUST_0460,STR_002,2025-10-25,1615.14,Credit Card
TXN_014140,CUST_0383,STR_012,2025-12-10,1711.6,Digital Wallet
TXN_014141,CUST_0106,STR_018,2025-04-25,204.17,Digital Wallet
TXN_014142,CUST_0434,STR_007,2025-03-30,1081.16,Cash
TXN_014143,CUST_0460,STR_018,2025-07-22,947.57,Debit Card
TXN_014144,CUST_0035,STR_018,2025-08-04,1690.25,Credit Card
TXN_014145,CUST_0034,STR_015,2025-08-29,1927.06,Debit Card
TXN_014146,CUST_0349,STR_016,2025-09-24,178.57,Credit Card
TXN_014147,CUST_0045,STR_004,2025-12-28,1292.84,Digital Wallet
TXN_014148,CUST_0225,STR_019,2025-09-17,313.12,Credit Card
TXN_014149,CUST_0445,STR_008,2025-10-25,195.06,Credit Card
TXN_014150,CUST_0340,STR_010,2025-12-25,422.19,Credit Card
TXN_014151,CUST_0052,STR_003,2025-01-22,1948.34,Credit Card
TXN_014152,CUST_0329,STR_017,2025-11-09,199.0,Credit Card
TXN_014153,CUST_0231,STR_020,2025-05-09,372.32,Debit Card
TXN_014154,CUST_0027,STR_001,2025-08-30,1685.43,Credit Card
TXN_014155,CUST_0214,STR_018,2025-10-19,1642.91,Credit Card
TXN_014156,CUST_0087,STR_006,2025-04-25,638.81,Credit Card
TXN_014157,CUST_0296,STR_015,2025-10-18,2322.64,Credit Card
TXN_014158,CUST_0446,STR_001,2025-09-06,1335.68,Credit Card
TXN_014159,CUST_0324,STR_010,2025-11-15,3055.17,Digital Wallet
TXN_014160,CUST_0469,STR_007,2025-05-28,990.04,Credit Card
TXN_014161,CUST_0153,STR_007,2025-07-01,375.77,Cash
TXN_014162,CUST_0282,STR_010,2025-09-05,1343.97,Credit Card
TXN_014163,CUST_0244,STR_007,2025-01-22,529.62,Digital Wallet
TXN_014164,CUST_0223,STR_015,2025-02-20,209.72,Credit Card
TXN_014165,CUST_0057,STR_019,2025-10-30,654.34,Debit Card
TXN_014166,CUST_0233,STR_005,2025-11-16,1597.99,Digital Wallet
TXN_014167,CUST_0294,STR_011,2025-11-29,382.5,Credit Card
TXN_014168,CUST_0045,STR_020,2025-05-16,684.54,Digital Wallet
TXN_014169,CUST_0048,STR_017,2025-05-14,537.68,Credit Card
TXN_014170,CUST_0364,STR_011,2025-04-12,1206.12,Credit Card
TXN_014171,CUST_0484,STR_014,2025-02-24,2329.86,Credit Card
TXN_014172,CUST_0371,STR_017,2025-07-05,846.49,Credit Card
TXN_014173,CUST_0460,STR_013,2025-09-17,921.94,Digital Wallet
TXN_014174,CUST_0239,STR_002,2025-05-19,1010.56,Debit Card
TXN_014175,CUST_0359,STR_012,2025-08-30,497.85,Debit Card
TXN_014176,CUST_0262,STR_002,2025-01-28,1711.28,Digital Wallet
TXN_014177,CUST_0121,STR_001,2025-10-25,1224.28,Digital Wallet
TXN_014178,CUST_0406,STR_019,2025-03-03,292.86,Debit Card
TXN_014179,CUST_0162,STR_009,2025-02-18,846.47,Credit Card
TXN_014180,CUST_0391,STR_018,2025-12-10,1501.11,Debit Card
TXN_014181,CUST_0228,STR_013,2025-01-03,540.58,Credit Card
TXN_014182,CUST_0236,STR_014,2025-12-27,466.1,Credit Card
TXN_014183,CUST_0119,STR_014,2025-04-08,363.72,Credit Card
TXN_014184,CUST_0094,STR_008,2025-08-23,589.41,Digital Wallet
TXN_014185,CUST_0396,STR_001,2025-04-27,1621.66,Debit Card
TXN_014186,CUST_0080,STR_020,2025-06-26,202.23,Credit Card
TXN_014187,CUST_0300,STR_013,2025-05-03,4861.1,Credit Card
TXN_014188,CUST_0321,STR_018,2025-11-13,1103.64,Debit Card
TXN_014189,CUST_0370,STR_003,2025-06-22,1006.13,Credit Card
TXN_014190,CUST_0127,STR_017,2025-05-23,1511.72,Debit Card
TXN_014191,CUST_0020,STR_005,2025-09-04,1169.06,Credit Card
TXN_014192,CUST_0106,STR_015,2025-05-14,2874.62,Credit Card
TXN_014193,CUST_0335,STR_008,2025-07-15,1544.96,Credit Card
TXN_014194,CUST_0101,STR_017,2025-05-08,621.1,Credit Card
TXN_014195,CUST_0139,STR_019,2025-11-23,28.73,Credit Card
TXN_014196,CUST_0194,STR_015,2025-01-29,911.52,Credit Card
TXN_014197,CUST_0360,STR_001,2025-11-30,4131.94,Digital Wallet
TXN_014198,CUST_0009,STR_015,2025-06-18,446.83,Credit Card
TXN_014199,CUST_0099,STR_015,2025-12-03,1337.65,Credit Card
TXN_014200,CUST_0130,STR_006,2025-05-29,1138.46,Debit Card
TXN_014201,CUST_0279,STR_018,2025-12-25,10738.11,Debit Card
TXN_014202,CUST_0072,STR_001,2025-02-17,573.46,Credit Card
TXN_014203,CUST_0463,STR_007,2025-01-24,872.25,Credit Card
TXN_014204,CUST_0075,STR_003,2025-02-22,2243.98,Credit Card
TXN_014205,CUST_0351,STR_017,2025-07-06,520.83,Debit Card
TXN_014206,CUST_0474,STR_007,2025-09-07,726.43,Credit Card
TXN_014207,CUST_0450,STR_011,2025-11-18,1490.04,Credit Card
TXN_014208,CUST_0057,STR_009,2025-03-20,571.71,Credit Card
TXN_014209,CUST_0102,STR_011,2025-12-17,70.0,Credit Card
TXN_014210,CUST_0333,STR_013,2025-04-04,2175.34,Credit Card
TXN_014211,CUST_0374,STR_019,2025-03-06,643.03,Credit Card
TXN_014212,CUST_0103,STR_001,2025-10-23,783.84,Debit Card
TXN_014213,CUST_0173,STR_010,2025-12-05,1972.28,Digital Wallet
TXN_014214,CUST_0098,STR_020,2025-06-24,2292.93,Debit Card
TXN_014215,CUST_0028,STR_005,2025-09-05,1095.49,Debit Card
TXN_014216,CUST_0371,STR_012,2025-09-30,376.15,Credit Card
TXN_014217,CUST_0076,STR_016,2025-06-08,2985.71,Debit Card
TXN_014218,CUST_0215,STR_015,2025-01-08,968.69,Credit Card
TXN_014219,CUST_0482,STR_015,2025-09-29,825.61,Credit Card
TXN_014220,CUST_0231,STR_016,2025-06-04,398.28,Debit Card
TXN_014221,CUST_0287,STR_016,2025-08-10,836.9,Credit Card
TXN_014222,CUST_0474,STR_007,2025-01-15,112.35,Digital Wallet
TXN_014223,CUST_0435,STR_016,2025-04-09,472.52,Debit Card
TXN_014224,CUST_0091,STR_015,2025-01-09,1877.16,Credit Card
TXN_014225,CUST_0126,STR_017,2025-10-20,1807.97,Debit Card
TXN_014226,CUST_0013,STR_007,2025-02-05,3489.0,Digital Wallet
TXN_014227,CUST_0231,STR_020,2025-10-21,121.79,Credit Card
TXN_014228,CUST_0197,STR_004,2025-08-05,2908.45,Credit Card
TXN_014229,CUST_0252,STR_010,2025-10-13,557.41,Digital Wallet
TXN_014230,CUST_0163,STR_016,2025-11-23,1476.63,Digital Wallet
TXN_014231,CUST_0416,STR_005,2025-02-25,995.63,Credit Card
TXN_014232,CUST_0061,STR_003,2025-02-02,3211.42,Credit Card
TXN_014233,CUST_0086,STR_018,2025-03-30,2347.42,Debit Card
TXN_014234,CUST_0205,STR_008,2025-09-19,4524.38,Credit Card
TXN_014235,CUST_0294,STR_004,2025-08-27,486.11,Credit Card
TXN_014236,CUST_0356,STR_011,2025-10-04,1689.25,Debit Card
TXN_014237,CUST_0277,STR_004,2025-11-22,826.39,Debit Card
TXN_014238,CUST_0067,STR_002,2025-03-23,1585.62,Credit Card
TXN_014239,CUST_0412,STR_001,2025-09-05,1619.77,Digital Wallet
TXN_014240,CUST_0314,STR_013,2025-11-29,567.77,Credit Card
TXN_014241,CUST_0163,STR_009,2025-04-19,355.38,Credit Card
TXN_014242,CUST_0168,STR_006,2025-06-28,257.37,Digital Wallet
TXN_014243,CUST_0210,STR_009,2025-12-18,1037.36,Credit Card
TXN_014244,CUST_0218,STR_013,2025-03-04,371.12,Digital Wallet
TXN_014245,CUST_0059,STR_004,2025-09-29,1856.12,Credit Card
TXN_014246,CUST_0188,STR_002,2025-12-29,2652.15,Credit Card
TXN_014247,CUST_0329,STR_007,2025-04-09,813.74,Credit Card
TXN_014248,CUST_0242,STR_016,2025-08-03,3531.4,Credit Card
TXN_014249,CUST_0493,STR_001,2025-11-28,3185.19,Debit Card
TXN_014250,CUST_0221,STR_008,2025-05-20,699.69,Digital Wallet
TXN_014251,CUST_0373,STR_017,2025-12-11,471.64,Debit Card
TXN_014252,CUST_0214,STR_004,2025-12-01,708.37,Debit Card
TXN_014253,CUST_0372,STR_016,2025-09-27,708.37,Credit Card
TXN_014254,CUST_0444,STR_003,2025-12-18,804.71,Debit Card
TXN_014255,CUST_0266,STR_012,2025-12-22,128.34,Digital Wallet
TXN_014256,CUST_0249,STR_018,2025-06-07,2928.49,Credit Card
TXN_014257,CUST_0046,STR_018,2025-02-04,600.95,Debit Card
TXN_014258,CUST_0320,STR_009,2025-11-29,4466.49,Debit Card
TXN_014259,CUST_0087,STR_011,2025-03-03,445.74,Debit Card
TXN_014260,CUST_0204,STR_010,2025-05-12,206.74,Credit Card
TXN_014261,CUST_0234,STR_006,2025-02-01,2159.22,Debit Card
TXN_014262,CUST_0005,STR_015,2025-06-14,2932.75,Credit Card
TXN_014263,CUST_0390,STR_015,2025-03-17,990.5,Credit Card
TXN_014264,CUST_0371,STR_007,2025-10-02,470.35,Credit Card
TXN_014265,CUST_0253,STR_009,2025-02-06,842.63,Credit Card
TXN_014266,CUST_0254,STR_012,2025-01-02,471.64,Debit Card
TXN_014267,CUST_0020,STR_008,2025-07-08,3789.0,Credit Card
TXN_014268,CUST_0388,STR_002,2025-02-02,811.67,Credit Card
TXN_014269,CUST_0360,STR_016,2025-12-05,112.35,Digital Wallet
TXN_014270,CUST_0027,STR_014,2025-06-03,613.87,Debit Card
TXN_014271,CUST_0119,STR_015,2025-07-09,578.42,Credit Card
TXN_014272,CUST_0329,STR_019,2025-07-23,798.92,Credit Card
TXN_014273,CUST_0264,STR_020,2025-09-10,333.31,Debit Card
TXN_014274,CUST_0103,STR_014,2025-05-14,476.25,Digital Wallet
TXN_014275,CUST_0499,STR_018,2025-10-05,1374.3,Debit Card
TXN_014276,CUST_0244,STR_002,2025-06-21,308.27,Digital Wallet
TXN_014277,CUST_0331,STR_013,2025-04-26,142.5,Credit Card
TXN_014278,CUST_0483,STR_005,2025-05-05,191.79,Credit Card
TXN_014279,CUST_0142,STR_019,2025-03-25,148.33,Debit Card
TXN_014280,CUST_0406,STR_012,2025-11-08,565.98,Debit Card
TXN_014281,CUST_0331,STR_005,2025-12-08,28567.08,Credit Card
TXN_014282,CUST_0209,STR_020,2025-09-10,4598.26,Credit Card
TXN_014283,CUST_0183,STR_004,2025-12-09,199.23,Credit Card
TXN_014284,CUST_0397,STR_008,2025-06-29,2975.96,Debit Card
TXN_014285,CUST_0401,STR_020,2025-11-13,120.19,Credit Card
TXN_014286,CUST_0102,STR_008,2025-06-28,1173.5,Credit Card
TXN_014287,CUST_0438,STR_018,2025-10-07,1351.72,Debit Card
TXN_014288,CUST_0028,STR_003,2025-09-07,496.4,Credit Card
TXN_014289,CUST_0387,STR_009,2025-10-26,93.3,Credit Card
TXN_014290,CUST_0391,STR_012,2025-08-12,4488.94,Credit Card
TXN_014291,CUST_0003,STR_013,2025-07-20,3185.65,Credit Card
TXN_014292,CUST_0028,STR_018,2025-06-03,496.49,Credit Card
TXN_014293,CUST_0073,STR_012,2025-09-22,254.69,Debit Card
TXN_014294,CUST_0281,STR_019,2025-01-29,2052.01,Debit Card
TXN_014295,CUST_0224,STR_015,2025-02-15,1666.03,Credit Card
TXN_014296,CUST_0236,STR_017,2025-05-02,1084.98,Credit Card
TXN_014297,CUST_0266,STR_004,2025-09-15,903.27,Debit Card
TXN_014298,CUST_0401,STR_008,2025-05-08,1174.19,Digital Wallet
TXN_014299,CUST_0201,STR_005,2025-07-25,1446.27,Credit Card
TXN_014300,CUST_0473,STR_020,2025-09-19,6523.36,Credit Card
TXN_014301,CUST_0258,STR_019,2025-08-29,276.94,Debit Card
TXN_014302,CUST_0292,STR_007,2025-05-06,2019.83,Digital Wallet
TXN_014303,CUST_0048,STR_009,2025-02-15,44.0,Cash
TXN_014304,CUST_0135,STR_013,2025-12-18,1465.82,Credit Card
TXN_014305,CUST_0434,STR_008,2025-09-18,1183.55,Credit Card
TXN_014306,CUST_0021,STR_017,2025-12-31,412.36,Debit Card
TXN_014307,CUST_0491,STR_015,2025-01-13,2430.64,Credit Card
TXN_014308,CUST_0194,STR_007,2025-08-28,1912.6,Debit Card
TXN_014309,CUST_0230,STR_011,2025-03-09,752.3,Credit Card
TXN_014310,CUST_0014,STR_003,2025-08-25,134.99,Credit Card
TXN_014311,CUST_0145,STR_003,2025-11-09,274.25,Credit Card
TXN_014312,CUST_0141,STR_014,2025-02-20,121.49,Credit Card
TXN_014313,CUST_0146,STR_009,2025-12-05,276.94,Credit Card
TXN_014314,CUST_0247,STR_002,2025-05-20,1154.5,Debit Card
TXN_014315,CUST_0469,STR_015,2025-02-24,1320.69,Credit Card
TXN_014316,CUST_0304,STR_001,2025-04-28,2315.8,Credit Card
TXN_014317,CUST_0210,STR_011,2025-01-21,1075.83,Credit Card
TXN_014318,CUST_0079,STR_003,2025-07-11,513.4,Digital Wallet
TXN_014319,CUST_0023,STR_009,2025-12-13,497.85,Credit Card
TXN_014320,CUST_0100,STR_008,2025-01-07,201.99,Credit Card
TXN_014321,CUST_0199,STR_003,2025-06-13,4080.37,Credit Card
TXN_014322,CUST_0002,STR_007,2025-06-16,1020.35,Credit Card
TXN_014323,CUST_0111,STR_018,2025-12-27,1902.54,Debit Card
TXN_014324,CUST_0378,STR_015,2025-09-12,984.22,Cash
TXN_014325,CUST_0146,STR_018,2025-09-22,221.44,Debit Card
TXN_014326,CUST_0275,STR_020,2025-07-21,205.33,Credit Card
TXN_014327,CUST_0242,STR_019,2025-01-19,199.73,Credit Card
TXN_014328,CUST_0045,STR_004,2025-10-24,689.35,Credit Card
TXN_014329,CUST_0231,STR_011,2025-11-09,631.14,Credit Card
TXN_014330,CUST_0488,STR_008,2025-12-07,23.16,Credit Card
TXN_014331,CUST_0414,STR_009,2025-09-18,1633.3,Debit Card
TXN_014332,CUST_0490,STR_005,2025-10-24,770.16,Credit Card
TXN_014333,CUST_0190,STR_007,2025-01-08,805.15,Credit Card
TXN_014334,CUST_0269,STR_016,2025-10-20,1429.46,Credit Card
TXN_014335,CUST_0224,STR_010,2025-02-13,721.91,Credit Card
TXN_014336,CUST_0142,STR_018,2025-06-03,63.65,Credit Card
TXN_014337,CUST_0272,STR_012,2025-01-18,1501.84,Credit Card
TXN_014338,CUST_0216,STR_005,2025-05-06,206.74,Credit Card
TXN_014339,CUST_0383,STR_007,2025-01-13,2518.34,Credit Card
TXN_014340,CUST_0060,STR_015,2025-01-16,1642.92,Credit Card
TXN_014341,CUST_0278,STR_011,2025-06-13,391.92,Credit Card
TXN_014342,CUST_0126,STR_015,2025-09-29,721.91,Debit Card
TXN_014343,CUST_0335,STR_008,2025-08-01,1639.41,Debit Card
TXN_014344,CUST_0125,STR_017,2025-01-27,624.26,Credit Card
TXN_014345,CUST_0315,STR_018,2025-03-17,1572.15,Debit Card
TXN_014346,CUST_0265,STR_002,2025-12-20,128.24,Credit Card
TXN_014347,CUST_0274,STR_009,2025-08-21,882.03,Credit Card
TXN_014348,CUST_0475,STR_015,2025-10-24,1288.44,Credit Card
TXN_014349,CUST_0275,STR_014,2025-11-11,2035.45,Credit Card
TXN_014350,CUST_0449,STR_002,2025-07-30,179.1,Debit Card
TXN_014351,CUST_0198,STR_020,2025-05-12,2686.38,Credit Card
TXN_014352,CUST_0414,STR_007,2025-04-29,1188.39,Credit Card
TXN_014353,CUST_0271,STR_004,2025-06-12,28.73,Cash
TXN_014354,CUST_0302,STR_005,2025-06-19,412.36,Debit Card
TXN_014355,CUST_0168,STR_009,2025-05-30,773.05,Credit Card
TXN_014356,CUST_0271,STR_018,2025-01-23,3375.96,Debit Card
TXN_014357,CUST_0460,STR_002,2025-06-19,1096.96,Credit Card
TXN_014358,CUST_0268,STR_001,2025-06-19,519.58,Credit Card
TXN_014359,CUST_0351,STR_020,2025-12-17,1494.01,Digital Wallet
TXN_014360,CUST_0359,STR_002,2025-09-28,1530.94,Debit Card
TXN_014361,CUST_0143,STR_020,2025-12-20,926.37,Credit Card
TXN_014362,CUST_0011,STR_013,2025-10-10,1232.17,Credit Card
TXN_014363,CUST_0498,STR_019,2025-05-07,550.0,Credit Card
TXN_014364,CUST_0110,STR_008,2025-06-09,2524.39,Credit Card
TXN_014365,CUST_0143,STR_007,2025-05-20,1264.29,Credit Card
TXN_014366,CUST_0162,STR_012,2025-08-01,1830.49,Credit Card
TXN_014367,CUST_0271,STR_009,2025-03-24,531.28,Digital Wallet
TXN_014368,CUST_0425,STR_020,2025-06-01,1306.38,Debit Card
TXN_014369,CUST_0109,STR_008,2025-08-27,616.09,Debit Card
TXN_014370,CUST_0134,STR_016,2025-06-14,195.06,Credit Card
TXN_014371,CUST_0216,STR_019,2025-06-07,742.94,Debit Card
TXN_014372,CUST_0135,STR_016,2025-03-13,1425.02,Digital Wallet
TXN_014373,CUST_0298,STR_005,2025-08-25,1437.67,Credit Card
TXN_014374,CUST_0262,STR_007,2025-10-21,537.23,Credit Card
TXN_014375,CUST_0480,STR_013,2025-06-30,924.56,Digital Wallet
TXN_014376,CUST_0178,STR_015,2025-06-26,2313.82,Debit Card
TXN_014377,CUST_0185,STR_014,2025-06-06,828.64,Credit Card
TXN_014378,CUST_0223,STR_001,2025-11-16,1756.72,Credit Card
TXN_014379,CUST_0223,STR_007,2025-09-23,1876.06,Debit Card
TXN_014380,CUST_0094,STR_005,2025-09-14,1240.23,Credit Card
TXN_014381,CUST_0205,STR_015,2025-07-28,148.33,Digital Wallet
TXN_014382,CUST_0143,STR_011,2025-03-21,1474.05,Credit Card
TXN_014383,CUST_0151,STR_001,2025-02-04,388.43,Credit Card
TXN_014384,CUST_0254,STR_011,2025-07-16,937.26,Credit Card
TXN_014385,CUST_0027,STR_002,2025-04-19,541.97,Credit Card
TXN_014386,CUST_0186,STR_008,2025-11-30,180.09,Debit Card
TXN_014387,CUST_0429,STR_005,2025-04-15,2212.18,Credit Card
TXN_014388,CUST_0114,STR_019,2025-03-21,344.56,Credit Card
TXN_014389,CUST_0359,STR_014,2025-09-21,875.05,Credit Card
TXN_014390,CUST_0312,STR_003,2025-04-04,1755.79,Digital Wallet
TXN_014391,CUST_0012,STR_015,2025-09-13,813.74,Digital Wallet
TXN_014392,CUST_0317,STR_005,2025-09-09,708.37,Credit Card
TXN_014393,CUST_0326,STR_009,2025-07-25,473.41,Credit Card
TXN_014394,CUST_0290,STR_014,2025-07-13,551.82,Debit Card
TXN_014395,CUST_0008,STR_014,2025-01-01,373.2,Digital Wallet
TXN_014396,CUST_0466,STR_007,2025-09-11,1693.45,Credit Card
TXN_014397,CUST_0049,STR_015,2025-05-31,2785.29,Credit Card
TXN_014398,CUST_0005,STR_013,2025-11-28,154.58,Debit Card
TXN_014399,CUST_0212,STR_015,2025-01-21,966.99,Credit Card
TXN_014400,CUST_0399,STR_009,2025-03-21,1123.62,Credit Card
TXN_014401,CUST_0258,STR_005,2025-11-19,684.54,Cash
TXN_014402,CUST_0260,STR_010,2025-05-17,23.16,Digital Wallet
TXN_014403,CUST_0177,STR_005,2025-10-01,484.32,Debit Card
TXN_014404,CUST_0179,STR_007,2025-01-14,210.24,Debit Card
TXN_014405,CUST_0482,STR_001,2025-03-21,2815.71,Debit Card
TXN_014406,CUST_0420,STR_004,2025-03-31,842.63,Digital Wallet
TXN_014407,CUST_0067,STR_018,2025-05-18,267.54,Credit Card
TXN_014408,CUST_0088,STR_016,2025-10-21,942.13,Credit Card
TXN_014409,CUST_0349,STR_001,2025-12-16,1815.73,Credit Card
TXN_014410,CUST_0204,STR_014,2025-10-02,795.52,Credit Card
TXN_014411,CUST_0394,STR_007,2025-06-07,1412.56,Credit Card
TXN_014412,CUST_0445,STR_008,2025-05-17,275.43,Digital Wallet
TXN_014413,CUST_0434,STR_019,2025-09-08,1541.46,Credit Card
TXN_014414,CUST_0434,STR_004,2025-09-11,471.32,Debit Card
TXN_014415,CUST_0406,STR_010,2025-04-10,1046.84,Debit Card
TXN_014416,CUST_0171,STR_020,2025-07-21,407.82,Debit Card
TXN_014417,CUST_0338,STR_013,2025-01-23,104.39,Credit Card
TXN_014418,CUST_0369,STR_007,2025-07-30,893.25,Credit Card
TXN_014419,CUST_0206,STR_006,2025-07-22,206.81,Digital Wallet
TXN_014420,CUST_0003,STR_016,2025-07-27,83.48,Debit Card
TXN_014421,CUST_0444,STR_015,2025-02-11,224.7,Credit Card
TXN_014422,CUST_0298,STR_002,2025-08-15,737.24,Credit Card
TXN_014423,CUST_0233,STR_017,2025-09-23,1424.15,Cash
TXN_014424,CUST_0056,STR_008,2025-08-05,274.25,Credit Card
TXN_014425,CUST_0103,STR_010,2025-06-14,362.7,Credit Card
TXN_014426,CUST_0490,STR_016,2025-03-23,2121.89,Credit Card
TXN_014427,CUST_0291,STR_005,2025-09-20,521.06,Credit Card
TXN_014428,CUST_0274,STR_009,2025-11-30,2593.8,Credit Card
TXN_014429,CUST_0364,STR_018,2025-06-05,1685.77,Credit Card
TXN_014430,CUST_0369,STR_004,2025-08-18,64.44,Credit Card
TXN_014431,CUST_0416,STR_017,2025-02-28,1699.1,Credit Card
TXN_014432,CUST_0255,STR_011,2025-04-02,297.46,Credit Card
TXN_014433,CUST_0466,STR_009,2025-06-26,168.58,Debit Card
TXN_014434,CUST_0127,STR_012,2025-11-26,229.52,Credit Card
TXN_014435,CUST_0260,STR_004,2025-05-14,1876.49,Digital Wallet
TXN_014436,CUST_0298,STR_009,2025-03-19,75.81,Debit Card
TXN_014437,CUST_0307,STR_007,2025-10-09,1598.66,Credit Card
TXN_014438,CUST_0024,STR_017,2025-09-08,872.25,Debit Card
TXN_014439,CUST_0445,STR_018,2025-08-03,1899.32,Credit Card
TXN_014440,CUST_0099,STR_006,2025-09-20,64.17,Credit Card
TXN_014441,CUST_0069,STR_016,2025-01-09,665.1,Credit Card
TXN_014442,CUST_0213,STR_009,2025-05-13,2330.26,Credit Card
TXN_014443,CUST_0227,STR_014,2025-06-24,844.09,Credit Card
TXN_014444,CUST_0449,STR_014,2025-07-14,726.43,Credit Card
TXN_014445,CUST_0217,STR_018,2025-03-31,655.78,Credit Card
TXN_014446,CUST_0053,STR_004,2025-01-28,1572.69,Credit Card
TXN_014447,CUST_0237,STR_002,2025-08-05,809.42,Digital Wallet
TXN_014448,CUST_0225,STR_015,2025-06-07,962.17,Digital Wallet
TXN_014449,CUST_0308,STR_012,2025-12-01,2424.43,Debit Card
TXN_014450,CUST_0217,STR_016,2025-10-31,7612.03,Cash
TXN_014451,CUST_0148,STR_014,2025-12-23,828.64,Credit Card
TXN_014452,CUST_0356,STR_005,2025-10-31,708.37,Debit Card
TXN_014453,CUST_0071,STR_008,2025-03-31,1349.13,Digital Wallet
TXN_014454,CUST_0203,STR_011,2025-08-21,207.3,Debit Card
TXN_014455,CUST_0340,STR_005,2025-06-25,1369.08,Credit Card
TXN_014456,CUST_0163,STR_007,2025-07-04,304.12,Digital Wallet
TXN_014457,CUST_0411,STR_016,2025-10-05,2326.12,Debit Card
TXN_014458,CUST_0242,STR_005,2025-03-20,115.7,Digital Wallet
TXN_014459,CUST_0165,STR_010,2025-10-11,169.15,Credit Card
TXN_014460,CUST_0402,STR_006,2025-08-28,1572.95,Digital Wallet
TXN_014461,CUST_0296,STR_018,2025-02-19,1458.93,Digital Wallet
TXN_014462,CUST_0366,STR_010,2025-10-24,759.6,Credit Card
TXN_014463,CUST_0410,STR_018,2025-04-27,274.25,Digital Wallet
TXN_014464,CUST_0210,STR_019,2025-07-14,93.3,Credit Card
TXN_014465,CUST_0079,STR_008,2025-03-16,639.68,Credit Card
TXN_014466,CUST_0357,STR_005,2025-03-19,23840.03,Credit Card
TXN_014467,CUST_0116,STR_005,2025-04-04,235.66,Credit Card
TXN_014468,CUST_0034,STR_004,2025-08-06,655.78,Credit Card
TXN_014469,CUST_0087,STR_005,2025-07-02,178.57,Credit Card
TXN_014470,CUST_0186,STR_011,2025-10-18,1307.85,Credit Card
TXN_014471,CUST_0213,STR_003,2025-01-29,98.06,Debit Card
TXN_014472,CUST_0142,STR_006,2025-05-10,1289.76,Cash
TXN_014473,CUST_0028,STR_015,2025-11-24,466.1,Credit Card
TXN_014474,CUST_0110,STR_008,2025-05-06,103.22,Credit Card
TXN_014475,CUST_0380,STR_017,2025-05-17,106.31,Debit Card
TXN_014476,CUST_0172,STR_009,2025-06-30,1156.08,Credit Card
TXN_014477,CUST_0138,STR_001,2025-06-14,2408.05,Credit Card
TXN_014478,CUST_0129,STR_017,2025-05-22,1662.96,Credit Card
TXN_014479,CUST_0202,STR_007,2025-05-02,520.16,Credit Card
TXN_014480,CUST_0103,STR_020,2025-02-25,616.54,Credit Card
TXN_014481,CUST_0294,STR_008,2025-12-17,713.93,Credit Card
TXN_014482,CUST_0482,STR_003,2025-04-22,4021.54,Credit Card
TXN_014483,CUST_0238,STR_002,2025-05-19,979.29,Debit Card
TXN_014484,CUST_0330,STR_002,2025-11-25,2267.75,Credit Card
TXN_014485,CUST_0060,STR_019,2025-03-10,456.98,Credit Card
TXN_014486,CUST_0494,STR_009,2025-02-05,161.47,Digital Wallet
TXN_014487,CUST_0357,STR_019,2025-02-22,471.64,Digital Wallet
TXN_014488,CUST_0500,STR_017,2025-05-25,1386.41,Digital Wallet
TXN_014489,CUST_0125,STR_009,2025-10-17,506.97,Credit Card
TXN_014490,CUST_0117,STR_010,2025-03-22,231.2,Debit Card
TXN_014491,CUST_0435,STR_003,2025-05-05,276.94,Debit Card
TXN_014492,CUST_0065,STR_017,2025-06-20,1194.15,Debit Card
TXN_014493,CUST_0214,STR_015,2025-03-14,127.5,Credit Card
TXN_014494,CUST_0497,STR_005,2025-06-16,1778.07,Debit Card
TXN_014495,CUST_0496,STR_010,2025-10-18,403.78,Credit Card
TXN_014496,CUST_0061,STR_007,2025-03-14,2349.96,Credit Card
TXN_014497,CUST_0302,STR_017,2025-07-23,2063.74,Credit Card
TXN_014498,CUST_0249,STR_011,2025-07-16,523.49,Debit Card
TXN_014499,CUST_0017,STR_016,2025-12-12,838.98,Digital Wallet
TXN_014500,CUST_0404,STR_007,2025-07-12,1296.03,Credit Card
TXN_014501,CUST_0406,STR_005,2025-03-26,1537.9,Credit Card
TXN_014502,CUST_0118,STR_005,2025-07-21,538.38,Credit Card
TXN_014503,CUST_0225,STR_002,2025-09-05,221.44,Credit Card
TXN_014504,CUST_0369,STR_020,2025-02-02,1953.94,Debit Card
TXN_014505,CUST_0429,STR_003,2025-06-22,675.19,Credit Card
TXN_014506,CUST_0126,STR_019,2025-10-11,821.91,Credit Card
TXN_014507,CUST_0048,STR_003,2025-11-04,791.93,Debit Card
TXN_014508,CUST_0247,STR_020,2025-01-12,355.38,Credit Card
TXN_014509,CUST_0056,STR_015,2025-11-13,3815.71,Digital Wallet
TXN_014510,CUST_0055,STR_014,2025-09-12,8999.4,Credit Card
TXN_014511,CUST_0202,STR_012,2025-03-04,275.43,Debit Card
TXN_014512,CUST_0045,STR_008,2025-04-14,1502.72,Digital Wallet
TXN_014513,CUST_0130,STR_013,2025-04-28,1014.02,Credit Card
TXN_014514,CUST_0190,STR_018,2025-04-09,466.1,Credit Card
TXN_014515,CUST_0141,STR_010,2025-11-10,855.16,Credit Card
TXN_014516,CUST_0306,STR_015,2025-05-07,1271.86,Credit Card
TXN_014517,CUST_0081,STR_015,2025-08-29,191.36,Credit Card
TXN_014518,CUST_0001,STR_020,2025-07-05,613.87,Credit Card
TXN_014519,CUST_0489,STR_019,2025-01-14,98.06,Digital Wallet
TXN_014520,CUST_0382,STR_002,2025-07-14,297.46,Debit Card
TXN_014521,CUST_0127,STR_001,2025-07-14,1809.23,Credit Card
TXN_014522,CUST_0324,STR_007,2025-02-25,1306.94,Credit Card
TXN_014523,CUST_0011,STR_004,2025-01-18,871.04,Credit Card
TXN_014524,CUST_0036,STR_014,2025-03-15,899.94,Cash
TXN_014525,CUST_0023,STR_020,2025-08-06,1452.86,Debit Card
TXN_014526,CUST_0452,STR_020,2025-02-13,401.0,Digital Wallet
TXN_014527,CUST_0470,STR_011,2025-12-04,1806.14,Credit Card
TXN_014528,CUST_0348,STR_005,2025-05-16,3856.88,Digital Wallet
TXN_014529,CUST_0362,STR_008,2025-02-25,160.71,Credit Card
TXN_014530,CUST_0346,STR_003,2025-01-29,115.7,Credit Card
TXN_014531,CUST_0492,STR_013,2025-06-14,708.37,Credit Card
TXN_014532,CUST_0486,STR_016,2025-03-28,3692.31,Credit Card
TXN_014533,CUST_0463,STR_005,2025-08-13,355.38,Credit Card
TXN_014534,CUST_0320,STR_018,2025-02-24,356.98,Debit Card
TXN_014535,CUST_0488,STR_012,2025-05-18,1612.66,Credit Card
TXN_014536,CUST_0269,STR_019,2025-10-22,63.65,Debit Card
TXN_014537,CUST_0323,STR_011,2025-05-17,282.99,Debit Card
TXN_014538,CUST_0021,STR_007,2025-12-28,352.73,Debit Card
TXN_014539,CUST_0300,STR_015,2025-07-12,872.25,Credit Card
TXN_014540,CUST_0012,STR_003,2025-04-25,208.78,Credit Card
TXN_014541,CUST_0226,STR_019,2025-02-16,613.87,Credit Card
TXN_014542,CUST_0330,STR_010,2025-06-07,1570.67,Debit Card
TXN_014543,CUST_0118,STR_002,2025-11-11,892.47,Credit Card
TXN_014544,CUST_0421,STR_006,2025-08-08,1121.84,Credit Card
TXN_014545,CUST_0215,STR_002,2025-08-04,30105.4,Debit Card
TXN_014546,CUST_0246,STR_013,2025-10-10,1823.62,Credit Card
TXN_014547,CUST_0014,STR_006,2025-04-11,593.32,Credit Card
TXN_014548,CUST_0215,STR_001,2025-06-10,372.32,Credit Card
TXN_014549,CUST_0289,STR_016,2025-02-09,465.06,Digital Wallet
TXN_014550,CUST_0227,STR_009,2025-02-13,5670.27,Credit Card
TXN_014551,CUST_0068,STR_003,2025-02-22,1048.56,Cash
TXN_014552,CUST_0484,STR_008,2025-04-28,1677.18,Credit Card
TXN_014553,CUST_0034,STR_001,2025-02-27,764.95,Debit Card
TXN_014554,CUST_0138,STR_002,2025-03-16,12442.7,Credit Card
TXN_014555,CUST_0416,STR_011,2025-08-10,1954.73,Digital Wallet
TXN_014556,CUST_0109,STR_010,2025-12-23,179.85,Credit Card
TXN_014557,CUST_0201,STR_015,2025-01-08,1126.48,Credit Card
TXN_014558,CUST_0440,STR_020,2025-12-23,761.84,Digital Wallet
TXN_014559,CUST_0482,STR_014,2025-10-17,224.11,Credit Card
TXN_014560,CUST_0329,STR_012,2025-05-05,1571.39,Credit Card
TXN_014561,CUST_0179,STR_005,2025-08-11,997.12,Credit Card
TXN_014562,CUST_0021,STR_011,2025-05-05,991.21,Credit Card
TXN_014563,CUST_0207,STR_001,2025-12-07,1799.88,Cash
TXN_014564,CUST_0027,STR_002,2025-06-20,661.28,Credit Card
TXN_014565,CUST_0250,STR_010,2025-01-31,874.63,Credit Card
TXN_014566,CUST_0084,STR_020,2025-07-15,1794.19,Digital Wallet
TXN_014567,CUST_0452,STR_010,2025-07-30,210.0,Credit Card
TXN_014568,CUST_0372,STR_016,2025-03-17,286.73,Digital Wallet
TXN_014569,CUST_0468,STR_006,2025-09-25,4121.48,Credit Card
TXN_014570,CUST_0189,STR_002,2025-02-22,3417.56,Debit Card
TXN_014571,CUST_0171,STR_004,2025-01-02,817.05,Credit Card
TXN_014572,CUST_0462,STR_004,2025-03-19,1768.32,Cash
TXN_014573,CUST_0286,STR_015,2025-01-25,936.67,Credit Card
TXN_014574,CUST_0451,STR_016,2025-05-31,355.38,Credit Card
TXN_014575,CUST_0283,STR_004,2025-12-08,445.64,Credit Card
TXN_014576,CUST_0001,STR_013,2025-09-06,3842.72,Debit Card
TXN_014577,CUST_0081,STR_007,2025-04-21,716.24,Debit Card
TXN_014578,CUST_0220,STR_007,2025-03-31,1135.55,Debit Card
TXN_014579,CUST_0148,STR_002,2025-12-01,556.19,Credit Card
TXN_014580,CUST_0120,STR_016,2025-09-11,1873.63,Credit Card
TXN_014581,CUST_0041,STR_004,2025-01-29,495.02,Debit Card
TXN_014582,CUST_0041,STR_017,2025-06-26,178.57,Credit Card
TXN_014583,CUST_0347,STR_001,2025-07-20,398.28,Debit Card
TXN_014584,CUST_0049,STR_004,2025-08-15,700.71,Credit Card
TXN_014585,CUST_0379,STR_020,2025-10-09,154.0,Debit Card
TXN_014586,CUST_0443,STR_016,2025-07-22,971.42,Digital Wallet
TXN_014587,CUST_0367,STR_010,2025-12-01,470.35,Cash
TXN_014588,CUST_0078,STR_008,2025-02-10,1048.56,Debit Card
TXN_014589,CUST_0188,STR_013,2025-09-17,476.25,Credit Card
TXN_014590,CUST_0096,STR_015,2025-08-26,57.28,Credit Card
TXN_014591,CUST_0234,STR_004,2025-11-27,1222.03,Cash
TXN_014592,CUST_0119,STR_008,2025-06-27,1884.65,Credit Card
TXN_014593,CUST_0192,STR_013,2025-09-12,996.15,Digital Wallet
TXN_014594,CUST_0018,STR_005,2025-09-02,2856.57,Debit Card
TXN_014595,CUST_0335,STR_010,2025-06-27,2942.45,Digital Wallet
TXN_014596,CUST_0018,STR_002,2025-08-02,834.35,Cash
TXN_014597,CUST_0493,STR_012,2025-12-01,669.31,Digital Wallet
TXN_014598,CUST_0025,STR_003,2025-04-23,690.58,Digital Wallet
TXN_014599,CUST_0484,STR_017,2025-03-19,656.92,Credit Card
TXN_014600,CUST_0468,STR_013,2025-07-10,1123.44,Debit Card
TXN_014601,CUST_0338,STR_011,2025-08-15,215.05,Credit Card
TXN_014602,CUST_0467,STR_005,2025-04-19,169.15,Credit Card
TXN_014603,CUST_0231,STR_019,2025-02-19,1274.22,Credit Card
TXN_014604,CUST_0307,STR_010,2025-04-12,210.24,Credit Card
TXN_014605,CUST_0095,STR_016,2025-05-23,1312.3,Debit Card
TXN_014606,CUST_0455,STR_003,2025-10-16,469.05,Debit Card
TXN_014607,CUST_0407,STR_011,2025-05-11,1225.98,Debit Card
TXN_014608,CUST_0203,STR_004,2025-12-08,572.62,Digital Wallet
TXN_014609,CUST_0445,STR_001,2025-01-04,1169.7,Credit Card
TXN_014610,CUST_0063,STR_005,2025-05-10,10413.93,Credit Card
TXN_014611,CUST_0408,STR_012,2025-03-07,1015.78,Credit Card
TXN_014612,CUST_0435,STR_016,2025-10-25,637.53,Debit Card
TXN_014613,CUST_0062,STR_001,2025-06-05,53.77,Digital Wallet
TXN_014614,CUST_0093,STR_020,2025-05-14,601.3,Credit Card
TXN_014615,CUST_0377,STR_020,2025-07-09,539.55,Credit Card
TXN_014616,CUST_0144,STR_002,2025-03-21,321.06,Credit Card
TXN_014617,CUST_0046,STR_018,2025-12-03,840.81,Debit Card
TXN_014618,CUST_0025,STR_014,2025-09-30,565.35,Debit Card
TXN_014619,CUST_0157,STR_001,2025-01-23,840.73,Digital Wallet
TXN_014620,CUST_0255,STR_011,2025-06-19,412.36,Debit Card
TXN_014621,CUST_0345,STR_019,2025-09-01,2098.97,Digital Wallet
TXN_014622,CUST_0470,STR_016,2025-03-27,559.06,Cash
TXN_014623,CUST_0390,STR_010,2025-01-03,710.76,Digital Wallet
TXN_014624,CUST_0310,STR_017,2025-06-18,202.26,Digital Wallet
TXN_014625,CUST_0500,STR_018,2025-12-10,656.43,Credit Card
TXN_014626,CUST_0112,STR_009,2025-12-06,1928.48,Credit Card
TXN_014627,CUST_0144,STR_009,2025-10-22,282.99,Debit Card
TXN_014628,CUST_0027,STR_014,2025-03-14,1049.92,Cash
TXN_014629,CUST_0358,STR_019,2025-03-31,5014.81,Credit Card
TXN_014630,CUST_0051,STR_014,2025-05-22,804.34,Debit Card
TXN_014631,CUST_0100,STR_015,2025-01-17,63.26,Credit Card
TXN_014632,CUST_0075,STR_011,2025-04-24,46924.15,Credit Card
TXN_014633,CUST_0379,STR_006,2025-11-14,266.15,Credit Card
TXN_014634,CUST_0125,STR_016,2025-11-21,685.09,Debit Card
TXN_014635,CUST_0436,STR_018,2025-09-14,248.5,Debit Card
TXN_014636,CUST_0284,STR_019,2025-02-16,685.81,Credit Card
TXN_014637,CUST_0140,STR_006,2025-11-06,556.19,Credit Card
TXN_014638,CUST_0069,STR_004,2025-01-23,179.85,Credit Card
TXN_014639,CUST_0087,STR_018,2025-05-12,2353.46,Credit Card
TXN_014640,CUST_0390,STR_003,2025-02-13,261.58,Debit Card
TXN_014641,CUST_0027,STR_006,2025-01-09,229.52,Debit Card
TXN_014642,CUST_0248,STR_020,2025-07-21,3229.9,Credit Card
TXN_014643,CUST_0391,STR_007,2025-08-22,5760.73,Debit Card
TXN_014644,CUST_0274,STR_020,2025-01-21,1442.67,Debit Card
TXN_014645,CUST_0232,STR_016,2025-10-28,542.74,Debit Card
TXN_014646,CUST_0435,STR_011,2025-10-31,921.54,Credit Card
TXN_014647,CUST_0498,STR_010,2025-12-19,655.78,Digital Wallet
TXN_014648,CUST_0403,STR_019,2025-07-14,739.77,Credit Card
TXN_014649,CUST_0237,STR_010,2025-01-01,5604.76,Debit Card
TXN_014650,CUST_0081,STR_020,2025-08-09,972.22,Debit Card
TXN_014651,CUST_0052,STR_003,2025-02-01,1771.09,Debit Card
TXN_014652,CUST_0367,STR_017,2025-01-29,967.86,Credit Card
TXN_014653,CUST_0310,STR_010,2025-12-27,2287.91,Credit Card
TXN_014654,CUST_0377,STR_007,2025-07-27,1636.42,Digital Wallet
TXN_014655,CUST_0487,STR_008,2025-05-16,456.98,Debit Card
TXN_014656,CUST_0001,STR_014,2025-08-26,391.92,Credit Card
TXN_014657,CUST_0013,STR_014,2025-04-06,557.41,Debit Card
TXN_014658,CUST_0304,STR_012,2025-07-01,313.12,Credit Card
TXN_014659,CUST_0404,STR_001,2025-07-21,1287.32,Credit Card
TXN_014660,CUST_0034,STR_020,2025-10-21,613.87,Debit Card
TXN_014661,CUST_0490,STR_013,2025-07-29,1095.83,Credit Card
TXN_014662,CUST_0127,STR_006,2025-02-20,1504.02,Credit Card
TXN_014663,CUST_0205,STR_006,2025-04-17,355.38,Debit Card
TXN_014664,CUST_0123,STR_019,2025-09-28,451.42,Credit Card
TXN_014665,CUST_0306,STR_017,2025-01-10,1037.63,Debit Card
TXN_014666,CUST_0075,STR_010,2025-07-18,2269.58,Credit Card
TXN_014667,CUST_0183,STR_019,2025-02-03,632.48,Debit Card
TXN_014668,CUST_0143,STR_007,2025-07-18,792.37,Credit Card
TXN_014669,CUST_0420,STR_017,2025-01-18,495.02,Credit Card
TXN_014670,CUST_0111,STR_019,2025-04-07,503.05,Debit Card
TXN_014671,CUST_0335,STR_004,2025-01-19,1243.16,Credit Card
TXN_014672,CUST_0112,STR_019,2025-01-24,726.43,Debit Card
TXN_014673,CUST_0381,STR_020,2025-05-12,764.47,Credit Card
TXN_014674,CUST_0224,STR_001,2025-10-05,828.64,Credit Card
TXN_014675,CUST_0421,STR_012,2025-10-14,913.96,Credit Card
TXN_014676,CUST_0084,STR_014,2025-02-15,179.85,Credit Card
TXN_014677,CUST_0500,STR_001,2025-01-19,597.0,Credit Card
TXN_014678,CUST_0212,STR_007,2025-06-21,1570.05,Credit Card
TXN_014679,CUST_0108,STR_011,2025-11-03,1262.64,Debit Card
TXN_014680,CUST_0470,STR_010,2025-03-22,753.81,Cash
TXN_014681,CUST_0156,STR_010,2025-11-03,3048.12,Credit Card
TXN_014682,CUST_0114,STR_004,2025-09-20,586.75,Debit Card
TXN_014683,CUST_0359,STR_020,2025-10-19,537.68,Debit Card
TXN_014684,CUST_0165,STR_007,2025-12-10,142.5,Credit Card
TXN_014685,CUST_0119,STR_012,2025-06-11,28.73,Credit Card
TXN_014686,CUST_0420,STR_020,2025-05-21,973.04,Debit Card
TXN_014687,CUST_0134,STR_019,2025-08-25,261.58,Digital Wallet
TXN_014688,CUST_0310,STR_003,2025-05-23,1768.3,Credit Card
TXN_014689,CUST_0464,STR_002,2025-06-16,3417.56,Credit Card
TXN_014690,CUST_0290,STR_002,2025-06-05,87.74,Cash
TXN_014691,CUST_0254,STR_009,2025-03-03,3873.04,Debit Card
TXN_014692,CUST_0011,STR_004,2025-01-31,1812.01,Credit Card
TXN_014693,CUST_0443,STR_003,2025-11-27,235.66,Debit Card
TXN_014694,CUST_0116,STR_004,2025-12-05,1102.08,Credit Card
TXN_014695,CUST_0357,STR_006,2025-05-02,148.33,Credit Card
TXN_014696,CUST_0483,STR_014,2025-02-22,1059.06,Credit Card
TXN_014697,CUST_0340,STR_017,2025-10-31,276.94,Credit Card
TXN_014698,CUST_0078,STR_002,2025-05-20,98.21,Credit Card
TXN_014699,CUST_0340,STR_009,2025-01-27,1567.91,Debit Card
TXN_014700,CUST_0496,STR_010,2025-09-16,1104.97,Cash
TXN_014701,CUST_0339,STR_015,2025-08-30,551.82,Debit Card
TXN_014702,CUST_0405,STR_001,2025-06-01,199.0,Debit Card
TXN_014703,CUST_0468,STR_001,2025-12-08,800.5,Credit Card
TXN_014704,CUST_0392,STR_004,2025-09-03,1693.3,Cash
TXN_014705,CUST_0260,STR_020,2025-07-29,2302.58,Credit Card
TXN_014706,CUST_0124,STR_020,2025-10-11,486.11,Credit Card
TXN_014707,CUST_0001,STR_015,2025-03-14,1821.03,Credit Card
TXN_014708,CUST_0175,STR_012,2025-11-03,654.34,Credit Card
TXN_014709,CUST_0037,STR_001,2025-03-01,687.46,Credit Card
TXN_014710,CUST_0329,STR_008,2025-05-25,1276.33,Credit Card
TXN_014711,CUST_0386,STR_015,2025-08-16,628.17,Cash
TXN_014712,CUST_0458,STR_018,2025-02-22,243.58,Credit Card
TXN_014713,CUST_0288,STR_017,2025-09-27,470.35,Credit Card
TXN_014714,CUST_0337,STR_008,2025-02-19,2118.48,Credit Card
TXN_014715,CUST_0138,STR_005,2025-06-27,1766.21,Credit Card
TXN_014716,CUST_0001,STR_012,2025-02-06,510.18,Credit Card
TXN_014717,CUST_0034,STR_010,2025-11-26,854.39,Credit Card
TXN_014718,CUST_0403,STR_004,2025-11-29,2255.7,Credit Card
TXN_014719,CUST_0014,STR_011,2025-05-21,301.34,Credit Card
TXN_014720,CUST_0423,STR_008,2025-03-23,765.8,Digital Wallet
TXN_014721,CUST_0497,STR_014,2025-09-29,1201.71,Debit Card
TXN_014722,CUST_0070,STR_015,2025-01-24,189.78,Credit Card
TXN_014723,CUST_0189,STR_019,2025-03-22,935.21,Debit Card
TXN_014724,CUST_0161,STR_004,2025-11-02,660.33,Digital Wallet
TXN_014725,CUST_0279,STR_003,2025-02-12,985.01,Debit Card
TXN_014726,CUST_0309,STR_010,2025-09-28,670.97,Credit Card
TXN_014727,CUST_0254,STR_018,2025-04-26,616.51,Credit Card
TXN_014728,CUST_0019,STR_012,2025-09-07,3170.79,Debit Card
TXN_014729,CUST_0404,STR_015,2025-05-02,666.94,Credit Card
TXN_014730,CUST_0280,STR_012,2025-04-06,1275.59,Credit Card
TXN_014731,CUST_0097,STR_004,2025-01-09,199.0,Debit Card
TXN_014732,CUST_0427,STR_013,2025-03-02,2121.57,Credit Card
TXN_014733,CUST_0081,STR_015,2025-10-25,965.3,Digital Wallet
TXN_014734,CUST_0338,STR_018,2025-09-24,953.32,Credit Card
TXN_014735,CUST_0264,STR_012,2025-02-23,969.2,Credit Card
TXN_014736,CUST_0146,STR_019,2025-07-03,1339.84,Debit Card
TXN_014737,CUST_0302,STR_002,2025-03-25,1845.61,Debit Card
TXN_014738,CUST_0357,STR_015,2025-09-21,112.35,Digital Wallet
TXN_014739,CUST_0196,STR_020,2025-08-02,2304.04,Debit Card
TXN_014740,CUST_0365,STR_019,2025-05-18,1055.8,Credit Card
TXN_014741,CUST_0481,STR_007,2025-12-23,682.34,Debit Card
TXN_014742,CUST_0322,STR_004,2025-04-28,539.55,Debit Card
TXN_014743,CUST_0192,STR_007,2025-11-02,2467.52,Debit Card
TXN_014744,CUST_0333,STR_009,2025-07-10,177.45,Cash
TXN_014745,CUST_0274,STR_013,2025-07-17,847.02,Digital Wallet
TXN_014746,CUST_0389,STR_003,2025-12-07,1488.71,Debit Card
TXN_014747,CUST_0137,STR_010,2025-09-10,414.29,Credit Card
TXN_014748,CUST_0100,STR_007,2025-04-03,1092.28,Debit Card
TXN_014749,CUST_0304,STR_011,2025-03-15,726.04,Debit Card
TXN_014750,CUST_0315,STR_006,2025-03-28,3261.31,Credit Card
TXN_014751,CUST_0273,STR_013,2025-09-21,641.16,Credit Card
TXN_014752,CUST_0184,STR_007,2025-12-24,2190.55,Credit Card
TXN_014753,CUST_0152,STR_008,2025-05-15,72.02,Credit Card
TXN_014754,CUST_0397,STR_013,2025-02-04,78.47,Credit Card
TXN_014755,CUST_0201,STR_013,2025-02-01,705.46,Credit Card
TXN_014756,CUST_0327,STR_017,2025-11-24,9542.54,Credit Card
TXN_014757,CUST_0149,STR_003,2025-08-11,692.58,Credit Card
TXN_014758,CUST_0220,STR_005,2025-07-12,2154.53,Cash
TXN_014759,CUST_0011,STR_018,2025-10-28,128.24,Credit Card
TXN_014760,CUST_0492,STR_008,2025-05-03,773.05,Debit Card
TXN_014761,CUST_0092,STR_001,2025-06-18,362.45,Cash
TXN_014762,CUST_0159,STR_008,2025-02-25,546.47,Digital Wallet
TXN_014763,CUST_0416,STR_020,2025-12-14,206.74,Debit Card
TXN_014764,CUST_0082,STR_020,2025-08-21,1661.56,Debit Card
TXN_014765,CUST_0108,STR_014,2025-07-16,699.1,Credit Card
TXN_014766,CUST_0317,STR_016,2025-09-09,1983.67,Credit Card
TXN_014767,CUST_0445,STR_003,2025-03-14,1309.38,Debit Card
TXN_014768,CUST_0202,STR_020,2025-05-13,1169.46,Credit Card
TXN_014769,CUST_0082,STR_003,2025-07-13,813.13,Digital Wallet
TXN_014770,CUST_0259,STR_002,2025-07-12,390.13,Debit Card
TXN_014771,CUST_0390,STR_001,2025-02-03,199.23,Debit Card
TXN_014772,CUST_0110,STR_006,2025-06-20,1152.92,Digital Wallet
TXN_014773,CUST_0307,STR_004,2025-07-15,896.44,Credit Card
TXN_014774,CUST_0490,STR_007,2025-09-12,2199.83,Credit Card
TXN_014775,CUST_0159,STR_019,2025-01-06,150.83,Cash
TXN_014776,CUST_0360,STR_002,2025-12-21,28430.29,Credit Card
TXN_014777,CUST_0382,STR_010,2025-09-20,476.58,Credit Card
TXN_014778,CUST_0399,STR_006,2025-10-11,204.17,Digital Wallet
TXN_014779,CUST_0428,STR_009,2025-01-17,1076.76,Digital Wallet
TXN_014780,CUST_0382,STR_016,2025-07-11,910.51,Credit Card
TXN_014781,CUST_0082,STR_019,2025-08-14,532.08,Credit Card
TXN_014782,CUST_0463,STR_003,2025-01-28,582.56,Debit Card
TXN_014783,CUST_0008,STR_011,2025-08-25,1110.35,Credit Card
TXN_014784,CUST_0405,STR_008,2025-09-10,5206.72,Credit Card
TXN_014785,CUST_0423,STR_019,2025-08-16,3563.68,Credit Card
TXN_014786,CUST_0290,STR_013,2025-06-01,2689.85,Credit Card
TXN_014787,CUST_0452,STR_019,2025-08-03,2630.99,Debit Card
TXN_014788,CUST_0303,STR_007,2025-04-07,1615.14,Digital Wallet
TXN_014789,CUST_0387,STR_014,2025-09-17,2955.62,Credit Card
TXN_014790,CUST_0364,STR_019,2025-03-23,576.46,Credit Card
TXN_014791,CUST_0459,STR_019,2025-10-02,1265.54,Debit Card
TXN_014792,CUST_0144,STR_004,2025-04-18,88.73,Credit Card
TXN_014793,CUST_0373,STR_017,2025-03-20,1507.03,Credit Card
TXN_014794,CUST_0175,STR_020,2025-12-22,134.99,Credit Card
TXN_014795,CUST_0296,STR_010,2025-02-28,272.39,Credit Card
TXN_014796,CUST_0344,STR_003,2025-02-10,1667.06,Cash
TXN_014797,CUST_0164,STR_007,2025-03-23,1388.41,Credit Card
TXN_014798,CUST_0008,STR_011,2025-11-13,1022.26,Credit Card
TXN_014799,CUST_0406,STR_015,2025-01-21,1421.32,Credit Card
TXN_014800,CUST_0295,STR_015,2025-05-21,1290.9,Digital Wallet
TXN_014801,CUST_0434,STR_018,2025-03-07,306.03,Credit Card
TXN_014802,CUST_0266,STR_013,2025-02-14,936.44,Credit Card
TXN_014803,CUST_0059,STR_001,2025-02-16,1298.31,Credit Card
TXN_014804,CUST_0116,STR_018,2025-04-30,811.28,Credit Card
TXN_014805,CUST_0033,STR_007,2025-02-22,375.77,Debit Card
TXN_014806,CUST_0296,STR_016,2025-04-23,914.6,Cash
TXN_014807,CUST_0003,STR_014,2025-11-23,1119.76,Credit Card
TXN_014808,CUST_0249,STR_003,2025-04-17,276.44,Credit Card
TXN_014809,CUST_0325,STR_014,2025-04-06,470.35,Debit Card
TXN_014810,CUST_0491,STR_007,2025-06-07,899.94,Credit Card
TXN_014811,CUST_0460,STR_018,2025-04-18,391.92,Credit Card
TXN_014812,CUST_0286,STR_006,2025-07-07,547.64,Digital Wallet
TXN_014813,CUST_0405,STR_013,2025-05-09,531.11,Digital Wallet
TXN_014814,CUST_0298,STR_006,2025-01-11,704.96,Credit Card
TXN_014815,CUST_0240,STR_019,2025-04-17,290.73,Debit Card
TXN_014816,CUST_0471,STR_001,2025-09-10,1498.28,Digital Wallet
TXN_014817,CUST_0298,STR_017,2025-08-31,83.48,Debit Card
TXN_014818,CUST_0356,STR_001,2025-04-05,828.64,Digital Wallet
TXN_014819,CUST_0210,STR_017,2025-10-14,828.64,Debit Card
TXN_014820,CUST_0279,STR_005,2025-02-22,939.35,Credit Card
TXN_014821,CUST_0066,STR_011,2025-05-07,150.0,Credit Card
TXN_014822,CUST_0243,STR_011,2025-01-28,551.82,Credit Card
TXN_014823,CUST_0482,STR_018,2025-04-07,763.21,Debit Card
TXN_014824,CUST_0063,STR_019,2025-10-14,2574.55,Digital Wallet
TXN_014825,CUST_0108,STR_002,2025-05-31,661.96,Credit Card
TXN_014826,CUST_0312,STR_004,2025-08-20,17986.44,Cash
TXN_014827,CUST_0204,STR_012,2025-01-27,1817.3,Debit Card
TXN_014828,CUST_0097,STR_007,2025-03-21,2607.78,Credit Card
TXN_014829,CUST_0432,STR_013,2025-05-17,481.03,Credit Card
TXN_014830,CUST_0232,STR_008,2025-04-29,510.18,Debit Card
TXN_014831,CUST_0380,STR_017,2025-01-17,804.17,Debit Card
TXN_014832,CUST_0265,STR_001,2025-10-22,1458.58,Credit Card
TXN_014833,CUST_0046,STR_015,2025-03-12,391.92,Debit Card
TXN_014834,CUST_0320,STR_004,2025-09-15,177.45,Credit Card
TXN_014835,CUST_0484,STR_019,2025-07-24,2754.68,Digital Wallet
TXN_014836,CUST_0402,STR_015,2025-07-30,1946.09,Debit Card
TXN_014837,CUST_0471,STR_018,2025-07-27,639.68,Credit Card
TXN_014838,CUST_0255,STR_011,2025-05-05,174.53,Credit Card
TXN_014839,CUST_0141,STR_012,2025-01-15,557.77,Credit Card
TXN_014840,CUST_0329,STR_008,2025-12-18,939.28,Debit Card
TXN_014841,CUST_0222,STR_010,2025-08-23,1011.5,Credit Card
TXN_014842,CUST_0211,STR_018,2025-04-15,1167.4,Credit Card
TXN_014843,CUST_0154,STR_003,2025-04-10,757.58,Debit Card
TXN_014844,CUST_0452,STR_020,2025-07-15,952.5,Digital Wallet
TXN_014845,CUST_0164,STR_014,2025-07-08,375.77,Digital Wallet
TXN_014846,CUST_0043,STR_018,2025-05-16,1048.76,Credit Card
TXN_014847,CUST_0407,STR_014,2025-04-26,235.66,Credit Card
TXN_014848,CUST_0484,STR_015,2025-06-23,416.06,Credit Card
TXN_014849,CUST_0383,STR_002,2025-01-24,179.85,Digital Wallet
TXN_014850,CUST_0050,STR_014,2025-12-21,1006.16,Credit Card
TXN_014851,CUST_0140,STR_016,2025-02-07,746.29,Credit Card
TXN_014852,CUST_0355,STR_019,2025-03-07,1141.64,Credit Card
TXN_014853,CUST_0148,STR_005,2025-10-06,281.62,Debit Card
TXN_014854,CUST_0121,STR_016,2025-09-16,496.64,Credit Card
TXN_014855,CUST_0187,STR_002,2025-06-05,83.48,Digital Wallet
TXN_014856,CUST_0030,STR_015,2025-05-22,338.19,Credit Card
TXN_014857,CUST_0143,STR_017,2025-07-03,185.8,Credit Card
TXN_014858,CUST_0433,STR_003,2025-01-23,199.0,Credit Card
TXN_014859,CUST_0103,STR_013,2025-10-04,643.03,Debit Card
TXN_014860,CUST_0049,STR_011,2025-11-13,178.57,Credit Card
TXN_014861,CUST_0216,STR_016,2025-08-26,613.87,Credit Card
TXN_014862,CUST_0201,STR_009,2025-06-28,962.06,Credit Card
TXN_014863,CUST_0039,STR_005,2025-04-07,899.73,Credit Card
TXN_014864,CUST_0026,STR_005,2025-03-18,2292.57,Debit Card
TXN_014865,CUST_0161,STR_020,2025-09-10,224.11,Digital Wallet
TXN_014866,CUST_0173,STR_020,2025-12-17,552.48,Credit Card
TXN_014867,CUST_0268,STR_012,2025-12-19,33.71,Debit Card
TXN_014868,CUST_0084,STR_015,2025-06-14,533.51,Debit Card
TXN_014869,CUST_0497,STR_019,2025-07-12,945.04,Credit Card
TXN_014870,CUST_0116,STR_020,2025-01-16,1102.58,Digital Wallet
TXN_014871,CUST_0306,STR_009,2025-10-11,1723.78,Credit Card
TXN_014872,CUST_0450,STR_015,2025-11-05,987.86,Debit Card
TXN_014873,CUST_0399,STR_020,2025-03-21,196.47,Credit Card
TXN_014874,CUST_0073,STR_007,2025-10-19,326.43,Credit Card
TXN_014875,CUST_0389,STR_016,2025-01-15,34989.23,Debit Card
TXN_014876,CUST_0275,STR_017,2025-06-29,1102.08,Debit Card
TXN_014877,CUST_0173,STR_016,2025-08-22,396.43,Debit Card
TXN_014878,CUST_0098,STR_018,2025-03-01,842.63,Credit Card
TXN_014879,CUST_0350,STR_004,2025-08-07,1170.66,Credit Card
TXN_014880,CUST_0027,STR_016,2025-11-18,4070.85,Debit Card
TXN_014881,CUST_0028,STR_011,2025-04-28,559.06,Debit Card
TXN_014882,CUST_0243,STR_009,2025-05-01,804.71,Credit Card
TXN_014883,CUST_0474,STR_020,2025-08-20,741.65,Debit Card
TXN_014884,CUST_0352,STR_015,2025-01-08,854.39,Credit Card
TXN_014885,CUST_0272,STR_017,2025-04-16,3604.55,Digital Wallet
TXN_014886,CUST_0130,STR_012,2025-02-04,2245.67,Debit Card
TXN_014887,CUST_0313,STR_006,2025-09-17,2353.36,Digital Wallet
TXN_014888,CUST_0149,STR_005,2025-11-08,2050.88,Credit Card
TXN_014889,CUST_0262,STR_007,2025-09-27,2521.95,Credit Card
TXN_014890,CUST_0054,STR_008,2025-08-12,2062.38,Debit Card
TXN_014891,CUST_0022,STR_009,2025-11-19,546.47,Credit Card
TXN_014892,CUST_0354,STR_018,2025-04-24,32271.25,Credit Card
TXN_014893,CUST_0154,STR_005,2025-04-06,15284.87,Debit Card
TXN_014894,CUST_0450,STR_007,2025-10-23,296.66,Credit Card
TXN_014895,CUST_0401,STR_014,2025-02-01,1227.59,Credit Card
TXN_014896,CUST_0292,STR_011,2025-07-10,134.99,Debit Card
TXN_014897,CUST_0342,STR_002,2025-02-18,993.09,Credit Card
TXN_014898,CUST_0285,STR_013,2025-06-03,489.44,Credit Card
TXN_014899,CUST_0039,STR_005,2025-04-23,170.86,Credit Card
TXN_014900,CUST_0298,STR_006,2025-08-26,685.81,Credit Card
TXN_014901,CUST_0257,STR_011,2025-09-01,63.26,Credit Card
TXN_014902,CUST_0037,STR_006,2025-12-30,422.1,Credit Card
TXN_014903,CUST_0145,STR_006,2025-07-23,1083.51,Credit Card
TXN_014904,CUST_0051,STR_011,2025-07-15,590.2,Credit Card
TXN_014905,CUST_0108,STR_004,2025-01-23,1372.15,Credit Card
TXN_014906,CUST_0427,STR_001,2025-02-01,1114.83,Digital Wallet
TXN_014907,CUST_0143,STR_003,2025-05-12,104.39,Debit Card
TXN_014908,CUST_0101,STR_012,2025-11-12,363.72,Debit Card
TXN_014909,CUST_0430,STR_007,2025-03-15,104.39,Credit Card
TXN_014910,CUST_0037,STR_002,2025-08-26,552.48,Credit Card
TXN_014911,CUST_0409,STR_005,2025-01-09,751.54,Debit Card
TXN_014912,CUST_0306,STR_015,2025-04-06,1044.84,Digital Wallet
TXN_014913,CUST_0073,STR_020,2025-04-08,2069.51,Debit Card
TXN_014914,CUST_0311,STR_001,2025-01-19,306.03,Credit Card
TXN_014915,CUST_0074,STR_006,2025-09-16,1717.11,Digital Wallet
TXN_014916,CUST_0167,STR_012,2025-08-24,992.94,Credit Card
TXN_014917,CUST_0105,STR_008,2025-09-28,450.18,Credit Card
TXN_014918,CUST_0443,STR_013,2025-09-02,1572.61,Cash
TXN_014919,CUST_0351,STR_001,2025-09-11,459.16,Credit Card
TXN_014920,CUST_0051,STR_010,2025-11-27,1484.51,Credit Card
TXN_014921,CUST_0393,STR_016,2025-05-23,576.46,Credit Card
TXN_014922,CUST_0367,STR_014,2025-04-04,740.48,Debit Card
TXN_014923,CUST_0438,STR_007,2025-02-20,546.58,Debit Card
TXN_014924,CUST_0284,STR_002,2025-12-10,1311.56,Credit Card
TXN_014925,CUST_0089,STR_018,2025-06-22,159.15,Digital Wallet
TXN_014926,CUST_0057,STR_012,2025-07-15,531.11,Credit Card
TXN_014927,CUST_0035,STR_002,2025-01-03,1048.1,Credit Card
TXN_014928,CUST_0207,STR_013,2025-01-14,1130.53,Debit Card
TXN_014929,CUST_0090,STR_015,2025-04-03,459.49,Credit Card
TXN_014930,CUST_0276,STR_016,2025-02-09,842.63,Credit Card
TXN_014931,CUST_0146,STR_019,2025-07-11,741.41,Debit Card
TXN_014932,CUST_0232,STR_019,2025-12-06,444.41,Debit Card
TXN_014933,CUST_0044,STR_006,2025-08-04,1494.1,Credit Card
TXN_014934,CUST_0341,STR_013,2025-12-20,2365.86,Credit Card
TXN_014935,CUST_0248,STR_016,2025-08-29,2346.07,Digital Wallet
TXN_014936,CUST_0206,STR_005,2025-03-04,917.96,Credit Card
TXN_014937,CUST_0454,STR_003,2025-08-05,2101.42,Credit Card
TXN_014938,CUST_0175,STR_011,2025-04-12,1809.06,Credit Card
TXN_014939,CUST_0365,STR_014,2025-02-06,4498.54,Credit Card
TXN_014940,CUST_0298,STR_011,2025-08-13,538.38,Credit Card
TXN_014941,CUST_0250,STR_013,2025-08-14,2935.79,Credit Card
TXN_014942,CUST_0021,STR_020,2025-01-15,3104.18,Debit Card
TXN_014943,CUST_0198,STR_008,2025-10-18,626.24,Credit Card
TXN_014944,CUST_0014,STR_015,2025-04-15,66105.13,Credit Card
TXN_014945,CUST_0198,STR_011,2025-02-17,1133.99,Credit Card
TXN_014946,CUST_0093,STR_005,2025-06-22,3676.37,Credit Card
TXN_014947,CUST_0340,STR_003,2025-12-07,140.91,Credit Card
TXN_014948,CUST_0308,STR_013,2025-06-08,151.78,Debit Card
TXN_014949,CUST_0285,STR_016,2025-05-13,813.86,Debit Card
TXN_014950,CUST_0266,STR_003,2025-11-05,356.98,Credit Card
TXN_014951,CUST_0262,STR_012,2025-09-03,1091.11,Credit Card
TXN_014952,CUST_0089,STR_008,2025-05-02,2003.25,Credit Card
TXN_014953,CUST_0018,STR_008,2025-03-12,888.22,Credit Card
TXN_014954,CUST_0288,STR_016,2025-02-21,3117.63,Credit Card
TXN_014955,CUST_0319,STR_007,2025-10-03,412.36,Credit Card
TXN_014956,CUST_0033,STR_015,2025-02-14,1944.44,Credit Card
TXN_014957,CUST_0323,STR_011,2025-05-03,1584.27,Credit Card
TXN_014958,CUST_0018,STR_002,2025-05-17,1369.08,Debit Card
TXN_014959,CUST_0349,STR_008,2025-04-06,2774.7,Debit Card
TXN_014960,CUST_0303,STR_010,2025-02-08,1369.08,Credit Card
TXN_014961,CUST_0013,STR_005,2025-08-01,212.24,Credit Card
TXN_014962,CUST_0326,STR_018,2025-08-20,684.54,Credit Card
TXN_014963,CUST_0257,STR_010,2025-01-12,1286.06,Credit Card
TXN_014964,CUST_0149,STR_009,2025-09-06,2237.84,Credit Card
TXN_014965,CUST_0212,STR_010,2025-02-05,341.97,Credit Card
TXN_014966,CUST_0176,STR_018,2025-11-21,1271.3,Credit Card
TXN_014967,CUST_0152,STR_006,2025-03-06,199.0,Cash
TXN_014968,CUST_0359,STR_013,2025-02-18,3311.17,Cash
TXN_014969,CUST_0169,STR_008,2025-10-26,894.26,Debit Card
TXN_014970,CUST_0409,STR_020,2025-10-04,206.74,Credit Card
TXN_014971,CUST_0215,STR_006,2025-06-23,297.46,Debit Card
TXN_014972,CUST_0204,STR_001,2025-10-16,210.24,Credit Card
TXN_014973,CUST_0309,STR_011,2025-07-13,565.98,Credit Card
TXN_014974,CUST_0261,STR_017,2025-05-01,372.25,Credit Card
TXN_014975,CUST_0465,STR_003,2025-05-30,492.11,Cash
TXN_014976,CUST_0079,STR_012,2025-06-19,708.37,Cash
TXN_014977,CUST_0313,STR_014,2025-02-10,196.4,Cash
TXN_014978,CUST_0084,STR_014,2025-12-21,308.27,Credit Card
TXN_014979,CUST_0106,STR_017,2025-04-25,2424.84,Credit Card
TXN_014980,CUST_0212,STR_005,2025-06-17,1989.41,Credit Card
TXN_014981,CUST_0313,STR_016,2025-01-14,1036.46,Credit Card
TXN_014982,CUST_0147,STR_018,2025-09-16,2438.4,Credit Card
TXN_014983,CUST_0139,STR_010,2025-10-17,179.85,Debit Card
TXN_014984,CUST_0330,STR_020,2025-09-02,2248.7,Debit Card
TXN_014985,CUST_0255,STR_012,2025-06-09,22.0,Cash
TXN_014986,CUST_0475,STR_012,2025-12-22,721.91,Credit Card
TXN_014987,CUST_0037,STR_013,2025-03-03,654.34,Credit Card
TXN_014988,CUST_0406,STR_009,2025-11-30,802.46,Credit Card
TXN_014989,CUST_0181,STR_015,2025-01-05,1401.14,Credit Card
TXN_014990,CUST_0014,STR_010,2025-02-02,2760.91,Credit Card
TXN_014991,CUST_0274,STR_016,2025-02-12,306.03,Credit Card
TXN_014992,CUST_0382,STR_010,2025-09-02,2518.59,Debit Card
TXN_014993,CUST_0500,STR_002,2025-10-27,168.58,Credit Card
TXN_014994,CUST_0148,STR_007,2025-09-01,713.96,Credit Card
TXN_014995,CUST_0263,STR_017,2025-10-27,520.83,Credit Card
TXN_014996,CUST_0423,STR_016,2025-11-28,112.35,Credit Card
TXN_014997,CUST_0232,STR_009,2025-10-18,1178.17,Credit Card
TXN_014998,CUST_0442,STR_001,2025-07-22,442.53,Credit Card
TXN_014999,CUST_0233,STR_006,2025-06-09,540.58,Credit Card
TXN_015000,CUST_0217,STR_018,2025-11-22,920.79,Debit Card
