node_id,node_type,emb_0,emb_1,emb_2,emb_3,emb_4,emb_5,emb_6,emb_7,emb_8,emb_9,emb_10,emb_11,emb_12,emb_13,emb_14,emb_15
LOC_01,Location,-0.11057087562873691,-0.09088790568769897,-0.13084531098014188,-0.1161232590375362,-0.05447806638033572,0.19631921372693995,0.07388081920973158,-0.1290350109060311,0.16684120723688975,0.05503673059386452,-0.04107976541480632,0.0723320273997475,0.0039859449974248215,0.14439516446303663,-0.13711516868839288,0.3465604384665521
LOC_02,Location,-0.04223228216723492,0.045098262569219935,-0.03536413456191868,-0.04120912559353875,0.019434135237530226,0.023429778992829237,-0.017303291693160354,0.012807152908219705,0.09048900725001685,-0.0913223261433887,-0.04405297075915145,-0.04676640341661265,0.049300823127148875,-0.04792199099193365,-0.1861078012278188,0.18348071434478375
LOC_03,Location,0.07707378818254113,-0.0816994850286883,0.045862460712331236,0.053795347138048975,0.03810995317385638,0.03149524079481761,0.037145014890369886,-0.03760025282887551,-0.04635109983959718,0.04974303444994529,0.02899321340602703,0.029502405706203022,0.10889095032451772,-0.11114201508267292,-0.2101879535772881,0.2071543527152485
LOC_04,Location,0.10370328413711015,-0.051060066288028734,0.09494800748687554,0.10778632173271978,-0.069576305253145,-0.022307984155002028,-0.052058334769921215,0.028197361797280312,0.04152353928557713,-0.10535482497118037,0.17541643150784755,0.15249471012198978,-0.0550450197424351,0.054464880976916395,-0.17062541860877972,0.2053965818944007
LOC_05,Location,0.015073219591923976,0.07589595166448876,0.011411134650205535,-0.0009092751551928428,0.023089094733543092,0.02244824045062642,-0.010599894244238349,0.03263442670279259,0.056698923235086525,-0.019325772286173413,-0.011781759762188497,0.00047015139091836515,0.01478019545299351,-0.04234069682030079,-0.1373776455363079,0.16746051605895335
LOC_06,Location,0.0174535971065026,0.02181004068089361,0.06958076428871791,-0.0013349359748781177,-0.005830280787249473,-0.017752469340439163,0.05102126286039791,0.110337923974462,-0.06618555523810928,0.06483386526662556,-0.027123732427983875,-0.07014921512569497,-0.048388110782437814,0.06683174707899078,-0.14151304355411684,0.2521099592061299
LOC_07,Location,-0.007621205295322823,0.13560821329661876,0.00648475435328143,0.02390039467814633,0.0498434159638687,0.02717022337983184,0.030455135131765745,-0.007934320444277656,0.02300832792002163,-0.029751642849731263,0.018986330418956206,0.028737004803746906,0.019790857811421328,-0.02117771575771225,-0.14978271875523597,0.18816867506615287
LOC_08,Location,-0.0252481792813514,0.010345495956896765,0.014830108180047373,-0.06459684963505413,0.013707411511258085,0.00406240286180861,-0.05347011660762627,0.008096068085953695,0.024613485142244384,0.10584211326244626,-0.03964665200240505,0.008105076643849159,-0.166771943222597,-0.07791297199823823,-0.1352002498066723,0.2557172615506005
LOC_09,Location,-0.019681939171151897,0.014729271454307833,0.030117190349008074,-0.04771364331211015,-0.040375282939352546,-0.060068971199545525,-0.05816394626504442,0.0015654490643465403,-0.14828193513174961,-0.20161989516952003,0.03672503100098404,-0.03230773251906371,0.06880281727557731,-0.04893179883140134,-0.11597586801173422,0.2839978220873057
LOC_10,Location,-0.032976697714466006,-0.0040631551290717625,-0.03253256704470104,0.13835078467901643,0.03776134578082293,-0.15021038483997673,-0.0750571944210857,0.04663631105016024,-0.017776353558244067,0.07687751208369231,-0.09572580509337475,-0.1598712168468014,0.006003233151270581,0.09886759275200405,-0.15552091518009206,0.2490643997631674
SUP_001,Supplier,-4.3161321117701103e-05,0.006278773853270432,-0.0056871160325797235,0.004366339321704396,0.008947671637776097,-0.008108865216043502,0.00017259534925239588,-0.0005860075440770273,-0.002316843387362755,-0.001953328712584039,0.001309883597481032,-0.0008013588684660045,0.0007593189642048318,0.0005083248348615932,0.031127618371731773,0.031524337261784746
SUP_002,Supplier,-0.001155784066551698,0.004941319203030513,-0.004404165491273512,0.0037932007688608045,0.0010160845344777286,-0.00014622489957815389,0.0009382569375945122,-2.4034311169177814e-05,0.007070769162020709,0.007548217820538927,0.003965527848095841,-0.0036284716996657,0.0023056571459502003,0.002235005362790935,0.017984027752075242,0.018551783643187995
SUP_003,Supplier,-0.0010637015992177505,0.002473770330493839,0.004091366392028167,-0.0037628709313988805,0.0050257886568219464,-0.005532936849169812,-0.007127447150687226,-0.007748238492692153,-0.004384608535499979,-0.005469788343335706,0.00813304073008493,-0.007588469160726648,0.0004079613879931869,-0.0008085386231720351,0.017942653109304933,0.01833539158271445
SUP_004,Supplier,0.0028676436654964657,0.007016110903318805,-0.0006889484657490892,0.0016056968050915364,0.001750716984130429,-0.0017471609546764915,0.0008601266703212189,0.00012817291135382752,0.003930331482330802,0.002431994194162643,0.0005727244414882498,-6.874293568792901e-05,0.00047334448132181904,-0.0005655422184193301,0.00712203570771319,0.007663777502125204
SUP_005,Supplier,0.0023733083041737883,0.0024032123646751244,-0.000984703143031707,0.0015242806077587839,-0.001221541869951642,0.0013697553717016153,0.003276244561395213,0.0032848201833115768,0.0027172694026261577,0.0028420607785258436,0.0017662061604192209,-0.0018850753685361265,-0.004186620624087582,-0.004101261656602693,0.012183076265584956,0.011993045068710406
SUP_006,Supplier,0.0020248570700083643,0.001423267823951422,0.00508662574487078,-0.0017113592472061299,-0.000409473077904788,0.0018363184032752415,0.00013710094053293287,0.0026766542969469996,-0.005979018782235688,0.008188381777910224,-0.0032196641202664814,0.000406610991113547,-0.0010270273998905315,-0.00019523881907824062,0.01100211627636216,0.01433499402720882
SUP_007,Supplier,-0.0037560653264010063,-0.004026952125988175,0.0034846631887856896,-0.0037417555100666246,-0.0024358458914796885,0.0028887518865420986,0.002587136036673226,0.002202075039372092,-0.0055942692401192255,-0.005581602155399117,-0.00024091627431106774,0.00043262003930469447,-0.0028854598432477506,-0.003140402517368635,0.015360016601894753,0.015106030525791925
SUP_008,Supplier,0.0036662252120522034,0.003331331590142396,0.004849818096448746,-0.004654515059364044,0.0027011831479424302,-0.002343685949412765,-0.0005755734146485553,-0.0004714809413826339,-0.004856929282361717,-0.0050150169461444065,-0.0019038733650131603,0.0020161112346414986,-0.0024034508694493837,-0.0027818158201352544,0.012999471386879236,0.012785872486675365
SUP_009,Supplier,0.001397290264075274,0.007442884823068396,-0.004021700880767455,0.0031784454523437733,0.004484774065665206,-0.0038489120531058,-0.002085903402472139,-0.002831012561733409,0.002117127044941402,0.0025676907185099465,0.0002336036781438275,0.00016865796587908118,0.003713746832558007,0.0035986107502403407,0.023636096602845942,0.024142683688075827
SUP_010,Supplier,0.0064400839290116646,0.006791547929385792,-0.0040557150372287345,0.005064762409107068,-0.0027234319437176306,0.0019574385800499835,-0.005591893259354214,-0.005525911651466089,0.007092155463371327,0.007327092655296046,0.0020812336406604904,-0.0022258718087106145,-0.0006758582553201044,-0.0006694917137599993,0.012792555684223541,0.012582333674790933
SUP_011,Supplier,-0.0009887081264288345,0.00430906279200073,0.003259665033075707,-0.003938643863089238,0.004240975091237324,-0.003344430870006746,-0.001039397374975599,-0.001580163247774473,0.0034622598972492355,0.00399877269538396,-0.003949937583339878,0.004200984214564663,0.0053854834630487295,0.005353910764019941,0.010045556479207402,0.010723028523387697
SUP_012,Supplier,0.0052163109922432685,-0.003261241922520647,-0.01124128433898469,0.01061906283097875,-0.0005548683890094878,-0.010389799050134806,0.00274360175368014,0.005208599979678684,0.0063047680860445435,-0.0026552043168609086,0.002819633678343748,0.0017054417258688078,0.000953798683530969,0.00650042092279801,0.011110698467816735,0.015313510723222611
SUP_013,Supplier,0.005206285050594246,0.007308533356388175,-0.0029498261540365917,0.006407587358188429,0.005824710081856934,-0.005553363358953418,0.004316394741857368,-0.0018121611028527483,-0.0032968056902504947,-0.0035632947402859595,0.0015580437619818947,-0.0032098088956407857,-0.001971328233371214,-0.0013706628870020822,0.021229609873619305,0.023254113782370023
SUP_014,Supplier,0.008321788960587386,0.00803040161755054,0.0020779279328687014,-0.0011157657225549903,0.0022502187702775904,-0.0021704912181853965,0.004550332028265155,0.00486398751143646,0.003510652813405491,0.0035690929195781066,0.007426654085599898,-0.007376877639959033,-0.002794454705852966,-0.002837188650921632,0.025262357842873596,0.024897686703951833
SUP_015,Supplier,0.000629955282094715,4.657002114068818e-05,-0.0007629986308898475,0.004257058894898425,0.0019041004802593632,-0.0015782602505066271,-0.0030543165628797954,-0.0009692423376200864,-0.0018979824462497632,-0.006995850286734959,-0.001806106590415862,0.003702986227575395,0.009636977939054868,0.0003689254443741431,0.0078934274728052,0.010299635221406615
SUP_016,Supplier,0.0008661869865769523,0.0001427842627768889,-0.002306367456383616,0.005852539711073448,-0.0049891540372111924,0.004869581343632014,-0.005539908081894077,-0.00397180440280914,0.00642581275918984,0.0010855168979038291,0.006534154847006918,-0.00474343402960167,9.708852981213789e-05,-0.008868119924129957,0.019406395027733003,0.02166722288957054
SUP_017,Supplier,0.001545234642381332,0.0009678281851585981,0.00044427015159745873,0.003597779134675215,-0.007468575926817076,0.008112694713187655,0.0004948913995339335,0.0017525977345102107,-0.00210464147519759,-0.007243762611878688,-0.004344341226942926,0.006354859082011726,0.00869085447375901,-0.0006143774350838604,0.01043324807416134,0.012795396301342016
SUP_018,Supplier,0.00752438724714855,-0.001975727842503395,-7.462349960036936e-05,-0.00018628261829903547,-0.007048091449262381,-0.0032128749399845764,0.00486681310533242,0.006590267197705953,0.001860778625908247,-0.007028066311804959,0.005869739751877481,-0.0011555067019553371,-0.001335211314299923,0.004105193763177086,0.0155418311201842,0.019679737302809707
SUP_019,Supplier,-0.0004690177551179938,-0.0007430449701491012,-0.003965442208962652,0.007834644737296283,-0.004624262862271877,0.004517802094246943,-0.0033165535606634283,-0.0017753928664813016,0.0020416605111903286,-0.003223210455767153,0.00110113493040788,0.0009269128372365905,0.007013749308137694,-0.002467246325874356,0.026345056838721168,0.02849059008766463
SUP_020,Supplier,-0.0006940893310402033,-0.0007910840822611344,0.0008981664177694403,-0.0007913411821521432,0.0016093448295623474,-0.0011916126250091832,0.0041841517288746435,0.004249257021305644,0.0017075116594338986,0.0014724408763572513,-0.0010798965793511904,0.0010240695772833377,-0.00788050622116615,-0.007860018102690726,0.01391859879749093,0.013687924720563242
SUP_021,Supplier,-0.0007755116426967692,-0.00221608149074555,-0.0030170575609034986,-0.00463072394561554,0.001964835986923454,0.005630198740416194,-0.00643868123668058,-0.005282328411426267,-0.000791909739902682,-0.0031492276607689496,0.003966574997445206,-0.006519145792045422,-0.0026171014744753003,0.0012855808043869875,0.007118735812621625,0.008967980822211638
SUP_022,Supplier,0.00328554252860521,0.0029417240309617073,0.005142447151582925,-0.004874106111015236,0.007266770659465953,-0.006895414507812112,-4.2673903477745244e-05,0.0007178918389907026,0.00576082113195699,0.005920593620668275,-0.004565414637638856,0.004355483927394757,0.0009122631497527798,0.000777406587413825,0.018896240468325214,0.018601942783162552
SUP_023,Supplier,0.002635878524698728,0.0019831057998066404,-0.00014261064822754395,0.0037634152525047953,-6.18245230789125e-05,0.0001741573677689739,-0.0050119328066883535,-0.003336727901619819,0.0024148474347896335,-0.0027022840847159757,0.003114552391489629,-0.0011695298219345563,0.011181451607335843,0.0019248985293056193,0.01486444236759892,0.01719001617050102
SUP_024,Supplier,-0.0031685451556349113,-0.003446675640384892,0.0029026982727833467,-0.00329236023976867,0.001978681981678357,-0.001715407415015372,-0.00019702643887888844,-0.0001427874286405491,-0.0027346037374851883,-0.0029333835276698925,-0.0048713128967876815,0.004858025281373469,-0.004993794341596323,-0.00516240415141598,0.00922057233222135,0.00905901849125191
SUP_025,Supplier,-0.003700322083440558,-0.0038196584763108502,0.0018884930142495102,-0.0022915249586813306,-0.0011813086191696045,0.0019003234635626728,0.007371207411452206,0.0071039544127921034,0.0019395919147520387,0.0015471730518255384,0.0006648470269736004,-0.0005889180491295219,-0.00527362228225208,-0.005315625378979607,0.014166166611456277,0.013936929347448382
SUP_026,Supplier,0.004258087171560442,0.009095071334372205,0.008534655361387403,-0.008310611776156452,-0.009495969654844129,0.011067549276434198,0.004804916962914107,0.0028837939063759395,0.003995268844537629,0.004653016122936694,0.0004762787228118601,-6.933164656659832e-05,-0.002289540106555336,-0.0022584322734400856,0.030484172957640148,0.03089124346449372
SUP_027,Supplier,-0.0010715922454025489,-0.0011767257855832783,0.0009077838012327949,-0.0011236302204349368,0.006239368112140446,-0.00609679891236779,-0.00022480987705888103,0.00029040802961014786,-0.002644071588379934,-0.002789581893562556,-0.004078324040330076,0.004151594640443828,-0.002179769057584051,-0.002515324091647814,0.015995211169425053,0.015741497910211566
SUP_028,Supplier,-0.00575495173602118,-0.004098812826025455,0.010094120524465924,-0.010563363241089174,-0.006843213952911813,0.004518025381094246,-0.0060814324227476835,-0.005493715741393745,0.004429711203771009,0.007078292230912168,-0.00179662463328745,0.0009428214516123753,-0.000975483715203033,-0.0008909559358835026,0.016332636034370344,0.01685682456774454
SUP_029,Supplier,-0.0002200028682144521,0.001915599238950587,0.0063830315963283885,-0.006469260732746753,-0.000469702530817666,-0.001206301610899939,-6.362176662563097e-05,0.001319671750183469,0.008184292675122782,0.010861767642950576,-0.008433000210763457,0.0073656678183051496,0.0033742323833385046,0.003355447178666543,0.02678803360234856,0.02717049322214278
SUP_030,Supplier,-0.010132051323393445,-0.008534084550199392,0.005982702119209895,-0.0031761785031958452,-0.006553565258034832,0.007437500629640753,0.004432131948682831,-0.0028479978986857752,-0.0009849403855039336,-0.0007909427645066251,-0.0021277607761298724,0.000427894781165638,-0.0015091526990704562,-0.0009531539989097526,0.03082599128620793,0.03269309295132651
STR_001,Store,-0.9425011977784311,0.9446757817045357,0.14576794486835606,0.07407320408341099,0.04967680658690138,0.014007132572533967,0.25076293711034736,-0.267841666172389,0.43040069937286096,-0.41962602210650507,0.15320871990074295,0.14224804932014393,0.3442880792347924,-0.33926764110370355,-0.7597111074365381,0.761104849254522
STR_002,Store,-0.6436044089326509,0.629810577044772,-0.054371591378211445,-0.15631483273237215,-0.5709843863671749,-0.5384504195003734,-0.27420609379434646,0.3271621678508725,-0.7412544429007198,0.7349156245208759,-0.2743046439088416,-0.22945040840547368,0.0026587446001613076,-0.018663460300244517,-0.881874545058947,0.8838530606945427
STR_003,Store,1.497817617956892,-1.3730804130691283,-1.416368648446004,-1.2853302515668261,1.1136762287434503,1.2170377815516404,-0.572179383091252,0.45244064162483005,0.3130268363011099,-0.3652014328030493,-0.42905430232658764,-0.46755159064943236,-1.0451743098789306,1.059640008658136,-1.1959982512483547,1.1963357931606267
STR_004,Store,0.03152102825082612,-0.06325096389767138,0.49143375335227185,0.48048055771764087,-0.22437243978578666,-0.23696263644430227,-0.12112804791266378,0.13971023616552863,-0.3354823123044868,0.31404155591639027,0.03875602769220694,0.04464897504447294,-0.2608053435566707,0.23814553618619305,-0.7614921192511654,0.7647187479921165
STR_005,Store,1.2616702516474336,-1.2807276846477411,0.0859279588560477,0.09476950136699584,-2.256752060519509,-2.269576179597398,0.15582383181989332,0.05926886337448054,-0.5268294082620766,0.5078443105664159,-0.31245438087574784,-0.2962588191574143,0.20484915918411326,-0.19428601144535862,-1.08027754567346,1.0832065904571875
STR_006,Store,-0.4472240379080104,0.5166564746785777,-0.6279508968793986,-0.5993851367177281,0.281063707679991,0.2344259456747756,0.5391455598654713,-0.5341175197698772,-2.0783479557131868,2.130831291004312,0.9480873167472106,1.000700716630428,0.13598190434154958,-0.20715547923268765,-1.2614840806192171,1.2592638500787448
STR_007,Store,0.17006912435942528,-0.3005694412842794,1.6385688710166382,1.7334514906763745,0.8605684072308133,0.8870952648818844,-1.2050797986934318,1.1805801073511017,-1.0102035932077555,0.9384384022445905,-1.7170401355831144,-1.7103690285388786,-0.3829662631550974,0.3328042107996678,-1.0773949715095223,1.0777816333429329
STR_008,Store,0.8174439668436925,-0.8835329968144933,0.8940595729077925,1.0275101068601669,0.9456889480918633,0.6900004832855042,2.30813035235094,-2.364238696523286,-0.4875187696182629,0.5082752478536867,0.2988574764606492,0.30838944264280493,-0.1187011169498509,0.1259089742540951,-1.072413262773095,1.0719582831607077
STR_009,Store,0.2891576869388345,-0.2084952820870959,-0.8134672949556669,-0.8465671281584946,-0.6667820356407486,-0.6247118539191112,0.14736936809671433,-0.10277460827322692,-0.6077120810102012,0.6053341607035988,-0.11905364953357056,-0.09883897649105187,0.16601399985522125,-0.20296198586536018,-0.9231403622796159,0.9244486581385575
STR_010,Store,0.07707866225509864,0.026469455193667602,-1.063432450537342,-1.0316533842307203,-0.6598764239383534,-0.6613981511740374,0.4106521782503318,-0.345436898396353,1.090152435927586,-1.0596449314472887,-0.6932530826267497,-0.688646654451271,-0.012193040470644545,0.04597201712966126,-1.1542743326829035,1.1552675493885836
STR_011,Store,0.5488308607778591,-0.5970338538611565,0.1295051648302227,0.19667923198870582,0.610460989929612,0.7024569072282897,-1.2002489499991007,1.1541157373636046,0.36085316731914074,-0.2721141461141673,0.9781916450419051,0.945180723342225,2.8422662749865153,-2.8388843675165054,-1.1863772297227406,1.182773766269739
STR_012,Store,-0.17694984769047822,0.2085209332481991,-0.44047364043261744,-0.47975573781281466,0.013055743777245029,0.04092325254874785,0.030244086052202548,-0.051023259592639585,0.5047989727962244,-0.5128907263154501,-0.006786191567875464,-0.022642449827486186,0.056311891034294785,-0.03801585793428296,-0.7568299598233965,0.7612063179113157
STR_013,Store,-0.01416159605711132,0.04337845704689163,-0.4516341953671262,-0.47246812341429933,0.021482350765697527,0.09359401778981132,-0.23111128845070344,0.21784413212528825,-0.17294791362159614,0.15021773825739632,-0.32634011248402484,-0.31960960441786873,-0.23112664732944058,0.2374711451707198,-0.708182822296979,0.7142972718253623
STR_014,Store,0.3374746917724386,-0.2921442742590928,-0.5637358729145759,-0.4746695406967488,0.34281913046812545,0.359832733996025,0.123003687595122,-0.12466073100121716,0.5331560871573708,-0.48584083814910023,-0.13879379108262777,-0.13377553720471136,0.21506700923115304,-0.19968799327155384,-0.7860040330453908,0.7942180150755337
STR_015,Store,-1.083680212483468,1.119151921745527,-0.44469058570469755,-0.5040196236712101,0.9011761837187076,0.9228675484993674,0.07255528844579773,-0.1970832102929179,0.4216314155857317,-0.43552473218413096,-0.3038166690381437,-0.33797404086908145,-0.26595959123624785,0.28118811109118763,-1.0819282586909724,1.0819777236101558
STR_016,Store,-1.32084572813647,1.34738213212115,-0.1637168682945414,-0.2799505343627649,0.21992874786269673,0.20736287513613433,0.2935455163399765,-0.3134599048379522,-0.07741235860996011,0.09351470929598772,0.12118733469242841,0.133747139891582,0.013000293860629139,-0.022964866310890886,-0.9633729863577114,0.96549901570357
STR_017,Store,0.4719919334762734,-0.5452899225941008,0.7382956030459286,0.7580852987015971,0.2310035784894477,0.19397237500003994,0.06494752540601698,-0.07006715085400685,1.0226579369863056,-1.0325676747390213,0.042614404500056616,0.028579598423555015,-0.4217049802265745,0.44947151850871175,-0.9616540654328959,0.9657842067429588
STR_018,Store,-0.39800699785722143,0.32632258807398556,1.1722589106055021,1.0833426572705602,-0.5246164766257628,-0.6351011624441707,0.9115610557432009,-0.8850533533389904,1.359092752252724,-1.371945955451364,-0.0871032992454525,-0.11139031924223888,0.39095593859800315,-0.35809098267677086,-1.0108736015523812,1.011111506345043
STR_019,Store,-0.04081104250871918,-0.028384033918383345,0.6174987839346038,0.5967886840636242,-0.34949383292417735,-0.31709843807478433,-1.1370663386540945,1.1415900908843306,0.39217157721889323,-0.4102620207639047,2.409317438941669,2.40166407513679,-1.722493468494829,1.7214051096654495,-1.001202546718437,1.004897739300931
STR_020,Store,-1.1079547426760563,1.0715943481908188,0.2869346439879032,0.14909716207813542,-0.7321935116279363,-0.6741275410934736,-0.6157627975934377,0.6565130211600653,-0.0021984716440067082,-0.04471356650176515,-0.8309040085805001,-0.832388195405109,-0.18041092326561353,0.19000824624729473,-0.8434179455970547,0.845382282158495
PRD_0001,Product,0.011158312161070261,-0.011636017851370603,0.022533898634682584,0.02478119904874954,-0.009696346733132985,-0.01603437650925095,0.06315335986169812,-0.05989439082659409,-0.118746356990582,0.1165889087901437,-0.0023956777038251593,0.0007629421675494937,-0.02606198449016685,0.023440134751839443,-0.17426288779112145,0.1731667367301765
PRD_0002,Product,0.050619158989748815,-0.046369751662564115,-0.037188163933852346,-0.03125894735984774,0.00912730742219651,0.015584572710384362,-0.08093508906782602,0.0813666335244336,-0.002126212418980778,0.0023276319616147077,-0.005733657789850721,-0.00697815422578221,0.06379139302570429,-0.06457064084606834,-0.1869377737461591,0.1853397803116534
PRD_0003,Product,-0.016673362770107204,0.015580800893369747,0.015771355607500866,0.016372904622704704,0.01017868789624106,0.009202102106804718,-0.007537631492463005,0.008653548977352111,0.012702573433918549,-0.013199286647386812,-0.03273288210632618,-0.03118918524669549,-0.048025646955093475,0.04703825223896059,-0.19223329600712694,0.19114690246143926
PRD_0004,Product,-0.12659866488736368,0.12476387163298967,0.0017607480730255972,-0.009649761947416754,-0.028173312184592077,-0.019764526968999913,-0.07744484825022797,0.07906545715020577,-0.04094047164292816,0.04340499022750358,0.0313125068110614,0.03477898135129073,0.014354630931011652,-0.018355736391147473,-0.20927186982594806,0.20796167997152845
PRD_0005,Product,0.008447445641908947,-0.007078277786773866,-0.03028098213410431,-0.030016721332160726,0.01524979214651469,0.011327735943672146,0.057977634013087566,-0.06062737523173046,-0.02908125127361013,0.02783672925930831,-0.006383867934469173,-0.006971459892500748,0.0185856535063443,-0.017763780420208167,-0.1867080295736198,0.18556055217880946
PRD_0006,Product,-0.0382794326990206,0.03784146181417336,0.0017457441265478313,-0.004416979996896653,0.02381989982575018,0.024682831585826355,-0.0021477565424700778,-0.003518754319053834,0.0372982789741256,-0.03930071563422408,0.09016217072919387,0.08868938742919444,-0.08298955967743286,0.08397080130624761,-0.16945067295286925,0.16829779403500195
PRD_0007,Product,-0.0233334769980228,0.022043440352401553,0.033514310433576854,0.03608796217810875,0.04776678399178558,0.03931656595088036,0.02014637285037729,-0.022646703626323695,-0.06451094191077893,0.0637847952836209,0.03708295956127065,0.03857795925637276,-0.07691863042823087,0.07384832157444943,-0.2614721737917869,0.2598102382877966
PRD_0008,Product,-0.020549856967026114,0.013607173460718667,0.05975541637696429,0.05900519044774546,0.03195601146186321,0.03197231087796973,-0.003894264239138196,0.0003996313184622273,0.03868514170130372,-0.03755364787516475,-0.016141371352053915,-0.016349308818152844,0.05244615085972839,-0.052776984965687536,-0.2537771060521705,0.25209898468240666
PRD_0009,Product,-0.08031052814333349,0.08377456077132114,-0.027331941485661045,-0.036224663955464656,0.018689843596107758,0.019328786132104182,0.03143849743969844,-0.03574035060419757,0.04207960883487252,-0.041840479003198684,-0.002867733629744594,-0.0022295407267731156,-0.02740366513846621,0.02725306156643616,-0.20523979036080034,0.2037687548423554
PRD_0010,Product,0.027447836794771176,-0.031225672037155133,0.04511317011349998,0.04423478164198243,-0.046546277513120224,-0.04330588707935014,-0.06248229632722696,0.06710588906103236,-0.07326381925263123,0.0740676002002831,0.05272261241959383,0.054497840867403495,0.03945653762245517,-0.04416276497148529,-0.19984501341299746,0.19791074843130715
PRD_0011,Product,-0.009913680972744832,0.009877019682695793,0.025276305067566705,0.023790902850024585,0.004799767530842887,0.004462185206499175,-0.014112151022053763,0.014230626239313518,0.021191638736432435,-0.022801725298214802,-0.02227684918953297,-0.022999530921920502,-0.006858665215817158,0.005878968114458784,-0.1728618826705299,0.17151034163304635
PRD_0012,Product,-0.09416975709584617,0.09105625730615778,0.026972134241857005,0.022260539338548612,0.02819339704826447,0.021161649516535194,0.08779978440085527,-0.09102126648312667,-0.06651081720187141,0.06722781923309254,-0.036754164896188504,-0.033794109600716285,-0.041560881259507756,0.04086429614359939,-0.18359897878691167,0.18273512736434552
PRD_0013,Product,-0.01787779710006653,0.019727058884931124,-0.017858336137187614,-0.01844608540912928,-0.07755630676434369,-0.08109564254319979,0.07286533145789027,-0.06681698413411072,0.11764247042754097,-0.11232746944606464,-0.037956352981084074,-0.0379074118160239,0.06324026724435498,-0.06103245916260342,-0.25830050813785754,0.2565219789083997
PRD_0014,Product,0.0906536208066247,-0.09127689651012674,0.04336281378214206,0.048196965734801735,0.006104205114610125,-0.0010658104304487,0.07579571327244108,-0.07597711982201358,0.08418744000016719,-0.08721970645471613,-0.021058217853480058,-0.023752415402823107,0.014352167131209438,-0.012445697611260954,-0.18585093841620262,0.18446850860585753
PRD_0015,Product,-0.024734993597035217,0.01920507769806549,0.00771967622465822,0.0033409891673364246,-0.09303594393484411,-0.08652647465811512,-0.08646387551284794,0.09211737080757651,0.06673638667199729,-0.0651144715135382,-0.004004812650243615,-0.005114233745520673,0.026731131815482513,-0.023910123982374357,-0.2293442607555305,0.22802616094948527
PRD_0016,Product,-0.02341101507255738,0.023068724649076583,0.004474610550719945,0.003338179161518255,0.03189887426597256,0.03441765966124226,-0.021642004847157024,0.01901516813507287,0.07530557867643074,-0.07595417187108308,-0.060389824447216675,-0.06213469644492597,0.0058286919226212845,-0.004405167864683161,-0.14010465202502304,0.13936891170251023
PRD_0017,Product,0.026484790380567776,-0.02924995005155182,0.02117409268593873,0.02348755442147506,-0.004866878212044442,-0.006350247922002279,-0.0047157164761673104,0.006347204253021299,0.05172719486580652,-0.04873557980000739,0.040806651232767104,0.039496120061478124,0.10022713139437305,-0.09915254139743053,-0.22788728898592434,0.22609313636319234
PRD_0018,Product,0.008770305216806575,-0.009878652450703957,0.013808055547585563,0.015434064116161302,0.07736598418887145,0.07644449112664985,-0.018282060015119724,0.010014104281241804,-0.00707704974838505,0.004249557813811195,0.04957581228488891,0.04851575852748937,-0.037079624576807434,0.0359473823512359,-0.1493315766616774,0.14823035303312937
PRD_0019,Product,0.13835743453309723,-0.13361297593017624,-0.040335586657823094,-0.03427395634110934,-0.0813081285046455,-0.0761475654174042,-0.008322392605493207,0.01814674324102091,-0.027126365237883598,0.024099340788330478,-0.10422736067470115,-0.10308288420992968,-0.038353224175070685,0.0366795991571238,-0.2782928591703576,0.27643820543656034
PRD_0020,Product,-0.0049911370274416614,0.0032610918385464105,0.021215558617231962,0.02234499535142236,0.009109119489443686,0.009522514887901075,-0.04191844643304569,0.04106032003611277,-0.02237596407247546,0.024033487883947026,0.09560818461699827,0.09483266651162628,0.024286923240728998,-0.02658151524481803,-0.23338309543446953,0.23165964320991045
PRD_0021,Product,0.014321173003558533,-0.010046470036633238,-0.059945710698506766,-0.0632829345673629,-0.04494148953325527,-0.04714636946062045,0.058378629443128445,-0.05596833653657761,0.04373497439935155,-0.04247952930495651,0.0028864729340128494,0.0024291110603939284,0.015873312436364705,-0.013451758756702278,-0.2409274505707253,0.23920298377994248
PRD_0022,Product,-0.011071880928701854,0.004843587017079455,0.061930335596853965,0.06427649599342625,0.04685795924735757,0.03494733877718725,0.07323255760833418,-0.07811031168530846,0.047575351475756755,-0.04773179907579162,0.06775916891053067,0.06577640750518984,-0.010622689245077085,0.01358261179437989,-0.19042343996612596,0.18898198678705055
PRD_0023,Product,-0.03893443645460118,0.040224104712643885,-0.013524392041376822,-0.013357218387297842,0.0354518645073266,0.03331194484040651,0.023904374870184385,-0.027383642543882175,-0.0024661017710187454,0.004687018269102743,-0.007431316864307432,-0.007557813447553826,0.07452910083322274,-0.07368528050781711,-0.17983774154103963,0.17869409792578025
PRD_0024,Product,-0.05144263558195168,0.057480045330517725,-0.06271674355111703,-0.06603830755682116,-0.008005144500404505,-0.0019196641637612547,-0.03551835244308411,0.034599573421443125,0.015852773141454873,-0.01780583740562872,-0.09871274688855147,-0.0988301457237488,-0.011035835049812863,0.00982470392101808,-0.2167028030880518,0.2154790429168711
PRD_0025,Product,-0.05266413229014094,0.05527841686609115,0.0007353741886399033,-0.005069236890191982,0.04144529017398347,0.0502083282314992,-0.11311328758552465,0.10914182053474242,0.060113320217702715,-0.06585963516809816,-0.0768636685971662,-0.07891832055616758,0.006972599232530724,-0.008296771626956384,-0.28438591226808235,0.28219650125132134
PRD_0026,Product,-0.006091367485627535,0.008107701696753624,-0.013651909572116054,-0.012597439277498146,-0.015551848830951481,-0.010600874877291748,-0.05511420425390641,0.056644167781243565,0.054237746285167796,-0.055469457544817614,-0.016947227294927838,-0.017913558825291304,-0.011743428283572452,0.013402122952099273,-0.15262377154967943,0.15166349429390746
PRD_0027,Product,-0.061174127068642926,0.05487861224180686,0.047520009860549946,0.03923920138276916,-0.010473951257632579,-0.01137354306333841,0.008528352501713413,-0.009902429136196086,0.04413546510253492,-0.04668555790000881,-0.024007346311142073,-0.024464201547110154,-0.05178741929343163,0.05361755368379011,-0.1822939737608784,0.18150531012103516
PRD_0028,Product,-0.12679752937828917,0.12490028803532317,0.05662964201694205,0.04790329329551668,0.03908032841652528,0.034645778848313526,0.010766628604858766,-0.01216439682472909,-0.04143575209215855,0.042646222311761066,-0.018496160699499373,-0.01689565667711232,0.03273334204310334,-0.03717617126944732,-0.2225182787188746,0.22083672957696995
PRD_0029,Product,-0.03547824220380443,0.03619663220998421,-0.003132984627637103,0.00258880859196663,0.08660703158415453,0.0805044626694613,0.031577525066613085,-0.03743361933237958,0.0006839210018799184,0.004546038657011021,0.05578435006158247,0.05479659800382962,0.07116820815011789,-0.0708106546851836,-0.18245563202871215,0.18114677352451738
PRD_0030,Product,0.019608674730879107,-0.023010080209456923,0.07443840976394016,0.07559144448605364,0.03868971740841123,0.030822144144321,0.02487404633251832,-0.028938046467970345,0.060910215406231476,-0.06274174910315579,0.08140321855710185,0.07899620071162809,-0.00046529355793595105,-0.001003117588893292,-0.20949710604487995,0.20753010662239268
PRD_0031,Product,-0.015310559180574819,0.012817436652954916,0.025498546009280757,0.02301467520607503,-0.01625430166179166,-0.0187872716443528,-0.01174701675031437,0.011683383945047142,-0.049560308890661646,0.043408514494739536,-0.022129676798244687,-0.023061975963957898,-0.030790669063066583,0.03014057131612184,-0.2228758912417604,0.22139961166849442
PRD_0032,Product,-0.03368085619381402,0.03261262546124649,0.009581616771203914,0.005943398995050065,-0.012729511986878515,-0.010100258230675386,-0.061856270968793425,0.06118971528890704,-0.03427927583280227,0.03374171324001835,0.03820137582099783,0.03899309276659453,-0.07752744453679872,0.07410441225915033,-0.1926550741301608,0.19134972186726326
PRD_0033,Product,0.018233165301402864,-0.01114093969500141,-0.07498288413087072,-0.07809861024492656,-0.10041092191357494,-0.10165430279481899,0.03994806094086824,-0.03178369643074922,0.03225738196354543,-0.034261477047032605,0.007114308954569619,0.00905151516711568,-0.09855399313131188,0.09898387889533224,-0.27113958895366147,0.2691595477713005
PRD_0034,Product,0.07774667495515224,-0.06629522857173611,-0.0956899853933783,-0.08304770975419803,0.11295633477734643,0.11453314919815623,-0.00899770552893977,0.003739420220645291,0.003363762191488832,-0.0019408323782927504,-0.015995021866069416,-0.015203839257054054,-0.0313731161385508,0.02793345153196905,-0.2146956473183875,0.21335229749540907
PRD_0035,Product,-0.07598634375496373,0.07591011087291613,-0.02737487254007625,-0.03953050097372955,-0.048231423105926007,-0.04122290876116751,-0.01008398406091816,0.0105471608933123,0.014410987442623972,-0.01131613964123989,0.03886801454842611,0.04122314197188796,0.027993305052943653,-0.029895265550189815,-0.20348607676605404,0.20233404359914275
PRD_0036,Product,-0.002079438378265587,0.004264457668141185,-0.024121814076873846,-0.028318341001985162,-0.06632041315687284,-0.07036005715483921,0.04606057438549373,-0.04107418551781843,-0.040302467209687325,0.04101090480579872,0.06658124686474363,0.06860797470548256,-0.03850293737517205,0.03710677445917869,-0.14630256884240164,0.14534361954507027
PRD_0037,Product,0.008451279117596237,-0.009738553767470529,-0.003915271695164252,-0.0031928532265944154,-0.015897413059143408,-0.01518530872327908,-0.012011315719675838,0.013213473624042547,0.016688642140580516,-0.017175684043504582,-0.009866119221392102,-0.009944278956551741,0.009634007341643457,-0.009928661426339207,-0.2055137673143762,0.2043641151124149
PRD_0038,Product,0.03552678058888714,-0.026292385231652282,-0.10979083997080959,-0.10409841395388754,0.08482810341686482,0.09082509021038546,-0.02744931816335889,0.020179812353289483,0.012755618164635866,-0.014064087109625636,-0.014779898186721076,-0.015181457245908511,-0.018162505146463174,0.01760347510015539,-0.19971830455394304,0.1985743193662751
PRD_0039,Product,0.023045868430871558,-0.02373455409085464,-0.00826211409964264,-0.01017427927694524,-0.03622408242350793,-0.03811133792457769,0.0792377839703477,-0.0760665726741149,0.02736210913669404,-0.025424113621793386,0.011986963257150856,0.013687126042198633,0.002158441673960744,-0.00027626504084000264,-0.19939586988043345,0.19832922706188566
PRD_0040,Product,-0.04847903875144181,0.052363841406347936,-0.026802916656467182,-0.030185383790518255,-0.007817754814687246,-0.006790658699771662,0.03248864042258858,-0.03185905799273163,0.0338800684239206,-0.03590680341961015,-0.08664529778431726,-0.08600729292952809,0.00270447259462098,-0.0009444962228913692,-0.1943817764808872,0.19321126226729984
PRD_0041,Product,-0.004723557057504238,0.0032173795715671164,0.004838374838097845,0.0015415591879235353,-0.000998357499437278,0.004677992056366636,-0.06964997947775345,0.07038347185913274,-0.008350459692875855,0.006115228192817116,0.02218738187562837,0.022299901355835622,-0.05806364701666829,0.05524083692825963,-0.2236212233637204,0.22220618748791304
PRD_0042,Product,-0.03104785930148875,0.01852787161498883,0.11928167035609083,0.10937606745471391,-0.1558425811499662,-0.1544585330603874,-0.056251169440323524,0.07108641377244687,-0.05309873045573159,0.05097389207612464,-0.08477634276903914,-0.08143247054501052,0.013898040778190018,-0.015933781835492728,-0.24308441367972278,0.24149061268178604
PRD_0043,Product,-0.03427413396096985,0.038622097896961666,-0.05892558420688044,-0.06565159747403161,-0.1163221064238848,-0.10888250259280122,-0.028235847766337637,0.0387597139608483,-0.05893027771464406,0.05917077387138591,-0.013339394950814272,-0.010693802182298689,0.03482726290539694,-0.03494356035470929,-0.24431308823640974,0.24262894158836415
PRD_0044,Product,0.0646128405990339,-0.06365923499222124,-0.017132956885509566,-0.011205306920520984,0.01393228769272023,0.01380193801926643,0.012480625624123467,-0.010727440514249547,-0.00046588880376828893,0.003522041792939763,0.012470506940457768,0.013320806024695615,0.05928521081224902,-0.05980659402721394,-0.18386721111520032,0.1824897390652278
PRD_0045,Product,0.053617528272289654,-0.04946173227371964,-0.04403689807425312,-0.03663027468118303,0.024130249788931753,0.01244823556697824,0.12540282802543404,-0.12805674664883349,0.06874452890877346,-0.06677071819622284,-0.0008080067114997759,-0.001562965908803716,-0.031798910999076904,0.033238204997705516,-0.2089947919095352,0.20751992182824788
PRD_0046,Product,0.022515135409891637,-0.021580759155463296,-0.001899262884345502,-0.0021284488103014095,0.042302953952425615,0.03921279494892421,0.035135096750947434,-0.03979221442153362,0.0498386649614734,-0.05596252114510385,-0.09281905509877762,-0.09580554582389451,0.021649214560807876,-0.02008873928425481,-0.24894831399645012,0.24704666124234403
PRD_0047,Product,0.06839320144879624,-0.0753853381015888,0.0670966122111792,0.07160312228311022,0.027542897664917226,0.0281168968503966,-0.053489238665079784,0.04974405799451539,0.026708178457273198,-0.031519401153458235,-0.008114600141238814,-0.009907463151512908,-0.08042500120791637,0.08003949203588788,-0.16402489908341714,0.16295128010767956
PRD_0048,Product,-0.06334667232669228,0.06655959309403355,-0.029289676461528347,-0.043159307546810355,-0.08317752833911908,-0.07635097999908547,-0.059780364233460566,0.06363436160815544,-0.015162475970176245,0.009318109453378135,0.03988927666215055,0.0406504014843436,-0.06285637225752626,0.06016592758359787,-0.2175953994322085,0.2160657030753524
PRD_0049,Product,0.02498429128711773,-0.02495419668851838,0.015636777443963207,0.01764539331205673,0.011255720612148894,0.004161048470399641,0.06857458959048515,-0.06772788771230842,-0.02254483533632937,0.023672016577008563,-0.008042721224195673,-0.006667613715702502,-0.0314907038643836,0.030363280929321564,-0.21299866922580118,0.21142104937698208
PRD_0050,Product,0.07275349786942359,-0.07228426131107675,0.01931345081217562,0.027214520524654846,-0.01397626060662302,-0.023287401034374555,0.06385353677195481,-0.0595338367066242,-0.09611217236496034,0.09345743068057988,-0.005087658380584755,-0.002867114191996592,-0.047714920614897245,0.04511542781742596,-0.2922544409324999,0.2899002911533848
PRD_0051,Product,0.0793883195233366,-0.0716043175738434,-0.0893077781649463,-0.07790483294597025,0.06525157563316364,0.06575960339929464,0.017183556974712917,-0.021005671115983452,-0.025448013349620754,0.027452491037411257,0.002745615565933507,0.0033905704944230943,0.010416054742360244,-0.012050030535401678,-0.1620146935027327,0.16076283608865677
PRD_0052,Product,-0.02602786429341587,0.01997736341797236,0.08536548935530348,0.0864967910974064,0.06375272599666415,0.06586124041568862,-0.05130441312653144,0.04838547088536725,-0.014577331690100429,0.013613320058413021,-0.11591238954825334,-0.11590872028114473,0.04394574314974213,-0.04701224271709422,-0.19252149759838535,0.19114739233756184
PRD_0053,Product,-0.025100798404211894,0.008887861710515798,0.13269220719453048,0.12629298006017592,-0.0352679368646551,-0.03472797997466819,-0.03219306427092437,0.03225229953171644,0.03747575195468272,-0.04015669918959077,0.01355879551344008,0.012989673045545602,0.029410614331958348,-0.026264367850706044,-0.19932132404593808,0.19830512559162974
PRD_0054,Product,-0.05246367415654696,0.05353431355235863,0.0013180742214207813,-0.0031280886924021944,0.018976360766173046,0.02090428639096976,-0.044809193259380264,0.04382713008697284,0.013503295132119867,-0.014863898147060314,0.006559310109214523,0.006055984348389768,-0.017540630393856883,0.015061823191749025,-0.23056537049047626,0.22891888514472586
PRD_0055,Product,0.009536982227099464,-0.0188904072521328,0.10639391178259901,0.10566326023362524,-0.0634419898232748,-0.06726010399550383,0.004339462604768497,0.002314519350044353,0.0345000115029757,-0.03412915571994216,-0.010159220092202643,-0.009768187311376996,0.02392878105053971,-0.0227267811327546,-0.1520497032276138,0.15134193139079077
PRD_0056,Product,0.00034300486277478987,-0.008675637468639542,0.07844369105291174,0.08146615323180723,0.09631328859279963,0.08972265547899602,0.03620456236425777,-0.045092403921496514,-0.020119448601842827,0.020021155255125024,0.07286738877177301,0.07318737407124498,-0.05562374776330483,0.05460307572284663,-0.28286496483484985,0.2811384231267518
PRD_0057,Product,0.010917044766265538,-0.009285669616903459,-0.032462129183110054,-0.0338534713049807,0.031731855520084326,0.03367597508407803,-0.020527927033309835,0.015390898940501357,-0.07231427597320754,0.07010811624395984,0.08584434262752383,0.08666821772167341,-0.09023348025493307,0.08775523020579516,-0.24452627673172708,0.2431915432433768
PRD_0058,Product,0.011842574319020043,-0.008980102326075944,-0.04313167143600684,-0.04422726394606605,0.025274990286126783,0.032452048543004444,-0.07365680623159038,0.07008017252768885,0.07186973581263924,-0.0744685966996664,-0.030557083383212336,-0.03352047252027677,0.004986262915630678,-0.003806588190108959,-0.1667037598928048,0.1655704297549062
PRD_0059,Product,0.08311032829219599,-0.07771056393122715,-0.07765250675779249,-0.07230829067927892,-0.008733265894140398,-0.00230174666202218,-0.01651809636166857,0.017218510564054122,-0.014454659693157127,0.014012021246063915,-0.054104578844071834,-0.053665740348867404,0.01174961551777564,-0.011626919741908765,-0.19829848003773368,0.1971546843943962
PRD_0060,Product,0.01552459717789401,-0.015064970636472184,-0.025825769898219778,-0.020893507425187804,0.08110440369932337,0.07606933078563381,0.06254617348186334,-0.07017049027377718,0.011676970352666042,-0.0048716414295908415,0.05810744654509107,0.056224462898536,0.11813028564807844,-0.1170988478736513,-0.21805680457682308,0.21633658784781631
PRD_0061,Product,0.055407995315265086,-0.05416930486586744,-0.002044241560237414,0.0008566576651162864,-0.017962799819453184,-0.013534126227087655,-0.046383900330049334,0.04842327831285632,-0.1214652121977353,0.11697499220043006,-0.07879898108890879,-0.07706724174148732,-0.03329346137624967,0.028992248066003895,-0.2367864929937871,0.2347187347633522
PRD_0062,Product,-0.0071737461521715045,0.009607484204746906,-0.05055041566066436,-0.048394602381168134,0.08901662488350462,0.08945352131176855,0.041417387737341015,-0.04793291298002309,-0.0301074247748899,0.03332104493619733,0.029479794232488442,0.03191880218506027,-0.07010115449279294,0.06897610738838644,-0.2707675590687686,0.26939954514630376
PRD_0063,Product,-0.07280913821581783,0.07331584879124416,0.007264718927357231,0.003293241699060499,0.0011139469214272927,-0.003686921936470393,0.02597096299509171,-0.028000675497847526,0.04895954040585127,-0.04896108098545134,0.04472327096910703,0.04398797515108264,-0.046910249814332526,0.04703807294560674,-0.18379490990195943,0.18236877360539736
PRD_0064,Product,0.07573050078900137,-0.0741760524689358,0.0011486930617681653,0.006874770331472475,-0.09036041846708827,-0.08541390970291488,-0.04144368202073754,0.053660515418485766,-0.04297574356452766,0.04344199748244446,-0.08263024720352509,-0.07921935258779235,0.04582057072900986,-0.04756442518187586,-0.27565737022808423,0.2734649198794643
PRD_0065,Product,0.013787206857379306,-0.02276149374095236,0.11527812546044694,0.11132994715349039,-0.047266566488980775,-0.053583094223334904,0.010628747968090485,-0.007479657982542378,0.11323145819276569,-0.11357028464478094,0.0752724679612609,0.07304677429564212,0.011144500980653631,-0.009526718813968162,-0.16375292248573084,0.16251468439730493
PRD_0066,Product,-0.02035463111522192,0.020038913363678867,-0.03476950319293997,-0.04058931339307263,-0.06466201381358566,-0.059140397627095234,-0.004461778617054045,0.008128351504094751,0.006526024050336991,-0.006276990481865348,-0.008040571979447944,-0.00690382768077505,-0.005148332516442302,0.006449201610915982,-0.20059509575651605,0.19973157764571878
PRD_0067,Product,-0.01886358976817096,0.008167639828411398,0.08368573398319597,0.0826431800223253,-0.03602573731774474,-0.0388219272067735,-0.0028127103666532997,0.00825011620402948,-0.07524540054664314,0.078686337242619,0.07040016632093375,0.07309641201785935,0.07300960235093235,-0.07503866334096009,-0.2341897089834358,0.23299402073086994
PRD_0068,Product,-0.024952930773596227,0.02571921721787949,-0.012127127489447264,-0.015571260015018837,-0.022544550007114274,-0.0214204564797512,-0.02469335597997454,0.02655259336315202,-0.11698342382510733,0.11505055744365059,0.0320651121544632,0.03308788408171288,0.027441980849922862,-0.031345302774068974,-0.22023890448222008,0.2187734411354349
PRD_0069,Product,-0.019901455856746672,0.024208149351548913,-0.028354862629555454,-0.032273520809333385,-0.025536083031680815,-0.0253212265983809,0.017021112572175846,-0.014440629478040137,-0.03576278039088712,0.03620799072128561,-0.011856584294390099,-0.010441786274546807,0.007237476443367486,-0.010552814130213485,-0.21227610675883898,0.2109227570865574
PRD_0070,Product,-0.06437887571221192,0.06233959784052567,0.01535064782409687,0.00552335631656442,-0.08226247991729692,-0.07728187900792054,-0.03831906137198622,0.04377275580923762,0.001866046238425951,-0.0028195049893120507,-0.017743252331762275,-0.015562923481039577,0.015775358332274052,-0.017753626111242243,-0.23647688636082484,0.2346733710362282
PRD_0071,Product,-0.059817835186682544,0.057418289822177344,0.04160172063480063,0.037344921222738366,0.025306472067418012,0.01363930170621729,0.08623447958731455,-0.08904854720494965,0.04945211553390504,-0.05194269641049958,0.011250801470840007,0.009542158809550642,-0.028041196082983177,0.029865887889314435,-0.22206099784326275,0.22044560443074668
PRD_0072,Product,0.03895362389831793,-0.04140559075162657,0.02472054575341537,0.022021961027204825,-0.06694249939253939,-0.06209749048660203,-0.03520295508034176,0.038194161689711376,0.08699303718079136,-0.09107571199270562,-0.08577095673923026,-0.08776800478544566,0.0027597007084195807,-0.0011051424344768485,-0.19066791450936096,0.18942493448782113
PRD_0073,Product,-0.017850424302613112,0.013759843505843196,0.0421561956894708,0.03403292072259868,0.007216027816177127,0.009164265668683284,-0.00024519408391993373,-0.0012702582965633316,0.09184718477441414,-0.09358897993348378,0.027146625750625313,0.025447715475072533,-0.0513002530664695,0.05355233962095977,-0.2371243102781216,0.23592991131761692
PRD_0074,Product,-0.007825616461550446,0.007415585082014941,0.01955827824290935,0.009711617648041137,-0.1256163614583176,-0.1276880582329074,0.019399457028326638,-0.009491349287874174,-0.037205639261080704,0.03533236924152225,0.0841876019324117,0.08593160715523966,-0.026498684573397432,0.024415727744685162,-0.2204060245453465,0.21874125153713705
PRD_0075,Product,-0.02020661575649519,0.016671589374132805,0.04288975935093101,0.03597476895345038,-0.06383468271137882,-0.06751025384257875,0.03870043204978955,-0.031778512005897826,0.006883655075476013,-0.007994098329097149,0.0052597454852985085,0.005491720379058598,0.04376514415837021,-0.043728411898023165,-0.21327142328702528,0.21189540282901045
PRD_0076,Product,0.030258710198985232,-0.025119646904523694,-0.08704343798814292,-0.08275688347890385,-0.00824151510144716,-0.005188784351651785,0.01701519454054895,-0.014778018893606991,-0.01438092460883965,0.018359589037219185,-0.030280840467607022,-0.029067277323990125,0.060162787509399726,-0.059971751717097184,-0.1985269140537492,0.19768619828258918
PRD_0077,Product,0.09308934295533736,-0.09118715818856982,-0.015148204333182012,-0.008889493542640367,0.03459677734406025,0.03766249961182474,-0.034316546674260644,0.0312221028284773,-0.044256932216267045,0.04435422632098954,0.03278025465434178,0.032985729499341455,0.02123914490986937,-0.025573713897158595,-0.2842563848401362,0.28168935958891617
PRD_0078,Product,-0.04092939569920109,0.042902121090278716,-0.029069099901623117,-0.03276113846579811,-0.00124831958125797,0.006116146569845789,-0.05839318575694561,0.05746401118256497,0.10291612052525939,-0.1022769759419534,-0.049071363213693694,-0.05085239902372592,0.03157979264503768,-0.030104754853782226,-0.21170407992310192,0.20993507588187044
PRD_0079,Product,-0.07560481250197279,0.07374270475542585,0.03483884311729601,0.027788436743214434,0.04523678346381688,0.044144228959784544,0.005847328798812341,-0.009400663701933522,0.04552993461116965,-0.04429636026782666,-0.004257436166746694,-0.005721738621593694,0.08539838899485866,-0.08509717824227132,-0.21846206316409225,0.21667839395987093
PRD_0080,Product,-0.06678563511090765,0.061497458132443256,0.05454141370682915,0.044975067040177355,-0.08909450949410466,-0.09658387371330669,0.07281215717099394,-0.06531780696451553,0.023717647889516635,-0.024705674290867192,-0.05988638293633412,-0.05827367360864188,-0.01604193749339894,0.017504802963203246,-0.2399237994543204,0.238501885110256
PRD_0081,Product,-0.12434309985881198,0.12576466985034734,-0.033016806574201425,-0.045287672208881635,0.00024564511134905607,0.01033941609606324,-0.06743106371240004,0.0661189326374271,0.037522260502293396,-0.03987205644479235,-0.08845951308753712,-0.08970330196112841,0.04569421328378019,-0.04472297920670885,-0.1786723653186565,0.17764794745493226
PRD_0082,Product,-0.013319680577117228,0.015987240639310885,-0.03873540672106709,-0.040351749381860605,-0.02436311626062259,-0.022106839733869295,0.009231799741173198,-0.006276511408665128,0.03172523237454494,-0.03079383524778084,-0.029473759281623674,-0.029148443665521297,-0.02533325112027793,0.026986665992834724,-0.16402408454286335,0.16360481006198202
PRD_0083,Product,0.06513270284224107,-0.0599653007496149,-0.04045342452881716,-0.03359416060418102,0.06159304324572238,0.05760766041537062,0.05313534232138585,-0.058516561878546904,0.027916844488367832,-0.02723776570244577,-0.005563684771211047,-0.006542280790870368,-0.028034406179289484,0.02644610846054048,-0.20068497753400122,0.19916332838410922
PRD_0084,Product,-0.049013214983088096,0.04308198884575453,0.04471212743368291,0.046504366464633726,0.09358081242868638,0.10079140566268736,-0.08503504284234215,0.07846622584640299,-0.06747643826651614,0.06444518410017086,-0.11426410809284301,-0.11362145881232687,-0.012547870397792685,0.010201711948461234,-0.2837969759442832,0.28230936681261276
PRD_0085,Product,0.018908284644753286,-0.01164279849927933,-0.09113434768975898,-0.09031361276279616,0.05091151547654024,0.05227400525751938,0.028036471379259582,-0.032873340682939,0.06371793214575931,-0.06266597369381242,-0.020605382867816928,-0.021007977348428585,-0.0024618196262277087,0.002431696888052329,-0.2667538995988649,0.2652998671928948
PRD_0086,Product,-0.08757549850627568,0.07723740010542152,0.09762397127809605,0.08311720754694849,-0.10889288867485457,-0.10370030800980153,-0.08802217509144701,0.09850777511228845,-0.046839202609463046,0.04260793690835079,0.024571786972305682,0.02653471273089609,-0.0718807855412772,0.07097707889059261,-0.2531490119652601,0.25164297452248846
PRD_0087,Product,-0.09120764487824369,0.09438012043346507,-0.05127533720884683,-0.0571488309175803,0.04997000748263051,0.054416948748309116,0.009107519552185781,-0.014399835065564989,0.00606719595877975,-0.0022686193628617137,0.023062042596167967,0.024982357792760042,-0.04117210671457254,0.040651133506954144,-0.19908507836488157,0.19806312150286653
PRD_0088,Product,-0.0913789737331334,0.09627230084045,-0.03732545369814558,-0.04535612297169203,0.03310758544944484,0.027278606972784565,0.10309544114216307,-0.1063026797483766,-0.07586687807374494,0.07722933058318776,-0.00811160338741576,-0.005405465219526575,0.021272805696853178,-0.024169413766600378,-0.2494550533866904,0.247203828376157
PRD_0089,Product,0.002730623590247695,-0.008511324817697957,0.040467752216056904,0.04056979806019867,0.02122782003527829,0.022594626365113564,-0.0306604295966004,0.02823367621610971,0.022047137675166587,-0.024525634684649092,-0.003187003375611954,-0.003998814163602107,0.02018134703986348,-0.018423599480003418,-0.20520021380199263,0.2036679144477927
PRD_0090,Product,0.050962411565718596,-0.04761066249648741,-0.028240076165715826,-0.02252052646391539,0.0018940032996862819,-0.0017038957412727745,0.003940278156589596,-0.004856437244009711,-0.03167010973814455,0.03306539649008308,0.11674465749457404,0.11620991216957167,0.0029898494841356605,-0.005413614586048004,-0.18839251066628526,0.18677399058568656
PRD_0091,Product,0.032961258068838,-0.02897186227865207,-0.06495843070952824,-0.06992384919771032,-0.09117121429380755,-0.08633034828389272,-0.02001318183642983,0.02743165309591987,0.025838986390681516,-0.027460639556265768,-0.04274733337201817,-0.04112190669481603,-0.0564533649396521,0.05586215045854808,-0.22198830171314568,0.22075334926089307
PRD_0092,Product,-0.005626908000504591,0.0074297037068135514,-0.001939108839707307,-0.0028742561856535728,-0.030048338294100436,-0.03315197847695801,-0.0015720995580660708,0.0036332226844914797,0.024790140967033834,-0.0308933997235438,-0.01079667797502615,-0.011881626155819853,-0.08332050229129191,0.083019739254179,-0.1855815583258655,0.18450039340234148
CUST_0001,Customer,-0.046210365254625844,-0.057152186209957156,0.07124061099122408,-0.09896995800327216,0.3042385019111195,-0.29227435634101495,-0.03246347339475792,-0.013296661250887933,-0.3800947195981892,-0.3921081484728931,-0.43934885347938324,0.43996035771162256,-0.4976885044331698,-0.5100898467474342,0.44572556168410077,0.4452874233464747
CUST_0002,Customer,-0.01921223470664273,-0.02524004172349375,0.008925624149905822,-0.0019566334306243614,0.05919234587917102,-0.0657067739429006,-0.08455597638163587,-0.07957929260920835,0.08203823628916498,0.0939967564531842,-0.0026426305357893256,0.0012708458909488727,-0.03556890475834774,-0.032487069501625575,0.24703790537281786,0.24903797634799762
CUST_0003,Customer,-0.10426285422601177,-0.07112760346519974,-0.319810869732887,0.3016997691850148,0.3395751594868615,-0.3474860495266993,0.020246035395182865,0.05026038749808011,-0.020664892222690058,-0.013463145489950108,0.11608706507407926,-0.11935374644557514,0.21216302498993156,0.2104697358584153,0.38249300198505776,0.3796687876403087
CUST_0004,Customer,-0.12164542603729345,-0.1288207793238257,-0.025774713988889603,-0.0010891715674179437,0.13624062968663259,-0.1284463148509056,0.21047068708878372,0.21803365790238874,0.05054110357423604,0.032586548296981654,-0.006044046846292444,0.01216516116203916,-0.022042813102895804,-0.013753568437020811,0.13917762547361778,0.14305724527107427
CUST_0005,Customer,-0.07711476416295836,-0.0785537801566661,-0.0507557822390601,0.009647643064248661,0.33606998346366407,-0.28927793081636755,0.6059293924652969,0.6263764023707442,-0.3395261235497645,-0.36490772569857105,-0.17157244470518873,0.18540883893893303,0.0017352765384989082,0.0009570994921374381,0.38986273319680487,0.39157843248005436
CUST_0006,Customer,-0.1951157433725655,-0.19374559155891613,-0.03713599748649466,0.03563444360294642,-0.2692864350023926,0.26378155505989254,-0.026366681256854842,-0.050149652921664976,-0.04933842777050644,-0.043265170213706725,0.08974753175618758,-0.08931461279894042,0.01573959094383304,0.017698789527636927,0.1376142439126832,0.13667022650624078
CUST_0007,Customer,0.09167965755364886,0.09039844350252418,-0.010384150607124621,0.023469569265754737,0.012451057331876469,-0.021485368544716284,-0.0989444777873955,-0.09383985583627985,0.013274692551647024,0.02122720454654633,-0.047945476628438795,0.043413100786952284,-0.22578286853900115,-0.22626664423738238,0.15486967343088986,0.15707563972470506
CUST_0008,Customer,0.08461426715179503,0.09135094478969426,-0.07617037181325408,0.08297859583564882,0.04841888624410482,-0.05226720849651458,0.01102474443612931,0.019560576038879802,0.006998311377269667,0.00796781326342327,0.028279631516581662,-0.029944850919971795,0.00968603277781712,0.009203875853636806,0.08127760265635549,0.0806045998830981
CUST_0009,Customer,-0.03291283526919508,-0.036283188362636186,0.04192717879323033,-0.04437794651688906,0.04185796952179377,-0.03055963181222441,0.08935892619465872,0.0942629225284486,-0.027982925419906438,-0.014755103212724373,-0.008652480551958391,0.006347653916232236,0.002341555112814838,0.0032677978048543184,0.03060253484493582,0.033820883888826286
CUST_0010,Customer,0.061063636505175434,0.06016360244042878,0.1055019842778388,-0.0987325427304609,-0.038619213532383755,0.0505558785760994,0.060067700378476384,0.057226365464478214,0.04878236539445276,0.04857095628580505,-0.13283245756583165,0.13273054134167173,0.027826478421133283,0.027576545129355742,0.10949887295272537,0.10944040173244506
CUST_0011,Customer,0.18086113872623782,0.14871430061720498,0.3602096941830358,-0.3572947968261168,0.007129524240777319,-0.022497732041348462,-0.383009525564792,-0.38649849586535573,-0.3774649684062902,-0.3532274910921728,0.4676627594147185,-0.4645530051722594,0.1450937290318672,0.13487109627244398,0.3958852399154804,0.39539046118912663
CUST_0012,Customer,-0.04592952254371365,-0.03616990173687816,-0.1210341589327836,0.12022119896604438,0.044614135826893005,-0.05505657776357425,-0.03942899958020769,-0.03232483166309355,0.052079550851137475,0.055995514339126445,0.03456046513312089,-0.037159908034136276,0.041876515029376386,0.0439364982924681,0.0909729924597015,0.09049962330006164
CUST_0013,Customer,-0.40645255325685,-0.41198496677348884,0.06524086228484949,-0.0729468936449104,-0.4969348303567572,0.4943570085385152,-0.044857314333341405,-0.09998328725680804,-0.17877220795527174,-0.16789896491356077,0.15189018009396493,-0.15047410661022512,0.024556253186981958,0.02473577959505601,0.2442649779494551,0.24501143126089667
CUST_0014,Customer,0.19940128557738052,0.2275535297933786,-0.3213410882259182,0.33315357631463416,-0.024046583595988373,0.01778772744142767,0.09480664190969015,0.1023472269958576,0.2912018506039793,0.29049574220121976,0.1861572895220729,-0.1927444933038866,0.037245494296132435,0.047177879803213245,0.3181936214228356,0.31593600006483674
CUST_0015,Customer,0.013569885578210556,0.010402021925438704,0.006251543654288187,-0.006867242626147314,0.06495367877154196,-0.07190302910840125,-0.08652682947420229,-0.08166912371309908,0.017551435290895145,0.009686345584541784,-0.07945431669675249,0.07754356623880683,-0.21615966198598435,-0.21663430989279683,0.08740378564984004,0.08653728138926864
CUST_0016,Customer,0.0069564984917451006,0.006629157013493459,-0.10125712948905366,0.09359624689458207,0.037401283380364574,-0.048124325548956536,0.04495097323415696,0.0478391362333965,-0.01856822869637424,-0.0327603291533685,-0.014005953871718426,0.020558178290380747,-0.019035188768568627,-0.014344625865205088,0.09494129767825794,0.09889841895080785
CUST_0017,Customer,0.13732622041532838,0.1427238429285861,-0.03566410863500824,0.04868267218946429,-0.040257699554276556,0.040038205896636966,0.006113109780686194,-0.0044610976242024855,-0.16631174908942375,-0.16667346366813546,-0.007726267895696771,0.01026817297277742,0.00805554537956892,0.00410474745605016,0.11096301788909088,0.11233391735368342
CUST_0018,Customer,0.40455903566146306,0.372274471896549,0.22294902423413068,-0.15836015456388003,-0.684186382414394,0.6635403196727406,-0.38085399822930593,-0.4280984576675997,-0.05846993452409543,-0.03883036231851599,0.07667890292352034,-0.07497315189609317,0.22077166572705872,0.22810082054851824,0.42424989593071494,0.42368874657593747
CUST_0019,Customer,0.10808435769554271,0.10199989886970962,0.08386204212544432,-0.07893661449551197,0.09865650194311293,-0.09743654499308058,-0.010715456358999542,0.00026725867090097863,0.043858864429591846,0.048455663826123416,0.10303744894642673,-0.10626005605898799,0.020178169275115124,0.02041220984348425,0.11398337892898161,0.113024702018268
CUST_0020,Customer,-0.08540665677925773,-0.06622884071796706,-0.25331669359216763,0.2733737475608059,-0.30805566586795186,0.2835418030434206,-0.02097528817386057,-0.03887579112314185,-0.15905129706468055,-0.13492275779684793,0.16436978770397356,-0.16332891197545266,0.027185278448543307,0.027074383960891457,0.3293804787239521,0.33112345201543103
CUST_0021,Customer,0.41313639543986747,0.39507967874161043,0.10183700623131747,-0.05437807866672396,-0.15754481665348194,0.1419589102799035,-0.025596518642472053,-0.02533410657887982,0.14021934233699057,0.14282082010803185,0.20403649359210274,-0.20366537888686737,0.008149827123207788,0.017962857713658856,0.2593293228260237,0.2618680928211819
CUST_0022,Customer,0.13606950465415577,0.12950582555523094,0.0769195423329173,-0.07235269536767695,0.011103977433701314,0.007401752942368506,0.08384885656879375,0.08593878922605339,-0.05566059240423725,-0.056476028546383034,0.011776187394721378,-0.012367396196225294,0.03277313423298417,0.034732928718002494,0.14074535972463068,0.14180244750267348
CUST_0023,Customer,0.07237868326922349,0.06876172074565369,0.06686269165110009,-0.05763501936657183,-0.038333024606342775,0.03311521694840772,-0.08770430118696342,-0.09493696769175691,-0.1326771048704086,-0.13041883492543777,0.10548089981350092,-0.09906825130686422,0.015328207476879295,0.01022396327453932,0.10092790986130976,0.10084586084825355
CUST_0024,Customer,-0.14341252740367405,-0.13996245615072012,-0.01995417328694072,0.013029028114070305,-0.04672485118174972,0.042178679851882686,-0.02006905614508664,-0.023326426055079327,0.029428126567008186,0.03542267659223512,0.021553815581059507,-0.02376872096242229,0.050980555510397645,0.052868541550397795,0.08487610817536739,0.08508459126991874
CUST_0025,Customer,0.06980032752637069,0.10032513902676486,-0.4626198942276015,0.4640786389564567,0.3361735141689474,-0.37824007847944785,-0.11933506344032889,-0.0730359187858794,0.1212846924335857,0.12599702721124492,0.16761868881414926,-0.17468319424666684,0.2356296373127537,0.24494998727024067,0.4620039338825629,0.46320140104659124
CUST_0026,Customer,0.005962274362905863,0.004310001071726872,0.01616969510753912,-0.009488449118447151,-0.02294387463439873,0.014952728605547246,-0.11022825290808565,-0.11572922768009579,0.015804879687802996,0.01935064915491809,-0.1592263800934957,0.15731705728960993,0.15223744390595026,0.15318137064994727,0.09253374244019838,0.09447624469307513
CUST_0027,Customer,0.15035109401862257,0.17056634725397346,-0.20720935621681955,0.21958764545475293,0.06687077461502718,-0.07031718543860127,0.045842087493096206,0.05581667592837198,0.11892313863533399,0.1120036799936249,0.07754505439526489,-0.076841257439317,0.05803203774529794,0.05124172395134703,0.19129508634512904,0.192438563360866
CUST_0028,Customer,-0.08047540859365981,-0.08518988668723165,-0.030140172179367895,0.04044897057548519,-0.47048698229287617,0.47471616914227777,-0.0023171782015610908,-0.04401041756510163,-0.09949044084144577,-0.0976105689969333,0.13768945452494952,-0.13210591048780804,-0.0015592516844250214,0.004365532330220714,0.2825992163002013,0.2827727495598881
CUST_0029,Customer,0.0018564091487766007,0.0019816709228632065,-0.0015303286134168727,0.0017819106426866845,0.0008143737488917208,-0.0009798589890523501,-0.0007142044277175481,-0.0005285158704855603,0.003600496854394828,0.003631011583944531,0.001722258401637175,-0.0018272589227181645,-0.0018486417073459238,-0.0017962993299152302,0.0038686484310347245,0.003787835391469596
CUST_0030,Customer,-0.0495349552920003,-0.0541528076695379,0.04616592283506404,-0.038400145565514736,-0.18141781967747686,0.178659439962241,-0.0819779977724291,-0.10150543798591258,0.007309514383546639,0.011284306172550808,-0.15019151262893993,0.147595688466384,0.12870170184500637,0.13054312934949297,0.13297319440138874,0.13448804023475194
CUST_0031,Customer,-0.08439842194760269,-0.09369793724618454,0.1597709500440687,-0.17128564953863418,-0.08847542320699044,0.1293799019781606,0.33453610984291793,0.3266555061085284,0.45264185408148694,0.4396219235238598,-0.13467561625981414,0.1295516661625457,-0.15624825618144791,-0.14401656970883703,0.4453263592603183,0.44171606936559243
CUST_0032,Customer,0.052958410509959544,0.07325158234145307,-0.2064331674361763,0.20813167020908527,-0.12358847941007653,0.1236848403429292,0.061400961903941904,0.05142576909957867,0.08123326250650924,0.089921893430535,0.10202364959997338,-0.10175687763691213,0.0019673355000709193,0.005197880726952966,0.16916144119663223,0.17136697294349587
CUST_0033,Customer,-0.01460225715898326,-0.008621673184603423,-0.0254056016810299,0.022319461276353945,0.012623510308488317,-0.013514092430027963,0.00445537567225617,0.0034622370694587707,0.023729601017714288,0.02033519860793475,0.006201124361456282,-0.005478260411065266,-0.008425573455672079,-0.008830419365743618,0.02336425961660899,0.02397652706856953
CUST_0034,Customer,0.3293960367442445,0.34160048127671244,-0.2753697929141655,0.2993581136247278,0.17479871831717006,-0.20469951926094973,0.0014554226538943144,0.03168473764226733,0.15006358914618437,0.1457151200022426,0.13394235021508688,-0.13552663371144572,0.07274995354886846,0.08416641959167658,0.3081047212240186,0.3106749281771485
CUST_0035,Customer,0.08944868108328854,0.0693795052304498,0.14866253875603325,-0.15631261245872008,0.2472776594063175,-0.21412208470559232,0.3873387070921516,0.4092057178616272,-0.01172721751011103,-0.02895297807602153,-0.09463102170145161,0.09799705539847306,-0.10698748464454358,-0.09995950739304046,0.25107619713898316,0.2534639080662203
CUST_0036,Customer,0.027579284312566333,0.022290419245749073,-0.045516103663212286,0.04248265946524174,0.032909858773268366,-0.040871660781230654,0.0397428523645076,0.04257844071662592,-0.1228025133659351,-0.13468932984552548,-0.06599169048448893,0.07418489098162187,0.012739839017182144,0.014369736438717043,0.10861653803428194,0.11220629121598336
CUST_0037,Customer,-0.01448959576483787,-0.01988287098086035,0.07626888622351075,-0.07737709804041233,0.052390732107754016,-0.058199281949230845,-0.1069910902946725,-0.10310729147385826,0.12511371201022248,0.1131818531059315,-0.10968114961269743,0.10478414996242481,-0.3493551093437163,-0.3483979434037901,0.1333689339508497,0.13275310570278084
CUST_0038,Customer,-0.03443133644716702,-0.025914434416173134,-0.05355421667629014,0.04558387477966734,0.0378306992155234,-0.03900721136738392,0.011926841538514107,0.011683503193344772,0.04528231836017632,0.03967371233194517,0.009666551330261725,-0.008832637725614,-0.01993617614591652,-0.01989948882129804,0.044528920285429964,0.04511993469330547
CUST_0039,Customer,0.0686894007999967,0.06837998673014936,0.002736870089466736,0.006868874194631374,0.03532588233033044,-0.039152218660507956,-0.04363261696802092,-0.03634163494304918,0.05342866670441422,0.07152700538955503,0.06601510796409937,-0.07142365988095094,-0.008992021883054016,-0.007231242680975608,0.13120618141639984,0.1339875572889289
CUST_0040,Customer,0.00486037634179379,-0.0039937219236470065,-0.005662129889641496,0.005021248768619722,-0.002282865000592391,-0.008210284286202947,0.0030494780495390495,0.0053249189418533745,0.006638499637641027,-0.0021882820419522843,0.0016060204318419,0.0028261600809338437,-0.00014946168638500687,0.005412482490810775,0.002850231847981749,0.007154506122316652
CUST_0041,Customer,0.08990288898760175,0.08933729366306037,0.06570064411010818,-0.05439188785834876,-0.06413228249341539,0.06243421941790317,-0.10900018348387755,-0.11036697742893578,0.06511196892696347,0.06691855949270147,-0.29038163677836565,0.28961906813835986,0.16072112435906694,0.15961124891938394,0.14163256351320086,0.14159474559779914
CUST_0042,Customer,0.15646196991466266,0.17315418843600797,-0.15035677592461202,0.1656203490925615,-0.052348663610650235,0.05190852585735423,0.08109255184401691,0.08012043481596566,0.1329855094050047,0.12936710232959514,0.026999114826172156,-0.028089727926551348,-0.07897989198804228,-0.07789586148523683,0.21840824637453587,0.21710475939372523
CUST_0043,Customer,0.005228974820365546,-0.00375655408272544,0.07642456803421185,-0.06992872776959805,-0.048960427122823225,0.045802242014188185,-0.1397366828483814,-0.13802588604521143,0.03817193339406727,0.0542238907387882,-0.29008575089592126,0.28641330493411693,0.19541806554645816,0.19591645366348348,0.07797961585964995,0.08105847793353119
CUST_0044,Customer,-0.1056281920020351,-0.08475144148163719,-0.20429438219622825,0.19980928581413115,0.09451443412628587,-0.10972301048780439,-0.053759465106823764,-0.04157101269761875,0.08238343142541284,0.08686454946762291,0.04252305028477604,-0.04659610932468302,0.08734956951559422,0.08956982403549729,0.13799890091060543,0.1379429586126311
CUST_0045,Customer,-0.013376886908358719,-0.021616178266246865,0.08643980638168354,-0.08453410223744307,-0.09002803941350629,0.08683444675561426,-0.06872708661403483,-0.07815051570661745,-0.053903091009695495,-0.048223068458062894,0.11764980352930422,-0.11695707493367591,0.01096183338763327,0.010007013407515131,0.08062269421734766,0.08002452563462206
CUST_0046,Customer,0.01567141890236511,0.033288042935933584,-0.16921344354875506,0.15946935429522324,0.09080747232773277,-0.08700586015096545,0.06932122607811625,0.07332270376172435,-0.32413775306292963,-0.3301606413870428,-0.1399191754934617,0.14678870211130463,0.01782292918840289,0.007324502108893873,0.15565126877706403,0.15417909904872482
CUST_0047,Customer,0.000335006173211742,0.005958785059153382,0.00028061778580868737,-0.001033469335444358,0.002088653239258967,-0.0011362884652663698,0.0012570551744455552,0.00032742751697865507,0.0009154859227490069,0.0011829370143193471,-0.0007422738243718581,0.0011228134858285808,-0.0007421013048807965,-0.0007938217055949664,0.0031135539514500904,0.003884615173462534
CUST_0048,Customer,0.014251971906719696,0.013620396116417523,-0.029299599527453174,0.028549604707474672,0.05789943340563101,-0.053859020746504775,-0.048597855533385616,-0.037508477958441845,0.22547567195531856,0.22708107280788137,-0.0912571521532346,0.08246676806589233,0.10492082159918477,0.11432882949174439,0.22905424591698323,0.229775144306711
CUST_0049,Customer,0.28869211989219795,0.31594647072382664,-0.29605478997152285,0.3293378924322899,0.039559054630584414,-0.05437634912421651,0.0463289443398003,0.06322473611573472,-0.05024086279110359,-0.05409536501030087,0.10416147920479948,-0.10220485063453683,0.01248189217258939,-0.002529274402310567,0.36804311413985064,0.36805178795871735
CUST_0050,Customer,-0.0271285469947651,-0.013116291106232972,-0.1747914479748535,0.1882968239743057,-0.08358047495081472,0.0625837836530328,-0.07392712773578353,-0.07603229204678773,-0.10972087383616959,-0.10150864894833789,0.07572178102245107,-0.07164599710132565,0.07526850413445092,0.07097507371958726,0.2874628101398046,0.28592906869955
CUST_0051,Customer,-0.050068063497732046,-0.024220880126962552,-0.2894887534827259,0.2967083646065451,-0.055582904210912845,0.03353585351728923,-0.003999189751727762,-0.012591030329614752,-0.013157161473123622,-0.012099860723756127,0.09116778289505098,-0.0900760902299144,-0.005883934618818339,-0.005725342171830237,0.22938562152352102,0.23093957456457745
CUST_0052,Customer,0.023576395816641404,0.010740640298621183,0.10794907236322904,-0.11108444741247787,0.11664823934989609,-0.10670152016076984,0.05013100800985592,0.06127914773543832,0.004800880659897228,0.0007058644678713977,-0.03548764071426545,0.031891246528136255,-0.1833362614646232,-0.18138178356066587,0.18774786483016032,0.18607272263191366
CUST_0053,Customer,-0.08979819071171802,-0.09787650379844312,-0.006415874809335198,-0.016941837270940906,0.11459539480928556,-0.12168520041573609,-0.2155046962317602,-0.20731435922448285,0.008082578630773822,-0.012113437920529916,-0.2783954676923299,0.27264899750248406,-0.38398921066753855,-0.3817172029643651,0.19454821318264148,0.19487044052511518
CUST_0054,Customer,-0.26841639111176624,-0.27563620552318796,0.052570388455082766,-0.05295015778330056,-0.47974877110251063,0.4849449558661638,0.0005509981422010348,-0.039732878817891504,-0.040558654071598345,-0.04371066806644254,0.0007952255538789172,-0.002427638322535287,-0.27597984651712304,-0.27319792098077905,0.3133212897882036,0.31296898879518026
CUST_0055,Customer,0.04548507255843653,0.03885915335042921,0.055463437331640233,-0.047828942136647554,-0.20905445209265583,0.22088833909844058,0.03974517098294104,0.025714130849632505,0.05384249896545374,0.05541976463885066,0.07070869010192816,-0.07472309956029073,-0.023947875859470776,-0.01664765017977164,0.14956110275252868,0.15051002010113532
CUST_0056,Customer,0.09283651897158979,0.08984672483251109,0.0772117156504958,-0.05778244052456581,-0.0743828959438001,0.08282818526700218,0.08226081949165981,0.08081684765593909,0.061493826331263525,0.07674886420148691,0.002701543560514468,-0.005635190723011156,-0.026385419114497044,-0.025961395737332773,0.11928685413916264,0.12196475338810851
CUST_0057,Customer,0.057361622831743286,0.054239937390068035,-0.06879128909609224,0.07014532749566114,0.006209145122215679,-0.017842992370110427,0.02014960275767917,0.024859059850189043,0.0669184908936918,0.057390688157360925,0.04030103585080972,-0.03688298829626198,0.011684100772928446,0.018997441804841284,0.05747401530018119,0.06138120623559327
CUST_0058,Customer,-0.2498847401168505,-0.2375852787415256,-0.11469410313092011,0.09456674812967189,0.166105576301381,-0.17698165444709357,-0.06115627780431495,-0.04419533188471421,0.1186086023118814,0.12811495101975545,0.0376193403209678,-0.04402383382387294,0.15788260234028878,0.16139344431655514,0.1430400842669055,0.1428162755880511
CUST_0059,Customer,-0.06943221510367009,-0.07089756257009125,-0.010259200562203216,-0.0018584664425340873,0.1229018523310192,-0.1420358134709424,-0.25386015317015853,-0.2473717568327117,-0.03931628736879996,-0.05838646372343008,-0.21477743038380678,0.2123497911296892,-0.5454459988662455,-0.5484156220331631,0.20245007699871356,0.20124196803450836
CUST_0060,Customer,-0.0456752286055074,-0.052144987789017196,0.014655901394977971,-0.0005208892659127239,-0.3026570469810564,0.2961750956334798,-0.1288542571580995,-0.15137920648451572,0.0015772116457550788,-0.0006834207216926625,-0.21539182933223117,0.22100804833385793,0.18661445806530333,0.17819081631516215,0.22561129767661733,0.22685262397381592
CUST_0061,Customer,0.10127079130823134,0.10427792619397917,-0.01248319847829823,0.017583418522765557,0.010691663600381613,-0.006053676522774594,0.037987400330258346,0.03879755625452508,-0.041475866702488366,-0.044366344262523984,-0.047118279186476666,0.048179463677214006,-0.035470278468903126,-0.03771211313238469,0.07652811302993832,0.07584674110328482
CUST_0062,Customer,-0.24887596559100625,-0.2553563694840802,0.049585535005058384,-0.05065502118499727,-0.35006930809635434,0.3620644522319724,0.12056721336127763,0.08981460070694536,-0.0858255528382332,-0.06910400850304373,0.032040122316379524,-0.032373775210349384,-0.030811449510554072,-0.027447885997062584,0.15717231950561533,0.15972111399345662
CUST_0063,Customer,-0.10561956740420538,-0.10694053171020021,-0.12503617227683028,0.1106271286259226,0.06664612900237209,-0.09314836200661589,-0.19979335570255236,-0.1857499625007621,0.20522856676481993,0.1992072256874287,-0.28606548861934883,0.2854169996542372,0.3308168142622761,0.3402263392640464,0.2608828685787437,0.2637874052149893
CUST_0064,Customer,-0.04430328858613755,-0.04543934123818799,0.03736225068050796,-0.04083234499310277,0.04819788024147759,-0.04012206957641706,0.09835854948802754,0.10373553854391054,0.06325607020004723,0.06615348462241014,-0.02111776367368295,0.018824976524955087,0.025051202969889292,0.02769873867282553,0.09376652278019162,0.09400048579795797
CUST_0065,Customer,-0.0955962638493565,-0.08574157948034321,-0.12002160815888724,0.11522548451747085,-0.24763709906732145,0.243833182988781,0.02423756571400322,-0.0007313087707448925,0.0882529208737735,0.08570876200383536,0.12775313905076133,-0.12560881976990315,-0.018648427851997825,-0.014050254401269157,0.1800392053421418,0.17907925647165696
CUST_0066,Customer,0.09773932559606749,0.10570554434318334,-0.1533358024458409,0.15940460366990036,0.2140497544485226,-0.23527156254559592,-0.19564928411808385,-0.1653613300722451,0.02874399321419521,0.021400299108226765,-0.2153710761683634,0.21011961123027753,0.0013721044105221626,-0.008696940005332778,0.32356143744065397,0.3236016480022764
CUST_0067,Customer,-0.1326510428934454,-0.12766459955556322,-0.0627805921858977,0.0726810213476517,-0.27574515694530144,0.2623944407490687,-0.08875990230311932,-0.1162366683930649,-0.0832712328322327,-0.07703102419886862,-0.11489748743099712,0.11632335061606283,0.13175204932064544,0.13076616698709298,0.21304798873656655,0.21429615321423434
CUST_0068,Customer,-0.058221153106281766,-0.05953482837484646,0.02198942431484424,-0.014993188189612752,-0.15548199918680747,0.16276465577009677,0.09612218020199977,0.07367008883702615,-0.10235765385739445,-0.10099102388906799,0.043954902158384775,-0.04149949143630526,-0.00617015653536344,-0.005245580507186943,0.15084481399230507,0.15225265061722948
CUST_0069,Customer,-0.2473725051023874,-0.2792180300199062,0.43503310894635805,-0.4813691974961704,0.43443729944108017,-0.4326329719553876,-0.22320874446908823,-0.20729937067313525,-0.304100398448197,-0.2801135953677349,0.511182237774787,-0.5126454206509884,0.19810857133610654,0.18695590044038465,0.3241704942573219,0.3240525791705268
CUST_0070,Customer,0.4007184710884273,0.3953821090198038,0.05523243496356688,-0.010618465788566598,-0.10282183653703958,0.09789294924037902,-0.05586123247962049,-0.05766185156878134,0.03320570579543178,0.03350461171049804,0.1064355242094089,-0.10461952852183487,0.009397135822462845,0.001202654738503603,0.18038948242164074,0.18170975442143078
CUST_0071,Customer,0.01656052639033471,0.023657190242174782,-0.02676827278618926,0.02592009654333904,0.01199259048366573,-0.010176747512681092,0.019901535138731434,0.0186965287361628,-0.08527307715117692,-0.08860526107312394,-0.03352436576571661,0.03610661657244933,-0.004404742365571101,-0.008265329755474674,0.034000444231732145,0.03429937037785932
CUST_0072,Customer,-0.08066976957771263,-0.082576001020409,0.041394531585931836,-0.042999003453164805,-0.09095272935507137,0.09119899717889055,0.010484252013613082,0.002420165783981091,0.022306049954137586,0.025894426022929188,0.005545236338349699,-0.006256894518107447,0.008574013355274492,0.010021246940330457,0.05480212888670814,0.055231392085916535
CUST_0073,Customer,-0.07655138673086025,-0.07980327544132569,0.05832197301190578,-0.07093057949378255,0.04839733256720132,-0.02628091300306716,0.20172707701760612,0.20328996520836326,-0.006715477225003075,-0.008839116290092423,0.008417107346539839,-0.007337662321852463,0.00955999263294496,0.010388105849229457,0.1063364275584501,0.1054883528419407
CUST_0074,Customer,0.07918934750209033,0.0800611054367878,-0.034143538728358555,0.03275738420728184,-0.0008300416401935888,0.007555071258358706,0.005148149246108711,0.00485662172013686,-0.013059955423134246,-0.017524007227418693,0.019905426289230758,-0.01984374829774024,-0.0049771082591575306,-0.0015469909762639898,0.07285624028631368,0.07445222126565554
CUST_0075,Customer,-0.3172415454769167,-0.27221678817659034,-0.4715281665081778,0.44277987628927046,0.14464581224648215,-0.16869888000661853,-0.08652380715725208,-0.077279011550448,0.22403193750745182,0.23096595097632153,0.20891307356697383,-0.21762802024943512,0.20043463314835383,0.2085270331127817,0.2756816051148601,0.2760916232747662
CUST_0076,Customer,-0.01269315763037094,-0.037841016791608915,0.2693937501060197,-0.2864320552835295,0.08235041825625596,-0.08020046478747785,-0.24772148944953148,-0.24373955115393964,-0.08926954787529401,-0.0813544791317511,0.014295114555332536,-0.01663461800729477,0.1761080188778462,0.17403090605840482,0.1363879875036318,0.13738760703222566
CUST_0077,Customer,0.11275537322006735,0.10939912782522745,0.040848470330855924,-0.021558069066451246,-0.13270512867919632,0.12540531261736854,-0.06656826511441202,-0.07712508921316405,-0.1549262655285256,-0.14891979082559875,0.039987269699485885,-0.03303021997412369,0.024386117786309707,0.019829750640890112,0.1364264222868317,0.1363133654263118
CUST_0078,Customer,0.13395831365373184,0.13838471310165862,0.018745128891386555,-0.009882686146862633,0.08237530821999668,-0.06899685166322309,0.13790820956976618,0.14285141608824375,-0.024691677237594415,-0.029222715414680956,-0.032581004276730406,0.03477745571379308,0.0016652236752232276,-0.0002363741115511519,0.10405938540339706,0.10395914350526483
CUST_0079,Customer,-0.3614732914028713,-0.3498195420835439,-0.10634482075465405,0.08850441973207478,-0.19004771354435,0.18960391238192256,0.0748952873036177,0.05859432188503534,-0.07731798717238282,-0.06903755638654173,0.06165460037112399,-0.06232447120853385,0.05543541129633356,0.05658621787738983,0.19500134101415184,0.19439737791771802
CUST_0080,Customer,0.0050445292302198075,0.015174337087917322,-0.11021488161844568,0.10247444161636834,0.06073787283289737,-0.057699611016574046,0.05345925971075518,0.05551669148394945,-0.12364515523488451,-0.1368987288447924,-0.06643456822523088,0.07286686071941445,-0.016741569876808342,-0.030363118220354743,0.10621283383534211,0.10810546932989228
CUST_0081,Customer,-0.04137398436034649,-0.03797482923765873,-0.04772288729204207,0.04383837977174719,0.011905102104875125,-0.029637995158303856,-0.16918442500465875,-0.1679192355920348,0.06604198485015972,0.06140280648240403,-0.18295249838614477,0.1829209133410811,0.032910594818095586,0.033467747898152,0.1810926881774521,0.1810252143699298
CUST_0082,Customer,-0.041910821778425825,-0.049346256682620555,0.06785709955736076,-0.06612020134173345,0.02055522842100299,-0.017147643515185045,-0.001606471635218969,0.0008709228590457634,0.08205985080056337,0.07781390921816589,-0.0029582898224807122,0.003686443466101116,0.043801740846233554,0.03655324646098451,0.0502048521033088,0.05246933989793029
CUST_0083,Customer,-0.05288651810698338,-0.05365673126213181,-0.10448467301753467,0.08897308359677641,0.04838963117996692,-0.06163067828340084,0.02948047438988346,0.03169768506445014,0.10239953968824005,0.0858424658333717,0.027791310552012737,-0.022544098067335976,-0.033935272699979646,-0.02584575477367126,0.0859493124392991,0.09024619751124831
CUST_0084,Customer,0.3671755141331026,0.36336237828678525,0.08762061358963712,-0.043497657982812146,0.00971193101922916,0.0017414197704073396,0.16460600830695846,0.17791886466375673,0.2035354455500832,0.22201662159563768,0.06518686826117684,-0.07206433636375775,-0.008846726127495876,-0.0025096126403173586,0.29113366387389755,0.29268975716371404
CUST_0085,Customer,0.19991428555818344,0.20322074568825962,-0.021406186211311018,0.04463335156673762,-0.044399124898123705,0.02972639995074445,-0.0947585725467803,-0.09387840262128982,-0.0014871067670793661,0.004870381414297804,0.13550539676444492,-0.13569600987000802,0.047949336120307974,0.04854516924142948,0.1358386392469806,0.135694478896007
CUST_0086,Customer,0.1694873350391844,0.15402342309128433,0.35073092354144697,-0.31457130592025806,-0.21820392677269373,0.25407287533762585,0.33942174555289684,0.3303031071855807,0.5676628101964342,0.5740211488766953,0.033179865719734324,-0.045038634724638635,-0.14327921383921893,-0.12998783354487933,0.38267629827221006,0.3807825997097152
CUST_0087,Customer,-0.016588636105787754,-0.02965085235009855,0.11461599493806637,-0.1021160437602055,-0.11914761705489382,0.11590060921708577,-0.05589222702626446,-0.06231557452741061,0.11835091920446092,0.11066798679208179,-0.010513561438614347,0.0085999673810588,-0.23066976752483453,-0.23604879277114624,0.18020960871693306,0.18133476967994294
CUST_0088,Customer,0.13387970697653195,0.13966860731069933,-0.019258139130543465,0.022169859858407776,-0.07873440542013985,0.07723825843668734,-0.049213116432574984,-0.07543539176317161,-0.4963100443694614,-0.4957841595726843,0.17049324273243452,-0.1553301207066162,0.03498930219327067,0.019824418416880745,0.40246656271937875,0.4018026186947148
CUST_0089,Customer,-0.1501878206775105,-0.1768872113387577,0.15825349867038724,-0.17767093781583512,0.15330758490979013,-0.1466893839942675,0.0947598815387585,0.10641274979043867,0.07969785858356408,0.06283452376348567,-0.10421731787670939,0.1055203407566206,-0.17880393600478425,-0.1702366111354185,0.16395111621241248,0.1669839365494421
CUST_0090,Customer,-0.20403706843106836,-0.18765299113828052,-0.18229619725653484,0.1648280170961654,0.13942271041752527,-0.15203723895744375,-0.06991595994030532,-0.055367482979002534,0.036917399448305195,0.04306980833881325,0.05381530789228047,-0.05829163041548945,0.11136484707342328,0.11280500164257046,0.0935515014468839,0.0927682124904845
CUST_0091,Customer,0.27959786062159636,0.30555239636024245,-0.25241749472210556,0.27570794086109873,-0.048412458201633944,0.04896431249064825,0.11909823391905809,0.11124011029154153,-0.47579186004337465,-0.4854573243320669,-0.1268918984642828,0.14294725054405583,-0.04275452047788264,-0.06061638096432299,0.3148800653447407,0.3124455516446979
CUST_0092,Customer,-0.011573408302315121,-0.01700359764190945,-0.03312131777759713,0.028628136265320996,-0.03662079036420471,0.02626066103048864,0.015470027287058685,0.013283872193307008,0.041676280291086804,0.031171030316070214,0.02904582081510232,-0.02346230726824494,0.012051600979168645,0.017622671492806868,0.09366343217660936,0.097568282148296
CUST_0093,Customer,0.029858476156244016,0.021781584016922068,0.023177209930433457,0.009727731088618585,-0.5359643134304005,0.5299708428336289,-0.053537740196442224,-0.09955573382290035,-0.2851499966951912,-0.26481643800625937,0.11776315838997407,-0.10888761066704589,-0.024931724687016148,-0.02705353979751918,0.27721934472098037,0.27887744476630594
CUST_0094,Customer,0.06494000366169449,0.07848571133429798,-0.13741067534584026,0.1384605902235652,0.040381609068382354,-0.049031919415773104,-0.007296833280748585,0.0011746764122172529,0.16509984255885898,0.1632511462867741,0.034700296747500796,-0.03996846229480995,-0.08747980082397386,-0.08283791067591245,0.16216488936769177,0.16166884175707405
CUST_0095,Customer,-0.17604103584181421,-0.18589934333058383,-0.012104165840720403,-0.00674644517159407,0.16196226362967522,-0.18420814201032742,-0.14051103178538368,-0.12511998163442642,0.0456040917795178,0.040869129081063216,0.053677878167867725,-0.053679310411461414,0.011835889085620204,0.017755261451378124,0.14491957308576067,0.14813961976120582
CUST_0096,Customer,0.009342270432614602,0.004169861950750355,0.03126239611244658,-0.024152567463199576,-0.031134372597699817,0.027160281584878744,-0.09888588237220258,-0.09673503656263134,0.05821940873534993,0.054799263582603015,-0.18529954637630985,0.18573460275423628,0.13149086277498917,0.12293885158954099,0.07298394393790107,0.0751275036387408
CUST_0097,Customer,-0.04438325967490684,-0.031401302783583794,-0.09980149202584518,0.10610686399623602,-0.10941399943014642,0.10104950863838184,0.011311226807403861,0.005680312845711441,-0.0671883927975887,-0.06281142202422567,0.005351215986821294,-0.0040396134886027425,-0.0019083646346484072,-0.006458667458707536,0.11590142314837071,0.1159206459484789
CUST_0098,Customer,-0.0759187355673441,-0.07108265922378389,-0.01012368179197311,0.0047654429348776865,0.0250961290770661,-0.029912114960644814,-0.03285301243435963,-0.02853186701853666,-0.011423779198311806,-0.004967320476672502,0.009637552828592707,-0.011597054782703413,0.06007179212837807,0.05877631038022692,0.07097316796061952,0.07126687909329502
CUST_0099,Customer,-0.09836878095711055,-0.12456650344140277,0.32943041323735367,-0.3692859257317402,0.4042641804312104,-0.35114885286885,0.3064493160829237,0.34086095407038197,-0.1824211120371636,-0.17075530101799397,0.23932940317215787,-0.2459810640767512,0.18949876634033416,0.18952215637309328,0.49390940463772837,0.49214662291336986
CUST_0100,Customer,-0.3651893482176499,-0.3421190873364065,-0.2660947539747744,0.2196901264071877,0.40024108262862385,-0.4208028143897327,-0.23378757495197788,-0.1942534807082198,0.03814239924208313,0.0555034339677726,0.25384699581747633,-0.26699738009078633,0.2759846287518566,0.28059051406215946,0.280339235869586,0.2801837504546002
CUST_0101,Customer,-0.13389357098031957,-0.1191802107794195,-0.16853798533381156,0.15801926208528935,0.09756017426322279,-0.10183985348690507,-0.0006668989443944522,0.011395597993088093,0.20552857028360394,0.20358955926954836,0.09031517457124691,-0.0934416723935096,0.1379927388688474,0.13466625116117167,0.19586446855754241,0.19699741493348988
CUST_0102,Customer,0.023153977662174596,0.020583592010065346,0.08560136370032005,-0.08184199607701907,-0.01704329460004501,0.011350984680286468,-0.09681298939551847,-0.10427707512374623,-0.2349081732327123,-0.23038364307695056,0.12958826888360017,-0.12148554566596044,0.04155134433479875,0.030136205794709364,0.2278810843265341,0.22692399097319194
CUST_0103,Customer,-0.29307514728091,-0.28486238757628235,-0.09065733967561222,0.06438931054961725,0.23519054010949225,-0.2513357494124955,-0.1883949351989154,-0.1675709238693386,0.059766565890869684,0.08822505304264912,0.23145382452469493,-0.23893265734857738,0.2239093755056338,0.22552988548152608,0.27097964412252573,0.2725871788519743
CUST_0104,Customer,0.15285289372321334,0.1626725140403666,-0.04393665956093351,0.05306571619050588,0.08704971399536615,-0.08663262483163826,0.022500264168229384,0.03263391746801867,0.025493827345455446,0.02646982303770861,0.019630010561715153,-0.021370486735019536,0.018864999388992845,0.01948425351209052,0.08256610007564576,0.0827345483571919
CUST_0105,Customer,-0.1816134409052185,-0.16287225266320737,-0.16864867873723494,0.15445216800895267,0.06720538803998297,-0.09448205121557504,-0.2378364585057629,-0.22975668581860856,0.14185449446782472,0.14267050870539033,0.12710019615948817,-0.13421350930429712,-0.20412463228230987,-0.2024680409780986,0.3782758776697629,0.376014165318983
CUST_0106,Customer,-0.14670134806256782,-0.1647249692412055,0.16906989740981954,-0.1779548999340025,0.0919128644223966,-0.09925470210223762,-0.19020870399729192,-0.18538588161002825,0.23341761977029635,0.22370934556794228,-0.20705939472883533,0.20109087129127376,-0.19684001126098416,-0.1934354674559996,0.21658399911799187,0.21564018350628658
CUST_0107,Customer,0.000865161200579059,0.00064722158444938,0.0013032751604913021,0.002063170416615907,-0.0016918977936505463,0.002512150089465977,-0.0024007540699552393,-6.460176440720873e-05,-0.005900038659172492,0.008016486283594429,-0.001435771347575732,-0.0012623291124738987,-0.00257991144022928,-0.0018341507861622183,0.0024108063007645284,0.005862943173314127
CUST_0108,Customer,0.18938305456464058,0.17997505164552619,0.09320409903518372,-0.06712801609649503,-0.01033628858097876,0.02121855941235983,0.08613439910651503,0.09046558636840088,0.048039085997944854,0.05875843009080699,-0.022647145990128854,0.021187809063828698,-0.13678502548170807,-0.1353007366527138,0.28812588739325945,0.2895319694581085
CUST_0109,Customer,0.05790391986330071,0.07140628677375686,-0.16674014259922726,0.16827738518155308,0.056373358098078453,-0.06440367675829527,0.02061211192823951,0.02545535290175956,0.15815765364154052,0.15333670371312202,0.023089265546243493,-0.024746819429091946,-0.03384379027819755,-0.02941261073864466,0.16696909185993966,0.16650056551003153
CUST_0110,Customer,-0.0033879411239572488,-0.003589971867447166,0.0019846275549851807,-0.0023261474300087025,0.0015969707453895431,-0.0013171654250182636,0.0015331842387441396,0.001551658709531549,-0.0018442791477324193,-0.0019778026024513695,-0.0011334946206461752,0.001152719262759394,-0.00408310327402244,-0.0041660273933957865,0.00436920586597977,0.004276561662155419
CUST_0111,Customer,0.10630991082099564,0.11113073417109492,0.013972233678508911,0.0043746429224196925,-0.06940883111191003,0.06995841559548902,0.027929863502775338,0.023059186178815715,0.012527271788260004,0.012948805477864261,0.020884848590346682,-0.018844942877401565,-0.015321918014809931,-0.017966386475796983,0.14223672812769136,0.14194540014359838
CUST_0112,Customer,0.023262086205734597,0.002907821220160211,0.27052930627968896,-0.26019066550126974,-0.05146092882754089,0.06700176100768494,0.08774637106876304,0.08566124643587866,0.3055931029073869,0.2998622920697874,-0.062238080812959,0.05534715670754669,-0.28802342970644146,-0.28207826128761676,0.23441189882968846,0.2325459791059321
CUST_0113,Customer,-0.22981832222274143,-0.2411314961707537,0.0016273155581708594,-0.011578507086356722,-0.2041020902558106,0.1858630361072527,-0.06484592186072861,-0.08262386254307419,-0.09237046896233661,-0.09285267036630623,0.13509219549891419,-0.1295152261765316,0.03869403947660172,0.04436738440015695,0.157317518343204,0.1607437973015046
CUST_0114,Customer,-0.09129815251114581,-0.09460421978594043,0.03276146042841432,-0.042009404776670825,0.03133639326869323,-0.01069114075504619,0.20519971865295797,0.20730918452454075,-0.025902224360163522,-0.03338686380577458,0.009042043092393577,-0.006767369192762126,0.005134993282713224,-0.002155039762068481,0.12964052145304591,0.13133751493784232
CUST_0115,Customer,-0.052298671657645866,-0.04830583852880077,0.002401010142225953,-0.006030891632558412,0.05458248140387269,-0.05193706143506809,0.07267944045479638,0.0763394576812669,-0.0032878784303741783,0.00024392621446071798,0.03363152148527626,-0.03231531240361399,0.052461325098881496,0.05471520601179377,0.127917508824413,0.128255094137481
CUST_0116,Customer,-0.16769361428239427,-0.19716909172019112,0.19211487230379132,-0.19913548662384656,-0.054761254844236114,0.04402578594650805,-0.09405262340785113,-0.09918347788719198,0.0836436163562986,0.07321748207748535,-0.0708774485673748,0.072812086499579,-0.1308056941831795,-0.12480007027947038,0.24048396345041345,0.2433332714231707
CUST_0117,Customer,-0.2667341957687825,-0.2548360046342384,-0.14282677520470308,0.12638542097012184,0.14331531331493297,-0.15431697146117193,-0.05514291364110351,-0.04065161623575466,0.15668347552671955,0.16455587075977246,0.052254544590488436,-0.05808368422286564,0.16202743981687587,0.1658121164430656,0.20892144833167917,0.20759134187100908
CUST_0118,Customer,0.16759486695658887,0.16246830666607778,-0.03850719346449273,0.05054283728040158,0.05110149451881545,-0.0611864332899458,0.032301530161190355,0.041088863832107844,0.016061914118578005,0.006363765093848112,0.0010921141131012366,0.003114214292856281,0.005829594017239724,0.011084759155140381,0.0804341070458461,0.08418474042635611
CUST_0119,Customer,0.0103520167313685,0.016037660810253745,-0.17181571763701092,0.17120247711295272,0.010828716891563424,-0.02104122701314537,0.1156835339198309,0.11952584092958152,-0.09367218492016344,-0.10231422187779947,0.04119667861084953,-0.03508969446685386,0.05023210119345985,0.055523153036737036,0.30673026222157074,0.3091735209661845
CUST_0120,Customer,-0.12190444756409109,-0.11163729111142488,-0.147794689613971,0.12665373210612924,0.14691651501060457,-0.15123695745005902,-0.08454555229032562,-0.07028923032495499,0.0617771004311158,0.05758504349772968,-0.007929602117524396,0.0016216813660672007,-0.035190158471211756,-0.030040751411647623,0.1361651514974407,0.1371496602015154
CUST_0121,Customer,-0.0634282640250384,-0.060833331096853675,0.021264847433353124,-0.0211066222949024,-0.08433466715262618,0.08616566446556823,0.012886672409172798,0.0038363973341198686,0.04235579524538486,0.044104292469957715,0.018097637991125733,-0.01816519851164424,0.005181454368724169,0.007252038305852187,0.07369068618788391,0.0741465659428678
CUST_0122,Customer,-0.03172442333919475,-0.055900013082984215,0.2930043277331086,-0.30598275659116336,0.14648435695895418,-0.15027027027559658,-0.20510620376863858,-0.19917919691865862,-0.15992697978637532,-0.1535002612474338,0.27458005849520695,-0.27151403899383286,0.060609762186140365,0.04362629849634356,0.10905908440582904,0.11070586723823778
CUST_0123,Customer,-0.04825013621601105,-0.042140702109598006,-0.07906555222497443,0.07010863288081763,0.045537068656949536,-0.047365846870047176,0.012319683845301457,0.014344371585187334,0.06935127867417702,0.058194149097063566,0.02016188991285074,-0.017711784526025214,-0.02152666561305804,-0.029036714464900602,0.06554488485325381,0.06799384474392495
CUST_0124,Customer,0.08875163473200573,0.07396273228170422,0.05747560180453685,-0.05487012747729214,0.07517890351386809,-0.089192972932461,-0.07084483181411623,-0.06420917357532566,-0.02883229013765007,-0.03968695467699802,0.01852809984530892,-0.014074726895073964,-0.09723702024902539,-0.09422493670807228,0.10860747230882717,0.11209037099239079
CUST_0125,Customer,-0.27504461419928744,-0.28161913884393763,0.08396165265842663,-0.11398078614156822,0.265809428814812,-0.27913793893037786,-0.22006721680845312,-0.20112805156201496,0.01574785943607631,0.0254358789264513,0.27000497340542967,-0.27227162726044335,0.20482730851282158,0.19321190036538816,0.26512682145141875,0.26592441402235245
CUST_0126,Customer,0.041467681422236016,0.030071718022326464,0.1498271519991239,-0.15001769334111406,0.0958545135114846,-0.1062380021385639,-0.18207005765754702,-0.17040992347729583,-0.004285009207556614,0.008363240391289559,-0.027436910394102326,0.024319747481517263,0.20586544587263012,0.20273112782022956,0.22955135431673507,0.22881793993143015
CUST_0127,Customer,0.05980428465259739,0.0648400249175275,0.03456276158639765,-0.03507056938760491,0.09174607292332493,-0.0906298577090469,-0.0312849857323948,-0.024035120233128926,0.026057968963328484,0.029757982963008692,0.06516389075202413,-0.06709058488279289,0.01565566582643924,0.014903446795334716,0.11932212361139219,0.11927146931292994
CUST_0128,Customer,0.08983999126040866,0.09731106848747711,-0.06471768543007395,0.06613352532184519,0.04114686785899146,-0.0365619374836157,0.056536147869508495,0.05724285721498214,-0.1726691895640072,-0.177633601422528,-0.08155176042895909,0.08624614654846632,-0.015648660790676006,-0.021662633931657946,0.09032287164515303,0.08951589033370778
CUST_0129,Customer,-0.012193350510254275,-0.0102508697643725,-0.02410088813995718,0.020835338042091676,0.015482350513063702,-0.01641171718820534,0.004352730879182966,0.004668308662401373,0.028468957488063794,0.02666936891003015,0.006087123363031846,-0.006059848225571025,-0.00798943280411792,-0.007274022005782606,0.0251365578578967,0.025054543382962115
CUST_0130,Customer,0.20286405906086796,0.19811368108216196,0.04507678584230194,-0.03417626566219744,-0.004679320171752534,0.014151120986140657,-0.04802028875314508,-0.04409962396342231,0.057469591407024706,0.05473021521063844,-0.20340720368629647,0.20033709143063316,0.10627804263811795,0.10968682919127598,0.14875759641119954,0.1497409136025221
CUST_0131,Customer,0.10747293168501701,0.10630739839865225,0.07348523961696753,-0.062279376387569384,-0.02668372736331438,0.03755873257599248,0.09889282994364547,0.09676617390423346,-0.03058515398095849,-0.029981755082598132,0.02233321316551631,-0.021042480439838016,-0.005725529187324967,-0.006915164240498234,0.14759367848197946,0.14714890436377376
CUST_0132,Customer,-0.06891234045024126,-0.063502582760044,-0.0614940421531265,0.055345023152613984,0.051994967672053014,-0.05595606097846491,-0.020374356469004342,-0.015141259369522363,0.009412894316807946,0.01121789207287392,0.01448793888965023,-0.015868343756754742,0.03773657858605686,0.03813881702192468,0.03485906826477615,0.03453567749780535
CUST_0133,Customer,0.2985214392157852,0.2910681779242547,0.03174702541844373,-0.005301357622201961,-0.17114083040929098,0.16801484350885285,-0.1068855938617144,-0.1171778790504916,-0.11165112135283307,-0.1064398417390744,0.14524022899389308,-0.14380612342872098,0.036105796178896706,0.03866845097004888,0.1653370570214349,0.16615605545199322
CUST_0134,Customer,0.4240615248929877,0.4214369330204978,-0.018519720815467218,0.054535001407248054,0.06010328968650755,-0.06157781652365913,0.15087652211607475,0.16593745381637345,0.19235115773224354,0.1832816648961896,0.05123695786079949,-0.05020153195482182,0.015184396496630814,0.023962178598287382,0.2817049872981247,0.2840569431736347
CUST_0135,Customer,-0.19277061198106551,-0.18248734033093267,-0.130521403082618,0.11926740036018972,0.1034914621100809,-0.11886591333400073,-0.1711259592034015,-0.154584923209066,0.06292213506784043,0.08473318389672209,-0.1406897216060671,0.13293989578062873,0.2494421171626591,0.251432246402763,0.14220977049241354,0.14472580902458387
CUST_0136,Customer,-0.09639994072064743,-0.07846269589747382,-0.11698598997716456,0.10253949672991677,0.10865258012646699,-0.11286335653878446,0.02061780403547027,0.028365733828258764,-0.03680255011559588,-0.028270516987202385,0.21051111534316885,-0.21034782407319008,0.10395436057700025,0.10018112823217434,0.3002111234857701,0.29869095442856153
CUST_0137,Customer,-0.014459085631680784,-0.014164509045130091,0.013591619140222179,-0.016140987496814484,0.050659695600620024,-0.05706467458066575,-0.08939288956455946,-0.08627426815693802,0.047289231463196406,0.038310048528377515,-0.07588471108059819,0.07337455984874428,-0.22717858831601795,-0.22778131795997464,0.08147570188978207,0.08133342847329951
CUST_0138,Customer,0.11372026470260205,0.12326402482970444,-0.10708322104373427,0.12288037308623971,0.10088451470034737,-0.11272349712496738,-0.11546959627622196,-0.0995737185121895,0.03355013205093853,0.051849953581853285,-0.16815534289501105,0.16388434768674232,0.21787548074929983,0.21808462625088457,0.22828325657512036,0.23039517291046427
CUST_0139,Customer,-0.23169169043915974,-0.24353898627865003,0.2072247601877512,-0.2308180890732917,0.07921917604720914,-0.03192451704915015,0.40871563991325194,0.40871404013517826,0.005823232566935071,0.004557468943623853,-0.037860683018769194,0.038789964243828225,0.03383908066849474,0.038023485514803695,0.20427658032213916,0.20371745293317875
CUST_0140,Customer,-0.05318502066345366,-0.052477928396179416,0.019041034760480493,-0.025356127991862834,0.05329937376308541,-0.04297999359947807,0.10052790143647072,0.09621079665114504,-0.00199608201326207,-0.004399657955975039,-0.0031779524859075945,0.002064768519084077,0.001372994130726695,0.0028336762478308676,0.05142407568076909,0.05344681204668184
CUST_0141,Customer,-0.0901603410145572,-0.08204770598223811,-0.07819892432722617,0.06174918129173951,0.04960925059182291,-0.06188072986349164,-0.15491430245656032,-0.15462765821649863,0.043651403827282935,0.026166326988164075,-0.14490599262215237,0.14259196356505746,-0.42808714056868447,-0.42866542198000346,0.2249193124590106,0.2236820644081936
CUST_0142,Customer,-0.10338341380627511,-0.1255143713633069,0.22857139609704863,-0.23079453758847465,-0.25321957945637114,0.2772859994988373,0.03607741769995488,0.01760033711470384,0.09130455754163713,0.09267859062906941,-0.2638594230190532,0.2603156045813368,0.15123398049533887,0.15832462612462822,0.2107488785737233,0.21135363748550115
CUST_0143,Customer,-0.0713588214291813,-0.10719113783029996,0.391773126550097,-0.4178270893107763,0.2602471698981245,-0.27431696564812963,-0.38555363961381584,-0.3743840494808062,-0.1474259671050219,-0.14393154241104805,0.2118097401565553,-0.2144741284166326,-0.264707305344385,-0.27421847344968125,0.24721557151263215,0.24500604131196846
CUST_0144,Customer,0.14296493446489075,0.13257611177261486,0.0810540790587984,-0.05608914659476365,-0.02260403836683015,0.024231562111467122,-0.013181314279219414,-0.015455146325223677,0.03022456898314462,0.026073765129224217,0.017018188504146547,-0.010570314860314732,0.05288232999360921,0.04389657093692632,0.19478756286444057,0.19615129596167613
CUST_0145,Customer,-0.07420976675000082,-0.064097673018373,-0.10587561238295852,0.10627627192076147,0.012338546181823395,-0.016846134453558738,-3.0350510427858667e-05,0.00420913356536872,-0.053580913089625,-0.06190190649373302,-0.05144870064652201,0.05340894914299301,-0.0890089013718748,-0.10218415033033956,0.16667717367207657,0.16778445621098842
CUST_0146,Customer,0.06769347999192526,0.04987156279043619,0.19580675581640086,-0.17225653019571557,-0.19599276527313153,0.1901994772775961,-0.23113147132196113,-0.24788649634775184,0.017808814137750206,0.0247689868782093,-0.45363672910708436,0.4539093909241265,0.32591564120041006,0.32293660250690537,0.2659603535815218,0.2666992888167958
CUST_0147,Customer,-0.29710833739649756,-0.30933213057801257,0.1368562813603714,-0.13922409434153726,-0.4758644207702301,0.49369725334607173,0.1586023737932162,0.1135534085706096,-0.09296662626822737,-0.08800636873537693,0.054037531755452464,-0.05095493567268556,-0.03750636413887731,-0.035200326962533245,0.21420258187356403,0.21277091430161363
CUST_0148,Customer,-0.0947452985614375,-0.09765159622933234,-0.011060146538747019,0.006948545124978446,0.07822569895499934,-0.09031617184994607,-0.11577011525298052,-0.10671670301911391,0.17219095913680418,0.17622570891173145,-0.05575035406213323,0.04812795827979414,-0.3219907326037479,-0.3171347619186621,0.25112617405925547,0.2528989799054269
CUST_0149,Customer,0.08223610467154817,0.07582746525354302,0.015364839199408028,-0.007903162084889752,-0.09411212852097232,0.09428661360392009,0.12001435399450745,0.1156531764800992,0.21927195342775296,0.20849076602271227,0.06244705885762741,-0.05993800750033319,-0.04400341686731877,-0.033297957857772585,0.13034307591091582,0.13372054818138462
CUST_0150,Customer,-0.07909509860681012,-0.07063289459140668,-0.10131673582439607,0.08615760479748444,0.053721872059931966,-0.05604780400691695,0.021407708651678847,0.022754827983957865,0.0917536751336932,0.0970207152589885,0.02462201871400757,-0.02597531223510682,-0.032208819362445386,-0.02948714529038365,0.12613007014573882,0.12948960815863017
CUST_0151,Customer,-0.19519393418077338,-0.19284009131265145,0.03350152745837371,-0.0754824849178935,0.17190887310136868,-0.1052150327628094,0.6404092535365945,0.6427269813021971,0.07010573455396812,0.055034606762341065,-0.033606675207755204,0.03868835055001864,0.03551425789056562,0.040117846831544,0.42887858810290075,0.4257797388629058
CUST_0152,Customer,-0.07775871621513594,-0.06852898668222225,-0.23745467653178057,0.22427664065113195,0.2652181021089829,-0.2989807553747445,-0.24636791610254374,-0.20843245415699066,0.08172908160279815,0.08354688120151706,-0.30548325596512155,0.3008569692696648,0.4542043970485636,0.4602109100441232,0.3317027682315417,0.33372240092656275
CUST_0153,Customer,-0.014340008406125367,-0.004297159259201486,-0.12429428090470225,0.12635956145316357,-0.002570374877149775,-0.003341824993538893,0.008636704658120813,0.010420744715850711,0.059743411102082714,0.05191591443588894,0.014756226262388698,-0.012971460676603267,-0.019308668623079093,-0.02765574281973368,0.10908564525778237,0.11121021328672051
CUST_0154,Customer,-0.20975701623157927,-0.18280639966669443,-0.2932221490881812,0.28343252047473294,0.1522347884038409,-0.1852862422907749,-0.14129385278021653,-0.12342402699340083,0.041667485668471824,0.05377695999214225,0.13971826832040796,-0.14251461701477516,0.19756250507277606,0.2007435957443781,0.2496078822039843,0.24916019812574783
CUST_0155,Customer,-0.23634381682198485,-0.23675919482408248,-0.015538748173262328,0.01886848222917988,-0.4109951499100038,0.4111763679201192,0.02742505425213037,-0.007804528508854966,-0.11645560213986839,-0.09906539235043076,0.05837259267392775,-0.057710461457487344,-0.042038222031846234,-0.04117066722341552,0.13197095007091467,0.1346699471678265
CUST_0156,Customer,0.15179279919887834,0.17042718843695184,-0.19733243585845772,0.19511841717993217,-0.12517169511856485,0.13788918996566582,0.09864225746004736,0.08925529984883106,0.16954848729570401,0.1556872364598307,0.03557899256028009,-0.03873276438489742,-0.16451133360246936,-0.15634573034731122,0.3107009738688978,0.310279144624658
CUST_0157,Customer,0.11642395414652637,0.12995647175675154,-0.1404075741302767,0.13917641220000734,0.0773987788900555,-0.08727251656871705,-0.10485048141102357,-0.10095084234382394,-0.016337722729792177,-0.03652543029549914,-0.14225171778033752,0.14289533874006458,-0.46486322837787003,-0.46703018707099453,0.3479115668536923,0.34571369199266794
CUST_0158,Customer,-0.14334877404802468,-0.13006457880906344,-0.033959633346242885,0.01843723354930314,0.143195933714045,-0.10759320634430816,0.40649734270491744,0.4160461623841647,-0.1444234971345234,-0.1456790503202701,-0.02815013585309657,0.03188949666783211,0.042406951586861065,0.038874944195945664,0.2585357633912118,0.25738976501671057
CUST_0159,Customer,0.03085731453066597,0.000626936074155247,0.4207121273680714,-0.4075966244762024,-0.036174746600362274,0.04915763732204652,-0.02859141791017755,-0.0344526318771188,0.24678821891764258,0.2588628113513211,0.13271098027351866,-0.136148885277911,0.09542407551680003,0.09975240712547145,0.29018513656333994,0.28924155737908
CUST_0160,Customer,0.35808800244139877,0.38037944469285473,-0.20119941701169924,0.21473095040415877,0.12009716592686037,-0.12097711036812982,0.06659289311958824,0.08114922893044653,0.26460368264963424,0.2612635599575114,0.20638736704981372,-0.2108607011929759,0.014401246618722031,0.019564604485757597,0.3628737186289718,0.3602592256004725
CUST_0161,Customer,-0.10828642600169505,-0.09405290500307795,-0.17551976570178643,0.1959558697938133,-0.3909496416160103,0.38018150300968223,0.023785155939389194,-0.006746309350207569,-0.22075523613785958,-0.22310152401409897,0.07322988089618698,-0.062136823063247304,-0.02993480577222843,-0.04667715467145096,0.22190780346861486,0.22296423729412057
CUST_0162,Customer,0.13194497733377217,0.1260385902575886,0.09777017689882216,-0.07752549680527143,-0.046558740948460346,0.05787525829750008,0.09593538636537115,0.09739651219740521,0.17546063950462693,0.1706530143984176,0.00033113310737481434,-0.0019718757624462434,-0.05028817430567294,-0.055526882524387915,0.11475797158728052,0.1164832500412238
CUST_0163,Customer,0.06209588381414474,0.06059577666517745,-0.06226836956477309,0.06542643453948077,-0.010711135933634078,0.008947034054173115,0.11074535281799587,0.11012416198194233,-0.21428189968808645,-0.22334454621085578,-0.028029239943835504,0.03758048679931437,0.04533101389699611,0.04479223328956765,0.2405458289723124,0.24311000584980755
CUST_0164,Customer,-0.33138416783920804,-0.33552243938280407,-0.067109317387771,0.0463661137154931,-0.022128072055482232,-0.007992762920671213,-0.17441074485589397,-0.176416249261768,-0.10459077975004517,-0.09730568834374197,0.25189740144052486,-0.24756677603802157,0.15730360836748294,0.16022813752311335,0.2927358391541179,0.2951101442731851
CUST_0165,Customer,-0.4626796866207368,-0.4482457194603397,-0.06323563905953211,0.02370018945229696,-0.12107125309887845,0.15800252107143786,0.3903703677288407,0.3732185315637674,-0.016811387260720952,-0.015122566650733187,0.0885649769230071,-0.08663055155149749,0.10249596747505767,0.10714367071342477,0.3791763660998496,0.37728141040416713
CUST_0166,Customer,-0.1284125837817491,-0.14073020253437454,0.11338702956344683,-0.11859759151366031,0.07721326525640397,-0.07639717804122596,-0.0422293420312916,-0.037519968639805494,0.21076664226222777,0.21653808040924546,0.05018122092056013,-0.054324682794285546,0.121494903928287,0.12697388216139952,0.1800235848865002,0.17896841084186002
CUST_0167,Customer,-0.14865414176780206,-0.12796855313963812,-0.17940765397076255,0.16626749328401727,0.17560518915952064,-0.188268923195907,-0.0693248950313308,-0.05047764494729657,0.046662944493841334,0.05296878738206376,0.06505760550871477,-0.07017277552665303,0.14222384311655825,0.14239512196557566,0.13901576111320818,0.13861859306389823
CUST_0168,Customer,0.03170591483167048,0.017288057974163728,0.19946055173674251,-0.19612303184615562,-0.09569149822291698,0.11413459461105366,0.03776879355477358,0.032360916937369685,0.03553108222136294,0.03864636378810795,0.01076547286776452,-0.01391263236681275,0.016730953449625493,0.01856631594741487,0.15653361736296217,0.1575329121774797
CUST_0169,Customer,-0.2536529603111261,-0.23856095578370937,-0.17526747486862798,0.1583510595784841,0.03977897813415309,-0.05262206897039232,-0.07203195893711589,-0.06653621478825773,0.014361566169092604,0.021705308625564388,0.06373745127129785,-0.06763671746118416,0.10718476876321968,0.10901089957748476,0.11867833720891698,0.11777133117327766
CUST_0170,Customer,-0.04909524474662535,-0.06368421028784979,0.181846621375539,-0.1950269406845264,0.10547586441092956,-0.09713980500543203,-0.006947505725497239,-0.0028739199314275674,-0.0901087869211181,-0.08503460013844337,0.12596784695379726,-0.12516903181829972,0.029190583731861675,0.02584456816568213,0.08449936197964923,0.08377818431741152
CUST_0171,Customer,0.013530983374302601,0.02415036847067076,-0.07766083175040489,0.08100837242970436,-0.040668877673253744,0.041973151334641544,0.016252104788408762,0.0168326910995971,0.08900407432305053,0.10485735268960925,0.05823494666876972,-0.06212181236991044,0.047949227928968656,0.049587363475657,0.18803845121626134,0.19032169156472162
CUST_0172,Customer,-0.023697038508440862,-0.012408776372068832,-0.15422364881849648,0.14413809366297298,0.0164183673496658,-0.014567206960113625,0.024037933419693888,0.02681330484868761,0.0817691429425443,0.07618289197330128,0.019666024256067553,-0.022884979974774844,-0.02976041684910748,-0.02420033340731022,0.12798812093985315,0.12950918502892445
CUST_0173,Customer,0.3177953026001032,0.34407821852675735,-0.22642893664919878,0.2583931164919497,-0.04512612092482613,0.0449212022278389,0.08101024339831071,0.07374201188250638,-0.673868018650744,-0.6956799765183592,-0.30369362187188215,0.3247238679833189,-0.20110427827792515,-0.2405253705389992,0.6403861883769822,0.638047916969268
CUST_0174,Customer,-0.03958766033507751,-0.04046920776757426,0.04538360806885847,-0.051642414996549896,0.03805197736947129,-0.02926074776976339,0.09296007672806912,0.09638548995751206,-0.016206595004724145,-0.01452712659067738,-0.017910769617892335,0.01736888451361973,0.004548407078970081,0.0047828182388229105,0.031114515401298497,0.031574541457086144
CUST_0175,Customer,-0.15312401202376807,-0.17374544937771388,0.22342004279399358,-0.21452815099016756,-0.010121463592653113,0.010210157146447135,-0.040236207235055346,-0.03501319704002823,0.5528837143646276,0.542442116571205,-0.13139233255099425,0.11399068186182121,-0.5204624463097912,-0.5071619387448243,0.5493765496886036,0.5459085145625692
CUST_0176,Customer,0.6059078522107141,0.6146305595499388,-0.0386592269622295,0.0783267863661624,0.24246239335490063,-0.2330296212709185,0.084973433242032,0.11831223394287825,0.17890026417055585,0.1932215629747391,0.06221561820401761,-0.07292884508344288,-0.013883050215931447,-0.01158914061928837,0.43483478866222885,0.4351631495439947
CUST_0177,Customer,0.03315097272170191,0.029977328838824358,0.0820185661053505,-0.0788566935930277,0.0456567323707687,-0.04457684762734992,-0.014538882852796135,-0.012126943892728627,0.1549451869582371,0.14488516760485512,-0.06068035237339626,0.05734895986732203,-0.25306674564543735,-0.2515097660008969,0.15767905455039885,0.15711247579314333
CUST_0178,Customer,-0.1261876342386603,-0.1543590358695905,0.46654699658459076,-0.5081708706534899,0.42416397054278104,-0.313640649805738,0.96462302237024,0.9926304857583772,-0.2092446422497956,-0.21435940643096757,-0.11605890035156503,0.11863637861487847,-0.0012361359990914133,-0.0028664635951344878,0.45008692587010307,0.4470949692334124
CUST_0179,Customer,0.00486037634179379,-0.0039937219236470065,-0.005662129889641496,0.005021248768619722,-0.002282865000592391,-0.008210284286202947,0.0030494780495390495,0.0053249189418533745,0.006638499637641027,-0.0021882820419522843,0.0016060204318419,0.0028261600809338437,-0.00014946168638500687,0.005412482490810775,0.002850231847981749,0.007154506122316652
CUST_0180,Customer,-0.04054527652920217,-0.028626548038692932,-0.13336240183232767,0.12949430375316004,-0.02956994578879787,0.026803680033459967,0.032200694331751205,0.029325240787532167,0.061299665704804225,0.051176898213156075,0.04519090723424538,-0.041687842890859514,-0.014157201663395675,-0.0225755636259286,0.09721671157316313,0.09928479037801925
CUST_0181,Customer,0.000865161200579059,0.00064722158444938,0.0013032751604913021,0.002063170416615907,-0.0016918977936505463,0.002512150089465977,-0.0024007540699552393,-6.460176440720873e-05,-0.005900038659172492,0.008016486283594429,-0.001435771347575732,-0.0012623291124738987,-0.00257991144022928,-0.0018341507861622183,0.0024108063007645284,0.005862943173314127
CUST_0182,Customer,-0.0897368549344757,-0.0825044354830421,-0.0953147411953114,0.07898559119718934,0.08363732766569384,-0.08476652292478061,0.02770689312648777,0.030832371291880732,0.14683853046486767,0.15171352179301079,0.027183367280939917,-0.029441325360521783,-0.024870111657138334,-0.020341947958322226,0.12996420408767578,0.1333058243030859
CUST_0183,Customer,-0.2355832840832473,-0.2455883650465418,0.13029157057414006,-0.131180523358197,-0.374571304585681,0.37237142861633843,-0.07940685433895953,-0.11521967123978959,-0.08293664756751735,-0.08538251054595955,-0.038231417714332,0.03924130360191069,-0.22359925867997374,-0.22624076415134847,0.26750761256164673,0.2663657490853239
CUST_0184,Customer,0.005642983539255356,0.00420152391276744,0.024307848009251315,-0.013782198503966652,-0.04109053027105024,0.03735148620791067,-0.017948400915028844,-0.027446118122685974,0.0406660449756235,0.04434196652989663,0.05765159025416729,-0.05902923973256375,0.04206025173823613,0.043825354897518286,0.1158543268654158,0.11757587817073088
CUST_0185,Customer,-0.18761194191371863,-0.14080577815330572,-0.5061952566729747,0.48526141697812636,0.3460433636574301,-0.3698560135303464,-0.08289386785897142,-0.0540251594821066,-0.20256558223703006,-0.1947936495748952,0.03001632312646803,-0.03362890424173629,0.2431270131612969,0.23885074872093326,0.37532070179704835,0.37460318306980644
CUST_0186,Customer,-0.017894617586891284,-0.03644124943622953,0.11292613756286989,-0.12469700707514211,0.07780937549394366,-0.09079072124834121,-0.087461170771724,-0.08345368340616406,-0.04938678057852655,-0.054317824089284164,0.14219529295073532,-0.13688386580184866,0.02306001756102266,0.025538014725879424,0.07695861705875416,0.08086266176886418
CUST_0187,Customer,0.056579638215211364,0.05121037448158569,0.038460520933760366,-0.028928809836777158,-0.04421261222575205,0.041829880296222394,-0.031247341629760658,-0.03484578150492864,0.009168172914519051,0.01116838088823571,0.040363620212377944,-0.03903916571596518,0.012294612569260515,0.01297397475996385,0.07231814415821013,0.07186058613479859
CUST_0188,Customer,0.10198132775413471,0.09487233116023813,-0.06893862034337839,0.08452709063360991,-0.05843428029834705,0.035047421386391935,-0.057742394864632014,-0.059324134361656414,-0.11025938880546278,-0.11543118351072276,0.07136562396918912,-0.060684760598574645,0.0327221361296177,0.03684191837306748,0.1310005597216132,0.1347501641203216
CUST_0189,Customer,0.018204025710890144,-0.005847365986153121,0.14816123960487163,-0.15384437626165268,0.23730250079245274,-0.2191746994710015,0.22314197049835321,0.2515856350056185,0.15247462304620008,0.1465632666722951,-0.17428510609617745,0.17284704665090547,0.2334437067206903,0.24389831240327206,0.33577103690702964,0.3378720785841029
CUST_0190,Customer,-0.05061062003858504,-0.05271171089382314,-0.04696563937245167,0.04650349772991828,0.08477790529488022,-0.10233213934823919,-0.1863414126578141,-0.17496499622338552,0.0790553584501241,0.07939012375676352,-0.1500425980502601,0.14123031521628712,-0.4548589113231977,-0.4535992153471566,0.20489616575916883,0.2066396339517881
CUST_0191,Customer,0.02555302858773681,0.037957353182228454,-0.09121224574524407,0.08985558760036998,0.02657712091229251,-0.03470722667810791,-0.007417931648143578,-0.00645258630566972,0.039181221513814556,0.037892020229278595,0.050514428020946675,-0.04900985740384046,-0.006243376578991718,-0.004425029584503466,0.12178662948218272,0.12233994101843895
CUST_0192,Customer,0.06824000828859554,0.04659036752606812,0.24530184150166315,-0.2636646178914478,0.22250012552936238,-0.22077081015035183,-0.201044486962241,-0.18569469513953193,-0.13581624113295612,-0.12533495021532357,0.30320112981630715,-0.30692003853532923,0.08017748330126255,0.07728136857400215,0.16709048810238414,0.16772381838721634
CUST_0193,Customer,-0.11931112978932416,-0.12980164169955916,0.02612513606531107,-0.03995013748161196,0.12289893174676884,-0.14174367790070166,-0.24521299795019572,-0.23590608347815087,0.06978457792402064,0.05203489042130087,-0.20176947327806458,0.19531540554677115,-0.5323124294550764,-0.531668238050305,0.14655675237550378,0.14499518686186047
CUST_0194,Customer,0.0452045993818824,0.04662637572701857,0.05305662749150942,-0.046727529831749264,-0.04669040956434916,0.04543505549259579,-0.0402724460514814,-0.044311256998533936,-0.030970209113547705,-0.026841249921656894,0.03396916271715393,-0.03313848649788144,0.024320326333101952,0.02263337423049173,0.06684935812543195,0.067239483200561
CUST_0195,Customer,-0.08307044321830813,-0.07514930266639684,-0.19963044255504808,0.18850424428203533,0.09457253531738471,-0.11739963304156917,-0.06607891380867773,-0.05398736552412184,-0.13871966406396316,-0.14501403362305967,-0.10989103596923719,0.11606280937806841,0.15643524491044403,0.1577548437699713,0.1892206880667348,0.1922783259230987
CUST_0196,Customer,0.3198897753079085,0.3108678376373099,0.04792551831806037,-0.004996422321383398,-0.10084723406825105,0.08536703292237988,-0.19548972400557849,-0.20972287987502536,-0.13106007174200085,-0.13462473400015745,-0.10217355938354387,0.10816388503299208,-0.11958504434075519,-0.12357803100372167,0.3172517689673602,0.31736158360018063
CUST_0197,Customer,0.2343760752512514,0.22145566917343895,0.16923151134567765,-0.1396863336702151,-0.04860424735622697,0.056957083274694835,0.06965660754617461,0.07352935451888189,0.24162856131462304,0.24858450389179865,0.09313187224903421,-0.09931358149950285,0.008694362070585486,0.015153057282861314,0.20282464881435733,0.20133299091065576
CUST_0198,Customer,-0.14643556744983402,-0.15953602812151382,0.22188973596994557,-0.2450508345226335,0.1915318017891399,-0.12998086010346285,0.5404985030078375,0.5443638248784493,-0.12768356926875152,-0.13315284299564337,-0.09735703658025538,0.09855503193105042,0.007772299061931451,0.008250133583939424,0.1910599126085744,0.19173761919767754
CUST_0199,Customer,0.15059409343833016,0.14526538008209225,-0.030175355037566926,0.04295089053258681,0.0017868955766280204,-0.01091296250163751,0.03441949061901972,0.04019344103789751,0.09474851036955975,0.08537562764420298,-0.007695941567383207,0.009857271480811287,-0.04012901476767958,-0.032779030838048694,0.10642150272775297,0.11012404203588988
CUST_0200,Customer,-0.08037592377961776,-0.0892556871010527,0.07379639749203,-0.047394810073542404,-0.6146219449871806,0.6079429072560625,-0.05478766545994361,-0.11435785712572488,-0.10959085935211799,-0.09773579691696016,0.18975874290023903,-0.18814918577369602,-0.006292829931418511,-0.0021680089395374317,0.2259801189519578,0.2269144321900553
CUST_0201,Customer,-0.4043159265588968,-0.38905208960495274,-0.12205796344769088,0.10802101681265001,-0.7148294659326928,0.7069884162230058,0.037603279128355836,-0.03275745497802853,0.1292965306017383,0.1263358339620881,0.3161564894475787,-0.31251090756988836,-0.29196582350663997,-0.28765590405305386,0.6121124415298831,0.6086945362136725
CUST_0202,Customer,0.013046387300887889,0.011052671723492495,-0.09324873199437728,0.08403124620234294,0.07485289459481707,-0.08836437446859738,0.021327404397709936,0.02887328133748614,0.09539877601084366,0.08134396597060319,0.03520635366913427,-0.0315337103165019,-0.01939686157189959,-0.011384953902139757,0.0936493230311026,0.09772191914111733
CUST_0203,Customer,0.03259184784812176,0.024532782475591153,0.07306569128756163,-0.06641226067549545,-0.19512556169907433,0.21382297244987142,0.0913585605615995,0.07266834292327853,-0.15651900270330701,-0.15690541068564523,0.023654710877190635,-0.019400999947120343,0.010602373141831215,0.011417396556829964,0.22068254352832917,0.2212120359435773
CUST_0204,Customer,-0.283472899528532,-0.28129426576797156,-0.10413020181622314,0.07637489769227084,0.20333729161804817,-0.18531046123744152,0.36906151044501445,0.3901687169603084,-0.027137077599476603,-0.03396974263623479,0.0015147373429639872,0.0009549385287556317,0.07436306204318427,0.0814005508953253,0.27695205559460484,0.2793419381832495
CUST_0205,Customer,-0.07238885593742014,-0.0799321459809581,0.051776709573922004,-0.059070628948190256,0.05089002753925135,-0.0658886291770396,-0.19997829885487445,-0.19398917092709506,0.058421814741892876,0.051403899676272416,-0.21643025834592036,0.2114235822138342,-0.24993296667164883,-0.24967522762457647,0.11516836816283495,0.11483883406629156
CUST_0206,Customer,-0.16827039833179996,-0.16958660165856854,0.05014167165492611,-0.056264744349267835,-0.1801442787985653,0.20540741728280043,0.2818377970266216,0.26362559940985425,-0.036427374474426275,-0.037686402577922475,0.021983483285576498,-0.01930887286519927,-0.04784002823164414,-0.04741859246169745,0.22835761822855677,0.2267936693330695
CUST_0207,Customer,0.009155896692585111,0.017203001203974715,-0.036964582414551306,0.02929179710689858,-0.034258524941692355,0.027070814913575197,-0.05293253155971229,-0.06229780426628989,0.031203725398769675,0.03129823628396955,0.2626149676976155,-0.25951149468216805,0.009557001332019121,0.008975273476028977,0.2687265779867448,0.26786221890191036
CUST_0208,Customer,0.04796921525162756,0.04364398258865877,-0.05898453246642158,0.06496488637880111,-0.06313646288670167,0.05095254727577264,0.03574581867327199,0.031400064689348174,-0.008831269702158763,-0.01930654473475896,0.014985682251572806,-0.00830095957639723,-0.007136730133111499,-0.0012689057109117959,0.11574756703490074,0.119599608923644
CUST_0209,Customer,-0.030397440221531614,-0.02817226635982413,-0.032498690742523886,0.0326428170854646,0.018947796084936984,-0.026627312888738593,-0.01803843493912475,-0.015987776456294244,0.0039208495240805625,-0.0031020093375013153,-0.0597668861321948,0.05955771417039604,-0.2362493845692131,-0.23759455883924735,0.25381696738182713,0.25197493455395603
CUST_0210,Customer,-0.14959855589840806,-0.137994909298311,-0.12149325088280011,0.09600405475294292,0.0553650622123098,-0.06343345785510872,-0.031153928855523927,-0.0348972514774239,0.10467803644356122,0.09353468982886938,0.22112866628887912,-0.21594036067980965,-0.004413433216285899,-0.01434302168905771,0.2943366287674511,0.2954561682073208
CUST_0211,Customer,0.007440532863199178,0.004373012668183173,0.06132670515405443,-0.06449034166390127,0.04056988350423111,-0.024059997456983482,0.11723507032737374,0.11892007858427134,-0.2297479662580116,-0.23717977867010256,-0.08121286158284703,0.08837941281372655,0.027756657094740036,0.010706090046277343,0.15383264526223514,0.15519006787916984
CUST_0212,Customer,0.09992068966551701,0.10865187204795246,-0.10163417408572928,0.1074285689849478,0.0460470789411186,-0.04853458714535107,0.029026917925363726,0.03722651278284996,0.09193780027083513,0.09203311191788933,0.04967007216090386,-0.05258572469629371,0.01476859708820372,0.01764114327279114,0.10600096419797016,0.1052264833262535
CUST_0213,Customer,0.11799368383224489,0.1349219126296388,-0.23557594129295525,0.24761647369548914,-0.2874401213324123,0.2861259240907564,0.009545041062497395,-0.015170506424662349,0.007484007502039619,0.0017989956498992907,0.1661452958609614,-0.15789875636134335,0.00863133372927788,0.013210213848667248,0.2542627350441343,0.2544804556304268
CUST_0214,Customer,-0.07233621889654542,-0.07840530196357924,-0.06131407687143827,0.06497523286181063,-0.2484253425669875,0.23596177489787237,0.022807580461530027,0.0027930321636432253,-0.0007847388223177188,-0.009010366036785995,0.06697773446481207,-0.05983333161484785,-0.024625533855276743,-0.016761499380661543,0.12708554514248951,0.1306935176205964
CUST_0215,Customer,-0.03254744289995891,-0.05151513983067195,0.23618533877607623,-0.23966703655770946,0.052630642380627216,-0.05050085170763231,-0.10885332461803694,-0.10642109727053793,-0.08559326718886917,-0.06270884822132854,0.13414994645708647,-0.13596428981479486,0.0772009658802316,0.07260987762660844,0.14458090089157485,0.14718310172432686
CUST_0216,Customer,-0.09480355981136247,-0.09285553041478997,-0.1061388036577081,0.08785886850907644,0.14382424796601143,-0.1603907011201594,-0.05681439671406356,-0.044385367714740935,-0.16378362814425662,-0.16904807532361094,0.032720983080654284,-0.027124821237723203,0.08519366837851376,0.08488671964002331,0.14572392663484438,0.14886826304835382
CUST_0217,Customer,-0.1925518064272424,-0.22320124517231027,0.410597609968947,-0.42773671753072334,0.17515042993311009,-0.1091210557112061,0.5517987863940245,0.5557988153945581,0.1511469282887773,0.14714588213880042,-0.07763261943977882,0.07312662850957152,-0.07173199719748104,-0.06349671181319369,0.31386653698239864,0.31380394151750746
CUST_0218,Customer,0.17061989177844378,0.174267616501148,0.0021071695999356544,0.015225779321033805,0.023105640052651585,-0.01960984522747129,0.037929705702607834,0.03378362419478526,0.006790223533825261,0.005135287424489748,-0.01202020068910759,0.010992434753396108,-0.012583296055366998,-0.012710779258777317,0.07182580939198317,0.07364638970693377
CUST_0219,Customer,0.24819991955932122,0.2513389926582944,-0.010973044634077412,0.03456054170660729,0.008583223047133395,0.0028670698801709867,0.13369714360887927,0.13664970502356621,0.014290096139484206,0.02558929899489821,0.027791565415465215,-0.028086791156927325,0.0030043163034206627,0.004363516152651264,0.17793250927938156,0.18021679442227276
CUST_0220,Customer,0.14083969750974734,0.13213430114661912,0.06138069342135092,-0.03823086273046246,-0.09755478310978134,0.08423403513261038,-0.1746989879441491,-0.1870403906806926,-0.027767612416067417,-0.026090285016918527,-0.045798013404768405,0.04591446014636167,-0.02455779815029183,-0.024281163640586134,0.14538194325287157,0.14667768593699293
CUST_0221,Customer,-0.060173392674349575,-0.0692055134274248,0.08859617653047398,-0.0906416785991188,0.031628208353105335,-0.027204402848741382,0.008007588956226044,0.009153380636108113,0.12606111815275242,0.12728809729309412,-0.008825881815931802,0.00707548970732961,0.050826265949565456,0.05394572611580495,0.0745539317804899,0.0741760706014274
CUST_0222,Customer,0.024418904932058966,0.009532243956357643,0.06545918153909283,-0.06225201373072529,0.0041478805224866265,-0.019854690330158218,-0.03567278559005535,-0.0328822484565802,-0.0012286444406824255,-0.0039009287439650047,0.10964254651653303,-0.10480743171339547,0.024561180525480158,0.03012455984503582,0.11551869665311353,0.11929693521714686
CUST_0223,Customer,-0.08896768619641429,-0.09630018405701157,0.04596219094976966,-0.05260219608133081,0.0899525351491857,-0.09913829610128864,-0.13928201040238922,-0.13969101690680633,0.0852726545417797,0.07460411419237017,-0.1133236323162882,0.10721174771282296,-0.3041012539585168,-0.3018719089982074,0.11621101743006235,0.11744066489149803
CUST_0224,Customer,-0.43544573985365137,-0.398941374508101,-0.41160137199488933,0.3844181683282702,-0.33771060009810927,0.32533701295401035,-0.024889865683002128,-0.05430810928979695,0.009746694133567204,0.015101845378110688,0.29413117471276484,-0.2933120382735284,0.10849031233753842,0.11255430163259023,0.45652533612482576,0.45529935039758146
CUST_0225,Customer,-0.12203508293818865,-0.10835080509462565,-0.09238365302421324,0.06995437619999385,0.14202320663565537,-0.14830829551011016,-0.04448445073682149,-0.046009765912664605,0.07601328245598082,0.07817182526538924,0.22135898925486475,-0.22258125925172337,0.10863568103427772,0.10906790234868069,0.3800446279033255,0.3801567122021517
CUST_0226,Customer,0.000865161200579059,0.00064722158444938,0.0013032751604913021,0.002063170416615907,-0.0016918977936505463,0.002512150089465977,-0.0024007540699552393,-6.460176440720873e-05,-0.005900038659172492,0.008016486283594429,-0.001435771347575732,-0.0012623291124738987,-0.00257991144022928,-0.0018341507861622183,0.0024108063007645284,0.005862943173314127
CUST_0227,Customer,0.0561886119329474,0.06677787571462995,-0.08515371856819001,0.08080695172665857,0.012706807579574217,-0.014531784624390207,0.028757071863451708,0.027228015173250613,-0.12263371155465874,-0.12620233689841154,-0.03810834666199509,0.0418144021895861,-0.02311887686981979,-0.027059095343792038,0.12766456627635808,0.12764753621248076
CUST_0228,Customer,-0.17866039726861643,-0.18881423159107819,0.003958406699546437,-0.0231111025545015,0.16910389245858443,-0.20430694237080702,-0.37282891463848467,-0.3582692243347788,0.0829835508414848,0.06251224854453319,-0.24461857548860627,0.2353513888487228,-0.7354730981719939,-0.7341149528294618,0.24429618771682088,0.24279731466235685
CUST_0229,Customer,0.000865161200579059,0.00064722158444938,0.0013032751604913021,0.002063170416615907,-0.0016918977936505463,0.002512150089465977,-0.0024007540699552393,-6.460176440720873e-05,-0.005900038659172492,0.008016486283594429,-0.001435771347575732,-0.0012623291124738987,-0.00257991144022928,-0.0018341507861622183,0.0024108063007645284,0.005862943173314127
CUST_0230,Customer,-0.11479664967159287,-0.11127920290720152,0.012573124706779133,-0.014238174656635297,-0.18784288115950581,0.1893312490992955,0.009333712492398573,-0.009386372436401383,-0.042861308774464736,-0.04089297492199992,0.02194468290143976,-0.02028582397150661,-0.01456843005677673,-0.014014189024299809,0.05558912330401305,0.05605850449221904
CUST_0231,Customer,0.4135729733675689,0.3781632082019992,0.4612190072054526,-0.42716462749387996,-0.012121114454746139,0.011700169895364262,-0.18706702328639113,-0.1896315261035247,-0.02668110948677319,-0.00793614116162203,0.38862685952024995,-0.3893427553656468,0.021431874157606865,0.01639177706640896,0.3590636307200024,0.3565017524084043
CUST_0232,Customer,0.29849954481624175,0.30444706827106144,-0.005236850298915254,0.03128312896169665,0.08346049669759792,-0.08721810497319483,-0.02995972260635492,-0.014139351577809442,0.11388573447020178,0.11828676638154711,-0.13227710559478248,0.12875534641729772,0.1575306425682318,0.15977304664331823,0.24470527736042955,0.24402418218972735
CUST_0233,Customer,-0.00044838214947481213,0.006418279262786553,-0.048547411806716276,0.046328926318372265,0.027213980178774376,-0.025422727212501595,0.029524853543897205,0.02287597009720913,-0.057906215729780455,-0.06155449648799247,-0.028561152403986184,0.028893895958805604,-0.01207406233403167,-0.01335413640779752,0.05283167071990959,0.05482370300133156
CUST_0234,Customer,-0.07947230028122723,-0.07437384756117663,-0.024627827941222175,0.016527366133572873,0.00041262460080080987,0.012939215927186918,0.08523935270876333,0.09034518678410156,0.23336469674102017,0.23577586523332333,0.0818453216546775,-0.0900303980387215,0.03736239752570153,0.04743499396158685,0.16583352692955053,0.16652215563126396
CUST_0235,Customer,-0.015902103349623702,-0.028335622921694243,0.02968100877173247,-0.031281527515421764,0.01143311777215656,-0.02007472081586294,0.007224595145149351,0.010077236086274272,0.046528833099524484,0.03807096557900699,-0.0029087599625587596,0.006802403600721983,0.017749018272071194,0.024307124326498578,0.028720219898318983,0.0328963814181007
CUST_0236,Customer,-0.1983996176311291,-0.21032519610631864,0.08730242939166935,-0.11224077852659785,0.19619180611812434,-0.1776637964241593,0.11479604861021749,0.12821929428748186,-0.1156291714945751,-0.13886152455074635,-0.22817061744095044,0.22884738529937487,-0.4131484107692741,-0.425346933934156,0.2570978658242717,0.25716989156748243
CUST_0237,Customer,0.013130098176281316,0.015869132680345403,0.03737110261042806,-0.02569724274847134,-0.11563394507381825,0.11863189536839629,0.08239969850228668,0.07651654228213509,0.059937700163528326,0.06372589378776465,0.004642309958871453,-0.00560382426849897,-0.036116360311037925,-0.03655260472731271,0.10143537973663426,0.10142226258170184
CUST_0238,Customer,0.009740411097148998,0.006173964649285446,0.06755158078948906,-0.06827792252417685,0.011434320101113235,-0.015960718356984933,-0.06169581182603751,-0.0616797350967466,-0.06750149447597267,-0.061818403805648084,0.07332676926760757,-0.07218687887228585,0.01693512501311016,0.014372227308019155,0.05256814255953738,0.05291861431403647
CUST_0239,Customer,-0.023432805249243228,-0.025537979125052745,0.004990084852990168,-0.007738251074405216,0.026191368456316772,-0.030091801003925254,-0.05044989144617464,-0.048417620197597835,0.020016792505948434,0.016388122804156705,-0.03811565370212445,0.036646076990557705,-0.11218383876069965,-0.11192514876851933,0.03326715926870152,0.03287294079189391
CUST_0240,Customer,-0.24837045250562476,-0.24788044301103315,-0.09462890657490745,0.06924108170260518,0.2255620937624341,-0.25335966807717913,-0.2999278799081869,-0.2801486294333731,0.1003817242536437,0.08732369422043135,-0.1510521279606312,0.14125580221095202,-0.4582753680722333,-0.45652578525821963,0.20637618743969105,0.204342660224182
CUST_0241,Customer,-0.028525990445364257,-0.030867268902614254,0.007231234378801855,-0.01039074854357811,0.025659963896463446,-0.029100823910172362,-0.04473726837203038,-0.042936456391886854,0.013602546098622203,0.00985243555937067,-0.039844696110045014,0.038617645053324344,-0.1107410012783446,-0.11058861619283374,0.03317546166063801,0.032788499911838055
CUST_0242,Customer,0.2783885623265019,0.2537860999326366,0.23159902333984228,-0.20453224636320108,-0.055341415550442544,0.03757182834980648,-0.30660630906547837,-0.31321699169363004,-0.24017439014338032,-0.22493550388360406,0.23992212538067134,-0.23170705644769207,0.12867730845760203,0.12044893371858922,0.2956571034363087,0.293541439441149
CUST_0243,Customer,-0.01649813077893084,-0.046488825092216045,0.3955540898732398,-0.4042119162264201,0.13505862257043708,-0.1330672541817152,-0.17091239676220246,-0.17320367856555047,-0.044591168916483,-0.035841015561430066,0.23808925563853947,-0.24183009353699242,-0.08795919756251244,-0.09233152089042798,0.1915324651361592,0.1922578822280745
CUST_0244,Customer,-0.10813602450049255,-0.11183915610972876,-0.034376236824928706,0.02861191901867494,0.1453431428681539,-0.16327385106224537,-0.17480424060714855,-0.15969019673266702,0.2150051278926112,0.20950100298950422,-0.0916705164795336,0.08288211687818808,-0.2573130711844534,-0.2516145240171918,0.27166526059422286,0.2697680590437161
CUST_0245,Customer,0.09264815131874839,0.09958106532369795,-0.03409493962084601,0.0395959965929111,0.07858676714268926,-0.07959250630224732,0.0094091666227354,0.01890856449835595,0.03733540679412436,0.03695509731579534,0.02134809769391129,-0.023566277046202993,0.02058951200299003,0.02059344962609843,0.05661854840269807,0.056779471080329345
CUST_0246,Customer,-0.020932676194830732,-0.01950916968080456,-0.039224570350181405,0.024983041349989757,0.14583152670839605,-0.16127779590325841,-0.15631563689276975,-0.1458718669468861,0.17235060096465796,0.15363024833457573,-0.15369725133643866,0.14722118750657848,-0.4891268057535182,-0.4866539654402234,0.24422090306495747,0.24323846806479846
CUST_0247,Customer,0.061543489216084636,0.06016624839448624,-0.003912338777687421,0.013475672232368365,-0.05092250488516687,0.04773966141294611,-0.026766937820359816,-0.03133932946024953,-0.06306461114935893,-0.06251516198504672,0.017530833146415216,-0.013830293074034394,-0.002463815714158057,-0.00399797728125896,0.04990584906840575,0.04952341916660023
CUST_0248,Customer,0.0023624745817911155,0.003617056896157531,-0.01946751419088546,0.02388854270236757,-0.0018617665890510325,-0.0003430927268275757,-0.011237462960654355,-0.008458503206192344,-0.014204497069178028,0.0006041260201907808,0.011786086166119553,-0.014158111223953416,0.005815300502900033,0.006671615304862942,0.02154451250883848,0.02496348560865426
CUST_0249,Customer,-0.22228422409551055,-0.20603779736985503,-0.30856601653252,0.29303772938572914,0.1539819303244118,-0.1934831435766319,-0.14120369931977733,-0.11957290588087008,0.0336602558727266,0.03797696024544739,0.14970311590637983,-0.15034982261772806,0.19001275700184977,0.19873024935091727,0.19928915758318733,0.20248148519562786
CUST_0250,Customer,0.01522436128660324,0.01473959725802394,0.0728718988145333,-0.06810829673697912,-0.031476328599005524,0.03664576746258205,0.03251993164727322,0.029545649303997723,0.04041803004737727,0.04040096165737034,0.0031069688979605097,-0.0032594605220224054,-0.004016899285004226,-0.004702116147380529,0.04649313560511455,0.046823825773703524
CUST_0251,Customer,0.06445432422007602,0.06643374737513065,-0.028354060995877187,0.03820627424410684,0.009788152457561278,-0.010070916657141861,0.011665278428947674,0.015055028793283796,0.01947076355400741,0.013673992588337923,-0.0033340479402111036,0.005065245315699289,-0.0023597033905903677,-0.011170852953032696,0.047432451742575356,0.049674413255414676
CUST_0252,Customer,0.051843689132689115,0.05429589878535855,-0.00555346065603879,0.012956020188177514,-0.033954990355642645,0.028198106487475536,-0.026590677757596933,-0.02636171695765075,0.022157818067190048,0.027072007691856373,0.024549741017751238,-0.026116840271126273,0.010125543921361516,0.010985357367123591,0.045506238721732775,0.04597933277138491
CUST_0253,Customer,0.00486037634179379,-0.0039937219236470065,-0.005662129889641496,0.005021248768619722,-0.002282865000592391,-0.008210284286202947,0.0030494780495390495,0.0053249189418533745,0.006638499637641027,-0.0021882820419522843,0.0016060204318419,0.0028261600809338437,-0.00014946168638500687,0.005412482490810775,0.002850231847981749,0.007154506122316652
CUST_0254,Customer,0.18673615759239104,0.1942057994291268,0.00020915532653447365,0.011781199339939399,0.024315066451400594,-0.016140030356132627,0.0633040167904492,0.06514788282059361,-0.017830471274414176,-0.022970933270255726,-0.06167875061197609,0.06265031671941597,-0.05432233594512178,-0.057789080365314806,0.11777152807211548,0.11745681454497724
CUST_0255,Customer,-0.0033195942542429816,0.003880879602761972,-0.04983399209315435,0.0526406988291223,-0.025000697799900436,0.01999159422696459,0.005927822314626157,0.006331920064099254,-0.008146184070339752,-0.005119672427737126,0.0028460940486119708,-0.0034388727308280196,-0.00659972093553864,-0.007514781337363603,0.049553371081486414,0.049970924039634934
CUST_0256,Customer,0.03030026189938623,0.02919967115311798,0.00264448849720262,0.005082150063696598,-0.022947083257975016,0.022276346559128034,-0.015836408362455943,-0.015562416822759953,-0.0359740775901868,-0.02174531878056486,0.013819830096593088,-0.014756215820264727,-0.00432744818179345,-0.004295927078839544,0.024744424436676023,0.028055601275730032
CUST_0257,Customer,0.24057495331979548,0.25175645565724303,-0.13349658191001842,0.1489505914504465,0.16552844495405863,-0.17194461403001382,0.020529761442550625,0.04510645009264106,0.06862146802261881,0.07154566604250759,0.06601051600957134,-0.0719818144938551,0.045390998031565113,0.04705362864774474,0.1611999210338266,0.159921427544631
CUST_0258,Customer,0.17214619328836056,0.15592378668079668,0.2136951394956122,-0.19059441818057055,-0.0670646583059781,0.06950454485225765,-0.0729876568391657,-0.07018573940577677,0.212460047636515,0.22071198476570741,-0.2400045645926891,0.2347019135391102,0.20355878463233057,0.20750850437824428,0.22606088699262505,0.22538046893165678
CUST_0259,Customer,-0.09946649182877496,-0.1466285678073741,0.37193963817898895,-0.3749989658497427,-0.00807858847105373,-0.0025506150170950836,-0.2732996339474436,-0.27150769592200164,0.24195705749894436,0.2418426221997852,-0.4220894173656806,0.4226071630638363,0.42178271406657897,0.42993238901566294,0.27980593466687803,0.28269610522847766
CUST_0260,Customer,0.009250488484565713,-0.0004934452357680622,0.14176802764466015,-0.12815860252445294,-0.1616745529237331,0.17229779770516682,0.10592289147984402,0.09441243874492508,0.13906482160136757,0.14223160470651822,0.037066677143257835,-0.038983398458374986,-0.04836551840999917,-0.04401847638634789,0.12439003641524729,0.12355013150939219
CUST_0261,Customer,0.41923271544169033,0.42499135402063654,-0.01414750699086633,0.04960912801695948,0.0495914937460818,-0.04226817399227364,0.0957194711421429,0.1018473063320253,0.04373087860639722,0.03951302370722879,-0.03263003579347302,0.03375906882231402,-0.041723225283437936,-0.04292286618868656,0.18499417197288412,0.18375628995536514
CUST_0262,Customer,0.1647840623582697,0.14757286278297435,0.240985174624401,-0.22811829588838733,0.12251371473309873,-0.09523775941840257,0.2002490205241084,0.21467483388757483,0.05095457325421567,0.051585202183581445,0.10520782946697453,-0.10627617843054453,0.042397600686260355,0.034233897165569675,0.25126311462270107,0.2519099558651074
CUST_0263,Customer,0.05975361242171571,0.0516958847644656,0.14082893038099506,-0.14398457889424104,0.15741177071206786,-0.15905590288821303,-0.08686034909993011,-0.07551762899953167,-0.010875020233579684,-0.0052008045576925335,0.15948266991313054,-0.16135086286033232,0.06346076328132774,0.06055452387645857,0.1383141010434218,0.13790782951561067
CUST_0264,Customer,0.06102568142994742,0.07038491261557622,-0.0847539404537109,0.08158549143569505,0.030500038858547254,-0.024534995806620805,0.06943585181911921,0.06858630609328317,-0.24326856583786144,-0.24931226963359804,-0.11172473806386997,0.11786651923292531,-0.013972789041432915,-0.021968321378541458,0.09648930412646446,0.09553934082389261
CUST_0265,Customer,0.04778964319586332,0.04955808418706184,-0.042545464633613216,0.05003276372259568,0.03577984800705365,-0.04527570174262646,-0.08622423688204336,-0.07862475152259304,-0.051853549788356955,-0.03298340100847968,-0.04032621360468138,0.03780042691090649,0.08442807466522533,0.08356508713988386,0.2076788167952054,0.21010787942907236
CUST_0266,Customer,0.07155429416667371,0.0687046225434395,0.029742554698109856,-0.020233061196042866,-0.010596693526132694,0.0012807850614853084,-0.12070585504145687,-0.12974320695500732,-0.173574607326298,-0.1695402512798812,-0.012871287805442307,0.016947999199373405,0.08300649474709475,0.07842694567230628,0.16891667897609122,0.17019288770587546
CUST_0267,Customer,-0.21283853232481492,-0.22980506499447134,0.018327752811661092,-0.04643119592159958,0.24311771873520574,-0.27961489983204946,-0.45216848405594745,-0.43470529702141697,0.16521087887014596,0.13084087233726555,-0.33518437615303914,0.3233319916081747,-0.9863390155027842,-0.9841179343643008,0.28629278303116573,0.28348122100275386
CUST_0268,Customer,0.011004956381142652,-0.010455315584013856,0.10351456399757937,-0.1004456359884715,-0.06553128769724936,0.04939062021314265,-0.18399722416937883,-0.18275745576299665,0.07515781043291211,0.06909095063008103,-0.3708159315491527,0.3738888053657847,0.25609121271716345,0.2615669795578021,0.10372945694187864,0.10754206810333418
CUST_0269,Customer,0.04961337605951598,0.04075678922578934,0.002153351497238637,0.0006166820796590844,0.0016944221390537547,-0.010642237841570167,0.013641230842022397,0.016765945090218882,0.02557546007787483,0.016257454237338206,-0.004217255397794854,0.008160521955789002,-0.01626149138217557,-0.010494332415087633,0.0231836519236511,0.0273401806061956
CUST_0270,Customer,0.002910208703105411,-0.018771162635826233,0.26503308367542866,-0.23870040267266462,-0.3019496775595788,0.322371511706597,0.13756603619674712,0.11660833401227785,0.2831710113166744,0.3042965378945005,0.07694268618785904,-0.0849717631000635,-0.02738758391976367,-0.01707248675242765,0.3224995039667509,0.32391311936139616
CUST_0271,Customer,0.19407930680630558,0.195940985972255,0.033690000946202135,-0.011180506672026323,-0.0004346999081573108,0.007410140495227268,0.07817378935943833,0.07229407110100027,0.04043501027317611,0.03885861026851889,-0.00826365832079902,0.007230411952087917,-0.018364083129897853,-0.0176512378870792,0.10229868333637404,0.10389218360076542
CUST_0272,Customer,0.0671303934769475,0.08001386156000842,-0.16146897512285072,0.17424011265895814,-0.03740852996745727,0.02355952096117694,-0.05082225766572634,-0.047891636425265824,0.14493468397691872,0.1509719910332391,0.10952390369207617,-0.11353631511974702,0.04908338333451553,0.0541431394458903,0.18621226629105678,0.18511572256067327
CUST_0273,Customer,0.015038864466633247,0.03794880315424821,-0.21782094876677674,0.2236664681155285,-0.13588516495175423,0.1303809959892684,0.08188725051786852,0.06535947574845163,0.2346244292949386,0.23319191544023732,0.1619797767848909,-0.16369306587663104,0.008137720192598378,0.0168237501893015,0.21752560823442255,0.21863231256462126
CUST_0274,Customer,-0.31355460952930897,-0.30745566991420237,-0.052936250318150455,0.05467227736020542,-0.4962127450489984,0.5104943944652358,0.24567838533061048,0.20184231918547788,-0.27677462328498276,-0.2706412636463182,0.0708570947113261,-0.0636109150914407,-0.01027739760752994,-0.015298466351425913,0.39978425838304615,0.3971559877912661
CUST_0275,Customer,-0.0676085061297996,-0.06366512684260617,0.0363204148187922,-0.05330380017053346,0.09398000629183662,-0.07043496371095345,0.21272034027354403,0.21487600034123713,-0.10317670631996619,-0.1083795853006111,-0.05030103383603399,0.05395904424946088,-0.005233011781819999,-0.007059096186277493,0.10820835657053395,0.10824261684715479
CUST_0276,Customer,0.2507268091472133,0.24216683453858748,0.20947257625136043,-0.17703346644834303,-0.024368696663600597,0.04500872420690413,0.17652437978930569,0.17476768715634214,0.22457294558943666,0.2233609888805838,-0.019469515220572473,0.018473474452911465,0.001259170240204285,0.0036080552592668673,0.24540065086941137,0.2444718920100597
CUST_0277,Customer,-0.08675606165683881,-0.07117486675343687,-0.17286055198472344,0.18056403370729346,-0.11985607963328827,0.10730844578435071,-0.02289881712647814,-0.028182467952562417,-0.10294091156789628,-0.0921667341609865,-0.009326989280810034,0.00926419739443167,-0.14791969865715782,-0.15389504417393793,0.15280374755110404,0.15510366611572324
CUST_0278,Customer,0.030065107021137797,0.03715211561036714,-0.07826218846989828,0.08108286186455095,-0.020389363423383027,0.016491925818512363,0.013052398012350721,0.012280919636021088,0.04879232052270334,0.04853330237626834,0.041225760917502574,-0.04097468910552676,-0.003720827372556168,-0.0019319820188191227,0.09092186755366816,0.09040626707373806
CUST_0279,Customer,-0.09482514949612127,-0.08988593262306495,-0.06720823582788663,0.05544105536726678,-0.047618578760351006,0.046287531418456,0.021374584678393167,0.0129040631011157,0.03601962339836053,0.03100406320838315,0.02467967207398398,-0.023272932612734533,-0.033650797904626106,-0.031925021970464464,0.09430074564909127,0.0940403962177804
CUST_0280,Customer,0.0270902975202616,0.012380669042728616,0.1318313993249837,-0.12381472614030281,-0.025364991243157366,0.03285398042932386,0.013031487667859595,0.010145775333555429,0.010307925066664224,0.013417297644018179,-0.05136052989694294,0.05400326972367261,0.10750998698044194,0.10857081710594445,0.17276653786702015,0.17165349846820316
CUST_0281,Customer,-0.027906674232449927,-0.03132479399236116,0.094442939964892,-0.09874982064391381,0.009721824417080865,-0.0004958534309663825,0.0018453521966145423,0.002650741839056591,0.01121971366207368,0.012402401598267129,-0.20114550099281903,0.20128306786223277,0.13830312537088918,0.138189950130559,0.08123887039861563,0.08152250563642974
CUST_0282,Customer,0.03250644542449872,0.03977459704176923,-0.023061264020314155,0.020882848064041774,0.019920508393096666,-0.021313837014799646,-0.02701774474714901,-0.02763359587774613,0.05430911946853288,0.0509094966018163,-0.08859055517607481,0.08964348039219718,0.04765913555657968,0.04813510772326171,0.09198927507279615,0.09250340108280422
CUST_0283,Customer,-0.13363451912453495,-0.12008595643197557,-0.12154832397571594,0.11000848778835941,0.08460098042308556,-0.09541334626649715,-0.05156756751208991,-0.04120084042555623,0.019562961029487395,0.02630294567738395,0.02595788178288524,-0.02970312926592865,0.07811128486907062,0.07899550468237625,0.0629262800104182,0.063160702602403
CUST_0284,Customer,0.03596029603445211,0.032598901213667604,0.05717069956692194,-0.05499482966692898,0.04688254113293061,-0.03374175184265236,0.11285495219427882,0.11725649927895308,-0.1354092754540642,-0.14527489191392487,-0.09879347311922687,0.10345638637404372,-0.09552701210384622,-0.1096703372529567,0.2467618298957002,0.24747531771483633
CUST_0285,Customer,0.20001817259099194,0.19722494953385944,0.071100049369827,-0.05424083810571516,0.09337907878595501,-0.0949382993975861,-0.05013675563543051,-0.05097032053165519,-0.05716025566419806,-0.05925900568974803,0.013696986597586615,-0.014138931342223365,-0.07977788597559053,-0.08323302752497858,0.17652790556493514,0.1775745468954454
CUST_0286,Customer,0.0486334005670298,0.03641624232338454,0.05904547922220169,-0.07245818614120583,0.24170863382557944,-0.24764498508930224,-0.1935840676297309,-0.17003598959263,0.0840371344671189,0.07574680863445077,-0.006788977104902249,-0.0036231745201384053,-0.2618015249925542,-0.25697140624984766,0.22700650897266464,0.2269981380071744
CUST_0287,Customer,0.15196606808688817,0.1485711745066373,-0.04963501060550343,0.057230026394808536,0.04463026982171416,-0.05450118661075098,0.04041975299608538,0.04413839753549642,0.022937303307404785,0.009103170356842476,-0.007668151520097575,0.014353040532382197,-0.01316163457549773,-0.008684380915292765,0.13808858716581202,0.141820297150964
CUST_0288,Customer,0.11181913996100137,0.10202494458527703,0.10210762606024254,-0.09708744396657573,0.17259621472796,-0.14695353380898188,0.24087900014038566,0.25331502801666944,0.11949624080812463,0.11294656476521514,-0.046545533151805575,0.044657431761760805,-0.04514236376602113,-0.04090391948586938,0.36537475579691425,0.3629421673080124
CUST_0289,Customer,-0.24035070672993858,-0.23278431911877487,-0.09227837677385761,0.09614612910147612,-0.3870622309693204,0.38222047878161475,0.04180513008367197,0.008036671576906436,-0.1215754087812355,-0.118636470800121,0.04957767989107204,-0.04492576641940988,-0.03762879880231581,-0.0412174895705289,0.20784785918697657,0.2064574630056033
CUST_0290,Customer,0.017312822354760612,0.05633613894398447,-0.5182214629797613,0.5102458235946447,-0.04798316380096229,0.024925888385901835,0.0741841379689577,0.06935831567562294,-0.07402704086087346,-0.08886338436125915,0.12022309178655595,-0.10675486625722526,0.09384580416143695,0.09720759145840813,0.4073377789155789,0.40879072202283073
CUST_0291,Customer,-0.06978704991061549,-0.07536611298649837,-0.05357187914974868,0.04421823423030534,0.12947780334773004,-0.13317221433646795,0.14146975650172436,0.15490697120881475,-0.0957696360509975,-0.10031259918401172,0.04177127098581159,-0.035239444044922366,0.10496124738661917,0.1109125909938482,0.2417275137175812,0.24465391352136515
CUST_0292,Customer,0.2763332877731429,0.30639931956587557,-0.228291003578587,0.2411359923102984,-0.04660498558428525,0.0604760420222355,0.1897784694927565,0.1769018420967651,-0.7213106674577917,-0.7346758513415382,-0.25996729487119213,0.28189187474618344,-0.0501189902754577,-0.07359868644345177,0.38796258149543905,0.3855322149620384
CUST_0293,Customer,-0.08005238180092314,-0.06725384383343484,-0.14439926433343162,0.13796381538139832,0.03509124089495601,-0.041433506805690815,-0.009506999154208424,-0.004025992720208221,0.06810947091573569,0.08210884773875476,0.057591323358305864,-0.06125688949840894,0.03771135510791175,0.041020409544028795,0.0999751080235852,0.10294669819977759
CUST_0294,Customer,0.1992566493257101,0.20588599682016542,-0.0737882884445585,0.0884880464755478,0.02822335337783588,-0.03143320822732921,0.011273199578531781,0.01834795427696556,0.07621641982040758,0.07740198154021037,0.07787968804513162,-0.07989739150467683,0.03144588060226685,0.033683871757789856,0.13268716478102724,0.13168422363190724
CUST_0295,Customer,0.000335006173211742,0.005958785059153382,0.00028061778580868737,-0.001033469335444358,0.002088653239258967,-0.0011362884652663698,0.0012570551744455552,0.00032742751697865507,0.0009154859227490069,0.0011829370143193471,-0.0007422738243718581,0.0011228134858285808,-0.0007421013048807965,-0.0007938217055949664,0.0031135539514500904,0.003884615173462534
CUST_0296,Customer,0.2179877002237004,0.2459006502823952,-0.24677302673708656,0.25654122957936115,0.0729227723508188,-0.07141628460071726,0.12983192624803216,0.1251127975386014,-0.24354248271517825,-0.2555614157812459,-0.08368397475726978,0.09109969156120774,-0.03043469759537059,-0.0405520854053785,0.3276909857197237,0.3279868546107567
CUST_0297,Customer,0.07234473906403636,0.07722365979318897,-0.07597857694575673,0.07879978216940832,0.040723205211738035,-0.04393140920037836,-0.02190330996036089,-0.018679160157905047,-0.1081975350433036,-0.1208459484159533,-0.07467912622889704,0.07897840222936338,-0.11225712408047094,-0.12529470179127264,0.1581868519982075,0.1595401121090156
CUST_0298,Customer,0.5295623516015309,0.5336666056101479,0.015004856332369258,0.032010029898906917,-0.028307703191600135,0.03718066028369159,0.02598721291136757,0.019429861097692593,-0.11198291671918457,-0.11812121218285465,-0.29418370724681037,0.29891257492731477,0.058556265782994936,0.05193947066652918,0.35948586110644576,0.35929740246202185
CUST_0299,Customer,-0.07110758802463976,-0.06647409357875986,-0.08470967580298693,0.0829460475325661,0.0026781266549692007,-0.016885077885436757,-0.09266924792246865,-0.0911209039748252,-0.01814584979856083,-0.023743168844176852,-0.04748870070671932,0.04636916468044843,-0.22234834293999609,-0.22430345677579594,0.12802876411121533,0.12698312074607593
CUST_0300,Customer,-0.29911404151561316,-0.2894883541053631,-0.10000841466570863,0.09110550013434873,-0.202419003208683,0.19559665448399108,-0.02628031056423242,-0.05080431674898335,-0.03301409970216772,-0.02632748703459383,0.07569438328685456,-0.07843242495225491,0.054528975918580566,0.057575841174653336,0.1449726205786936,0.14627727100728005
CUST_0301,Customer,-0.049833961491994795,-0.0574844078265759,0.01275636308795908,-0.014889038675884722,0.011871132667001405,-0.025815123415387126,-0.17333897698774697,-0.17192944698692075,0.11611775523952458,0.10183873802588302,-0.15269971134423826,0.1460335325376346,-0.4791070337198506,-0.4765339248749466,0.22681673847071357,0.22493895414557014
CUST_0302,Customer,0.028123860012910347,0.0343263041380763,-0.07464904698915391,0.09101475530059548,-0.11731756460448078,0.1100705894700094,-0.03490198955254947,-0.05167761094872764,-0.10128452846952515,-0.09806795192231428,0.05950748422533412,-0.056326610478530624,0.026436380217097304,0.0259998477195283,0.15262972948612882,0.1539060211394089
CUST_0303,Customer,-0.26840381558495924,-0.2573377644167886,-0.10217336845094516,0.08428825126914859,0.1355608998784217,-0.1534665966451489,-0.1520142765531918,-0.13883532748075186,-0.07765810794598378,-0.0697950303454264,0.20675628116214598,-0.20674392906434155,0.15073093367389587,0.13572070417171672,0.239128005040794,0.23987688321761344
CUST_0304,Customer,-0.009766559952382813,-0.019417165471482402,0.06258447065181849,-0.06272209255745174,0.08878091689215117,-0.09508890720483101,-0.13007642461284885,-0.12059110401452378,0.11692011799472282,0.11967557780319707,-0.12325538665676979,0.11523845202614959,-0.33717158085256255,-0.3344564888939017,0.15638119098443615,0.15851427463845086
CUST_0305,Customer,-0.0956374862659694,-0.10859343807433146,0.05926288810086232,-0.07856055365469702,0.10442479294096274,-0.06130289804578025,0.5152074365057701,0.5203796694431131,-0.2820342547403852,-0.2957919080502833,-0.14547585683372272,0.160294223993454,0.12848765075134266,0.13010236987166798,0.5097695648641838,0.5103201300026159
CUST_0306,Customer,0.022929386836170115,0.03136355172465558,-0.024532796996536578,0.022939599477401443,0.010132987277671849,-0.0069009947103579284,0.02651600120817936,0.025064469838511867,-0.08083687477918601,-0.08255744537061227,-0.0354666407453008,0.03794536338413276,-0.005239511510825509,-0.007902653697958513,0.034323525813293065,0.03480497691359893
CUST_0307,Customer,0.017922658687440553,0.014131620648088218,0.05025188370919358,-0.043147812722650565,-0.018010661608028812,0.023209428634483047,0.03799988544449187,0.03908535053271695,0.05552136113383672,0.05053448481680195,0.002683590422992615,-0.0018387608054964007,-0.012835819298373666,-0.020732406417768412,0.02835637134497446,0.03061894677022951
CUST_0308,Customer,0.2975465257303338,0.3023158826295499,-0.004911414410932381,0.030794095819571304,0.11160408463588634,-0.10728716420087504,0.07595824203159803,0.08732422220912024,0.14914990053009788,0.1508669876874717,0.03876487042855769,-0.04635751421011325,-0.010956878721741217,-0.006703297040948273,0.1924170512463611,0.1933487805473083
CUST_0309,Customer,0.12343567908659711,0.13080209532993636,-0.031187325461450716,0.04335503204721598,0.02229539394586809,-0.022187250900912815,0.026423024475035407,0.02820467734190456,0.017307069003948086,0.014836011925312685,-0.010060525524650444,0.01091737867639035,-0.0009662903607070509,-0.0020475614818167885,0.07220113653694676,0.0724362318897551
CUST_0310,Customer,0.07777364658119856,0.07050779236606448,0.11939700051701986,-0.11132242647455956,0.005428416363719423,-0.0002098493334980593,-0.006491441040615246,-0.00347465452751503,0.15356004674794407,0.15614475851868348,-0.12689539241102785,0.12316711894019938,0.05914153743456574,0.0616317275273447,0.1391264502583191,0.13903005282323913
CUST_0311,Customer,-0.04089133801628376,-0.06286340898485805,0.2977485744716425,-0.3151804368400319,0.17002903705886616,-0.17853908524659173,-0.2574263296475454,-0.25250089619765204,-0.14813939605994175,-0.1414788060045958,0.23656691508830893,-0.235946818959694,-0.05215589046053689,-0.06087345824772007,0.14311742506492953,0.14255575443600385
CUST_0312,Customer,0.04553675259829717,0.037078338735868986,0.09623512364146639,-0.10701435775611562,0.1396979669603219,-0.10574395247327378,0.2250297458171182,0.23810785183891964,0.05504348570340143,0.05083639521023187,-0.022112208413250393,0.017787887711952024,0.016588337002637673,0.02294109776054568,0.14901820285707312,0.1498870944605392
CUST_0313,Customer,0.0915403696558136,0.06931558373197572,0.345101934752833,-0.31896710455183974,-0.0734366565955638,0.10263871931498325,0.21591932398559205,0.20510966079973045,0.3967720436494796,0.39978009726518526,0.004988592626965497,-0.01266492942176006,-0.023845800684742634,-0.014246404260621858,0.22756225007362837,0.22833302725550347
CUST_0314,Customer,-0.0291951014324336,-0.04073208256994143,-0.001886206696489465,0.015533146716406878,-0.3350266934106156,0.3224977122486243,0.009932768144171667,-0.017735355324388555,-0.0866313393080175,-0.09261310749344248,0.06552321266248641,-0.05602863956304378,-0.043382410207652385,-0.037142251612654976,0.1897972564679399,0.19303772107172246
CUST_0315,Customer,0.16995514520521318,0.18147513031017967,-0.13386767099901703,0.14286249888027525,0.10072868096602916,-0.0994003406623258,0.027945256021139,0.04169356609976336,-0.15257748721059683,-0.1615210881809148,-0.19112409196273653,0.19469998308787276,0.0764471358034557,0.06153866052202102,0.21098227426124022,0.21190295960876032
CUST_0316,Customer,-0.2169279565598236,-0.23052876695593988,0.215114518273751,-0.2486020106465531,0.24646570762993977,-0.20228060246093207,0.37660839675398544,0.3933508899662323,-0.1326643973426696,-0.12705433096281876,0.04746919880629745,-0.04760579089608923,0.09242821000666174,0.09239786445208709,0.21348987340620423,0.2125133076863294
CUST_0317,Customer,0.08578714720969066,0.09980638433300877,-0.13914641559211371,0.14869205021385867,-0.025252607947588674,0.02127685316221276,0.04407894939440661,0.044677084224548004,0.002786776766307052,0.0019059008121888816,0.0504565173620139,-0.049463113754906515,-0.004551504882523299,-0.0061893381517890015,0.1351856069216629,0.13412970729640797
CUST_0318,Customer,0.01193059726231122,0.0033983533759209617,0.07732253114061455,-0.06122124093481044,-0.16882796131120748,0.15984631826438048,-0.20384956761095574,-0.21036111669833485,-0.04384119038180674,-0.024328409715288754,-0.3642948098872786,0.36406306209928213,0.270976929517044,0.2660960665801463,0.21474421011796646,0.21700783957953573
CUST_0319,Customer,0.018231051495297586,0.012205945491069015,-0.043165232055322446,0.04584372245808289,-0.000985199042903678,-0.011844405249626301,0.006264466476776134,0.010300082204281196,0.05425444923605066,0.04613165430166474,0.004878362991216987,-0.0018581759764298936,-0.006094854455131109,0.0009675697251192237,0.04257891932067472,0.046725882025023015
CUST_0320,Customer,-0.011147107852919879,-0.019621227035443847,0.08852416855585067,-0.08697692923436365,0.04682993219618588,-0.04096725346412939,0.024389158877939705,0.02637762875309861,0.11542159014541702,0.1156218571393295,-0.012558800572388118,0.011407760577585701,0.04232967110330711,0.04491239318566555,0.09981167461161207,0.09925706226901371
CUST_0321,Customer,-0.06285925902689486,-0.06652746679664298,0.10343250376323589,-0.09584913249744392,-0.3322299113506993,0.36165476310593764,0.2919859955489687,0.26551688321806766,0.4155887538555098,0.41603095381998967,0.07068212713450633,-0.07442311805036009,0.02751254663060143,0.040230404689796,0.3796842935501038,0.37696249733434173
CUST_0322,Customer,-0.11948412901568033,-0.14410870927761665,0.27294932598427396,-0.28451776338676565,0.1220788252574814,-0.12296001784550134,-0.12264599221312661,-0.11522795043092177,0.1514244751170636,0.16032625729376365,0.11117744085817542,-0.11769515014943971,0.016983829393446472,0.019813282062259307,0.28834614273496756,0.2871582513464873
CUST_0323,Customer,0.0551716992497101,0.06589718286442933,-0.07905137088833608,0.08199627189218305,0.011557894811747092,-0.013749460939553981,0.0372459858357688,0.04078808701811606,-0.08826606563406704,-0.0872947431703777,-0.028881677413672667,0.029655725118980306,-0.0014626029593383908,-0.005069709956554832,0.08658548869564292,0.0865730866111942
CUST_0324,Customer,-0.1467452390553117,-0.13521591010732995,-0.09068100434364805,0.0868868951312411,0.05845529337764763,-0.07223226255934684,-0.1129827759077466,-0.09977998785453013,0.0798644393988842,0.09214648550687383,-0.03649941705848753,0.031086784604273495,0.22414647256956372,0.22223870562626208,0.31248443030484724,0.31023074579075416
CUST_0325,Customer,-0.25114961356749965,-0.2591254933169605,0.13632033051125717,-0.16025206411157547,0.22235121688543996,-0.17109993100020793,0.4989077581479458,0.5163906817793975,0.046304128233857135,0.04917957883158974,0.04188387911677758,-0.04206913810962637,0.08100548725873238,0.08644416196645154,0.39024789071627936,0.3873272712019233
CUST_0326,Customer,0.160679176869671,0.1829708891004432,-0.25343604331579317,0.271910492723852,-0.28848223378331056,0.27943149139637846,0.013842352997920974,-0.007954765525415757,0.23998060206888847,0.2335487075302379,0.2884405360539543,-0.28360035833019126,0.03034016588563841,0.029108867629410583,0.26471860858736684,0.2653730187836965
CUST_0327,Customer,0.11583122800813038,0.1271045406520769,-0.04295500798599846,0.04863305501611024,0.02090496327457176,-0.007849425181545976,0.15435358077134415,0.15530785670967515,0.03615195420118553,0.03258053844145871,0.04011069990175416,-0.038439624872910666,0.031500982138958626,0.03079132738120027,0.20849846927049392,0.20762606927765506
CUST_0328,Customer,0.04656218374706112,0.043741977492329914,-0.05949118816502781,0.05643929641621787,0.022077148760729727,-0.028425621016963252,0.04805843616512087,0.05005593853312885,-0.1608237362981664,-0.17354595874159023,-0.07136955802317163,0.07982862510636309,-0.01198740458035967,-0.011749697376663669,0.06366678122138496,0.06740747335997589
CUST_0329,Customer,-0.03102479488700835,-0.014173831055658231,-0.14139234357170904,0.13381088423835322,-0.1572594333725957,0.14984296291606888,-0.11120047719989644,-0.12452181466933135,0.28558097316209424,0.2781573089160942,-0.18633809768502177,0.18527820844212156,0.08800135331251885,0.09434315459480999,0.2488420254524475,0.24793526191679055
CUST_0330,Customer,0.005398624079549157,-0.02256429576756793,0.31978928533155815,-0.3104933038875523,0.049564802436318535,-0.047549886661133654,-0.11852339518525808,-0.12738696076838504,0.05878493627028278,0.06934730081973119,0.16011673687220374,-0.1599588928997215,0.137510260689964,0.13674536659453465,0.3129149965953971,0.3134612870524688
CUST_0331,Customer,0.06749891951553348,0.06982682851247334,0.0032520606159713752,-0.0009338399827180808,-0.0001075516219833004,0.009052453990213795,0.08391878721225698,0.08209314580943497,-0.11549301621311972,-0.11931319426259418,-0.0700192357157326,0.07342118122971492,-0.030104861291661657,-0.03454400464044171,0.09179067017236067,0.09091954228889482
CUST_0332,Customer,0.04955665357315031,0.05761926248780571,-0.03563605187527496,0.03445016452740747,0.03458343645873308,-0.03266304754657201,0.03093722192684897,0.03162036371146778,0.0784074385525774,0.0722777493459494,-0.00512850167357874,0.00525524330183779,-0.03661139884218101,-0.03629041487219213,0.08552424907119005,0.08583742688698023
CUST_0333,Customer,0.0391389992833459,0.03611299632780504,0.08039136034716349,-0.07800254587500338,-0.05377943642847676,0.05544283535067664,-0.020009209935375975,-0.02558767428382108,0.2307849008263099,0.22593332106206987,-0.1259660222834555,0.1248481398545332,0.07867757234588908,0.0824629115486735,0.2120499586082412,0.21181271937060225
CUST_0334,Customer,0.0014495603882164765,-0.0001785398353644844,-0.0014077968776320562,-0.00598238210815684,0.0015823625981231002,0.0062819626202840016,-0.0030980336885135184,-0.0019245519052936968,-0.0007073091750499556,-0.00305668009904226,0.003742416668721427,-0.006246495050452615,-0.0002251042980207475,0.003705935144496253,0.0032328346288290964,0.005141766269806635
CUST_0335,Customer,-0.21218672323487164,-0.20606831322407226,-0.066007046890573,0.04652850236301934,0.12307864930430154,-0.11795199802902213,0.06716687454277123,0.07740307877299543,0.13770542849363085,0.1412660253902082,0.04990347655893307,-0.053664765798995595,0.11699426012095104,0.12169125473922499,0.16596174945969336,0.1647792863472082
CUST_0336,Customer,-0.026309672880591557,-0.012721127366906239,-0.10844550020278834,0.09983125655023607,0.07323361869989549,-0.07514796513559839,0.02050184841195194,0.026481116453676196,-0.15159165968124003,-0.1512626609476547,-0.06563926827619693,0.06726934175290382,0.024643540394698665,0.019757546319135223,0.09427729954841202,0.09416085508905271
CUST_0337,Customer,0.26432995219132915,0.26452799783643755,0.010334965661544371,0.009757768974881622,0.08849354524264723,-0.096454954685569,-0.11042694910662054,-0.09249225490957064,0.10262955086528189,0.10769808550986887,-0.25449222963559576,0.24943894270132344,0.22715436649973322,0.22802165880652164,0.20765999615098638,0.20707767713760145
CUST_0338,Customer,0.0725031602904261,0.06026320242129367,0.1975638698043868,-0.1818722476480964,-0.0866605576695653,0.10458982615125564,0.1507422277879746,0.14644427396982776,0.22574045656509578,0.22748285112716882,0.0206803865352417,-0.024616982251082564,-0.06682175715394481,-0.0616518848066735,0.10373826809372852,0.10289722230534906
CUST_0339,Customer,0.09275101206291866,0.09362700810128564,-0.045232273092300976,0.0510614146981315,-0.14613775072643354,0.14824182313214337,-0.028325621394438606,-0.03702952745578432,0.0344037614307332,0.03615784518293513,0.12396741330033177,-0.12706474142381102,0.013482408325977982,0.020277777321068943,0.12739531665755438,0.12849955191408502
CUST_0340,Customer,0.06869141886888033,0.0729606097175302,-0.14976555138570896,0.1586306069553612,0.0453850837503251,-0.06629214067115834,-0.0257706689565705,-0.017402098341681358,-0.026372944474019437,-0.03818980534553527,-0.019911061147595565,0.024715917703850544,-0.07653345877228164,-0.07423225343881287,0.18522560440370056,0.18819683088958528
CUST_0341,Customer,-0.03287667110345675,-0.037366290049079896,-0.07594068785446284,0.06300510081579921,0.019924824036008742,-0.03534774665966554,-0.008172055432674474,-0.00826780736708402,0.345962848141009,0.31669808957469997,-0.03207242543458808,0.03233833151839928,-0.38100608755413207,-0.36772466455218156,0.3080617830689022,0.3104702626489883
CUST_0342,Customer,0.24798838033288245,0.26027337521700644,0.005837109781973738,0.014157041384040663,-0.11704313682968563,0.13461401124844932,0.17536007096644762,0.16727001421827578,0.3180773633274975,0.31354786549932123,0.058240901217792344,-0.06107026037187032,-0.09339535687608315,-0.08664029791753469,0.24409698648475106,0.24313448993162243
CUST_0343,Customer,0.19792458714876374,0.18047403600354628,0.21662850809372125,-0.19575655361699593,0.021726983330719176,-0.017868225574517636,-0.036863711888348534,-0.03397931153746973,-0.011822189149283529,-0.010378139468348879,0.1723370048435345,-0.16885030848541197,0.0029460488612404793,-0.008751256064247143,0.20456170820317565,0.20555203833251334
CUST_0344,Customer,0.1041758822070294,0.1335957298385451,-0.2615762139402265,0.2541922637603415,0.3072739227462053,-0.3164693789329861,0.005674892624822793,0.03787273742182418,0.1967729355743091,0.19666211672228412,0.0781728959745961,-0.0865220802448145,0.06349489865788226,0.06870201028916245,0.273678575942042,0.2728243764980798
CUST_0345,Customer,-0.02874538232083018,-0.024527670025694445,-0.15801379172168703,0.14254810278045782,0.06841545153743071,-0.08130848792415751,0.04503168818942728,0.048273742737056126,0.03533461014233642,0.017275554417557258,-0.012017530391830815,0.018604797724084816,-0.03949768349786515,-0.03367343755473197,0.13666846493468077,0.14061786944730822
CUST_0346,Customer,0.07107829956775867,0.07683029500221841,-0.01907607535026515,0.024717627742025666,-0.017726027930591436,0.017145928189507203,-0.0008144089376333827,-0.0034937571409772634,-0.07854593867973501,-0.08039725644307337,-0.005135153141068184,0.007665705921224801,0.002060380566634082,-0.0012102984164448674,0.05575717646068229,0.05593317009549596
CUST_0347,Customer,0.11463525877448132,0.10711810592526795,0.0801761950483996,-0.08888619226362622,0.2573955077846441,-0.2760061009606051,-0.23936988599415646,-0.22456929370689196,0.04707560698687829,0.03222629946921075,-0.03362683163284749,0.03038456480880505,-0.44868476625820475,-0.452104783937338,0.3541436942476727,0.35241851207924624
CUST_0348,Customer,0.04494404519759635,0.05760508797747958,-0.11620202448167563,0.1006723373442175,-0.07033574531093303,0.11518447854824576,0.38879479802225236,0.37514547323104563,-0.5467585960132914,-0.561396806483776,-0.20956001018608805,0.21989013877578273,-0.062162138625098985,-0.07136546580284435,0.4124169129442302,0.41109769463646506
CUST_0349,Customer,0.08802832660621476,0.08156278946108289,0.03422439892854468,-0.03038297363083885,-0.02175077541102509,0.025308836456312787,-0.06975416257576945,-0.071015353591991,-0.06964857649098588,-0.07378963365479489,-0.019520150740146625,0.01999824930543515,-0.0837946798922069,-0.08293119997644365,0.14072969941513996,0.1417169019441242
CUST_0350,Customer,0.32034061280202686,0.2962641699878725,0.2527129900261734,-0.231063329239894,0.03889665779339243,-0.05158524404365607,-0.26957964015791624,-0.2704711676366908,-0.3977555329678331,-0.38842821861755356,0.3376526070001877,-0.32628866229976067,0.08241744919491867,0.05962934040248952,0.33356828897405194,0.33356551320512257
CUST_0351,Customer,-0.2555484122737353,-0.2628069487678128,0.005451225010814466,-0.01883151102526194,-0.19040271223260555,0.17943630582689601,-0.12393539619408162,-0.14442164464686136,0.0067827748996495,-0.0036282583469617736,-0.07999517403643987,0.07810910663057714,-0.3565082000596439,-0.3543964534861597,0.19237964991632414,0.1909250307606178
CUST_0352,Customer,-0.07599769164027453,-0.08205348423725366,0.08020031400163895,-0.08844142937067383,0.07630280852899321,-0.0535625688149105,0.1945374647037696,0.20134103994497612,-0.040257646137080064,-0.027923198442210705,-0.024448897080993837,0.022443210563353966,0.005702900996798769,0.007128080337564086,0.05500378826497708,0.058025252936411024
CUST_0353,Customer,0.05685374151244272,0.05600842014203562,0.030451153290823874,-0.025785148857233795,-0.0456514967850809,0.04286937437256111,-0.09127942502158543,-0.0926303322362925,0.0584399561914949,0.05957172864995576,-0.30648618699919233,0.3065604205579646,0.20706437083576024,0.20627936389755397,0.18434920364716956,0.18394343308253305
CUST_0354,Customer,-0.08820015006944067,-0.0913113889179321,0.05036517775462113,-0.063929103418076,0.06716022439957159,-0.0640939269322202,-0.03228454515079872,-0.02904509733858189,0.07559887197583484,0.06743313791866634,-0.22825227517510652,0.22749089223805702,0.012775224637432017,0.013188235104560454,0.15231781889774773,0.1521184528989125
CUST_0355,Customer,0.04411522859514425,0.04385073626867745,0.008398926960066213,-0.004994612486578029,0.0013864121916229702,5.792286929514374e-05,0.009520099711302916,0.010184111282910932,0.01773188778359713,0.01718690746884965,-0.007019769124303337,0.0065866891188364265,-0.017496126873437722,-0.01732608266422894,0.02452900124096593,0.0243103349675
CUST_0356,Customer,0.0732130465173526,0.057950597432339414,0.2141125986184309,-0.211196060677133,0.06063269763470577,-0.046760173191767146,-0.07192637430481962,-0.06480611990261691,0.05679037344033837,0.05429601810208607,-0.5526294573483298,0.5514497241662236,0.22153010323744923,0.2203880491601505,0.2879389209237355,0.2867709197201479
CUST_0357,Customer,0.13183554927968608,0.14616894251526366,-0.16837825941769363,0.20318978489658998,-0.2622657396096927,0.25526174802725693,0.05639538045456708,0.03989248071600923,0.03483374692639014,0.05004063922038413,0.10893571739469889,-0.104219770452442,-0.025514305967832655,-0.02526589145901912,0.35447599322039186,0.3557215174643898
CUST_0358,Customer,-0.10620209864503703,-0.10483994316373497,0.004906575258852562,-0.014181352552209495,0.023320573389912745,-0.004891092967691932,0.2118263804980294,0.21256742379094848,-0.09436966236188617,-0.09582156909421746,-0.013202583956543596,0.01572322328209522,-0.007872473972843474,-0.0101759153729274,0.10310337969393686,0.1022756874975584
CUST_0359,Customer,0.2906350882148499,0.3002117960129356,-0.1297531492851401,0.14937453203016562,0.28925539707997777,-0.3195272001010786,-0.26473847976207987,-0.22844321830068173,0.037436073325946784,0.04640190634572582,0.20522519965122102,-0.2133847629576309,-0.05808471524404956,-0.056222721253895706,0.42746300478509885,0.4248722751263054
CUST_0360,Customer,0.13774560203497507,0.1683215127433318,-0.2741322129009937,0.2852793820229224,-0.2589884893643419,0.2467462858357702,-0.016389428997489224,-0.038180778229017935,0.1647279116767834,0.16490235611689893,0.2870797135155832,-0.283936431141525,0.0795590717537883,0.08335657594396761,0.3664743855456014,0.3645023103081661
CUST_0361,Customer,0.06995358143471196,0.06552358730451935,0.15870369717024782,-0.15459810037828398,0.025939909306133442,-0.016463279171564194,0.040701624307250585,0.04019774896127902,0.07702773129758433,0.0792682314994562,0.06874288997570403,-0.06898824496524654,-0.010151767085504915,-0.010505704398746929,0.1481354250003046,0.14803615941822632
CUST_0362,Customer,0.21594517885375292,0.2239113024764601,-0.05547576274188825,0.07496685354830633,-0.016444828878228686,0.01938458671641625,0.046528890202180796,0.03785383462591485,-0.17548253582849574,-0.1790917998771127,-0.05139866650044672,0.05620854320791594,-0.038191959827368886,-0.043251050402955495,0.19298019901155566,0.19389320373065155
CUST_0363,Customer,-0.010181119662088092,-0.006616644720677867,-0.03562846611709811,0.03739287931989503,-0.027807782876020468,0.0259319784134141,0.004883694836000887,0.0032305676716880205,-0.0225519303214284,-0.022163252186184264,0.0072418446124145235,-0.0065901781721822645,-0.006919134921305054,-0.008274306289230492,0.027691045729139375,0.02744309880772913
CUST_0364,Customer,-0.10600853376091705,-0.11400788814516803,-0.009787035177944296,-0.0017012369081106716,0.136156496573455,-0.15653729490751433,-0.23607594730488302,-0.22421968707213477,0.1101751756668092,0.09259575172562597,-0.19622004896611892,0.1883655754447564,-0.5518132853592923,-0.5496129239320693,0.19165592975768186,0.18986349311092596
CUST_0365,Customer,0.12268459365814345,0.12677814034364596,0.03227968882626923,-0.019063473773923457,-0.042282904512886965,0.053201319015777127,0.11038257473036985,0.10546328988605637,-0.07057312610462536,-0.07441069516776916,-0.05720943133041613,0.06120803363942262,-0.041731250571926656,-0.04584010954679398,0.16049358256613247,0.1598530650039688
CUST_0366,Customer,-0.04646503075233347,-0.026622457028585893,-0.13909921631332217,0.14414929836404475,-0.10791264520403623,0.10175689883917624,0.026744139248607645,0.018337303827948077,-0.09810344973979919,-0.09749507607389514,0.020123103770334203,-0.016421323578541574,-0.02929966509765461,-0.03511008469327929,0.09634207545288385,0.0964583677709406
CUST_0367,Customer,-0.1015401301742336,-0.10122240794427095,-0.05689423833790523,0.039703964708739915,-0.08515303472448046,0.09217334649207896,0.007454686616226269,-0.0005208779277276473,0.20481982238129431,0.19950845389555558,-0.0034968906164361937,-0.001217060417592534,0.07639872212353377,0.08729523802346112,0.2737920143855508,0.274454099599158
CUST_0368,Customer,-0.022683513344053507,-0.03987027080486033,0.21363614275431123,-0.22605103195285192,0.10922875362880873,-0.11227255775182743,-0.14893313845659267,-0.14598611527749766,-0.11841867209487246,-0.10975787697193744,0.2055801008377997,-0.20460914231448313,0.0411371198941705,0.03548842582830004,0.0827663096417865,0.0820925877594116
CUST_0369,Customer,-0.20171961191904134,-0.1750203275292421,-0.3253812191674216,0.2950191430417435,0.383182095399553,-0.39310316049992233,-0.083602753061961,-0.04123799162104689,0.10901863237365164,0.11836400252718537,0.07851605224516087,-0.09170798635490349,0.26953781314874703,0.2769749320371463,0.307477432266902,0.3071729763905255
CUST_0370,Customer,0.018859324881924128,0.021311452006393027,0.05120195376928249,-0.048022288431999655,-0.018558330846958678,0.023984952753334413,0.03798903298139527,0.03606643435223118,0.05798923261763899,0.058752015209367695,0.005023994989875051,-0.005657163379284889,-0.015620404957588986,-0.014381562507598802,0.027039097026383654,0.027635506160753526
CUST_0371,Customer,-0.03991716866773999,-0.03968275850099404,0.020272388917127862,-0.025303374289475895,0.01763978506143997,-0.018363312120051534,0.005931677383142103,0.006840460483381995,0.0650684291112972,0.06594846803405109,-0.008792882249468868,0.0075581724770031975,0.006656832172391263,0.00823455913962009,0.048147711145997474,0.0487393405345584
CUST_0372,Customer,0.13471717062593433,0.111902564839555,0.35821467511117816,-0.32641537753171096,-0.15864836376278146,0.19078441233001994,0.25445378004416314,0.24913944487007428,0.3784084410987652,0.3957462109339014,0.026736614722969388,-0.03612982587569289,-0.10892909177811043,-0.09944108668059726,0.18056364296418873,0.18262847907569196
CUST_0373,Customer,0.06019524453479774,0.04478538243216255,0.13477189043846613,-0.12128696390608296,-0.10921097700017346,0.09582545548609235,-0.24637843166589107,-0.24934588231077282,0.02535022526221582,0.03347006774834864,-0.3248546420583121,0.3245265608331826,0.29352740281589323,0.29215320196977457,0.20496133884452153,0.20398358239792375
CUST_0374,Customer,-0.06608299123995537,-0.10437644887873421,0.394416058894431,-0.3881521435847346,-0.10290833057496057,0.09755369076567484,-0.3790043931876969,-0.37960766616855607,0.27539067481062124,0.28756697953403765,-0.7912387126467348,0.7855081560335242,0.6153039349248275,0.6171318319316261,0.3428137726445787,0.34184406103182013
CUST_0375,Customer,-0.2200561885367124,-0.20378338590416087,-0.13527355031930977,0.11499426007575657,0.19211358966107123,-0.21855546424579464,-0.20021802419919305,-0.18418151453135687,-0.08641802914800102,-0.07313101579155115,0.22495962044472712,-0.22646922622065005,0.1654047656181801,0.16118071517805627,0.22852437759231717,0.227732989579358
CUST_0376,Customer,-0.0023334293411015144,0.005556838666536885,-0.024453359229049055,0.0090819640196999,0.1597556939243584,-0.15818030578460562,-0.035795087387642886,-0.03707786583018313,-0.41498567406604153,-0.41484563370509253,0.009093062256314588,-0.003206290953461277,0.04963051034879924,0.03596173630829774,0.20832258785284172,0.20881201357396673
CUST_0377,Customer,0.12098175619209584,0.12273802730641305,0.041940531911086494,-0.031806582367884466,0.013914249144583038,-0.018545269619971296,-0.06052784729530033,-0.05976588840769875,0.0024772902865799478,0.0074755137387505725,0.09843944714438825,-0.09848332697964766,0.013390546635932374,0.012725752332416681,0.11924115457143662,0.11932441485886254
CUST_0378,Customer,-0.22331874470299104,-0.22407383256344002,-0.04559927494803092,0.03615803210818935,-0.36477327355001316,0.3714540583957944,0.03229133918737445,-0.00033518584221110473,-0.016993314743986954,-0.017330170961945026,0.055783543692728504,-0.05693943128993866,-0.04355241672393453,-0.03587269386342801,0.17111231187621345,0.17226258705375574
CUST_0379,Customer,0.1960163078969497,0.19545850250935562,-0.010877082659424978,0.03534703738233223,-0.06931133508007334,0.056002266323289855,-0.11335551100976524,-0.11442074325625864,0.010979376776001862,0.020007858679966375,0.1344553739766875,-0.13568744229559077,0.06287740383629764,0.0642755622159937,0.14527161649140113,0.14424823473769083
CUST_0380,Customer,-0.18304717768863765,-0.2146473673487522,0.38764116201780435,-0.39946774312931793,0.11451235282547277,-0.06418788995139596,0.3835574535697601,0.3892016508780029,0.26711817406455485,0.26838798075637826,-0.044769671882717355,0.04083224977895066,0.0658592431875697,0.07375149428660926,0.2971218168091927,0.2951927366586882
CUST_0381,Customer,0.1373184447385598,0.1356693575041411,0.023042194759662887,0.0018224170187055152,0.06106490744306677,-0.05827350826303712,0.05575999763167231,0.05596144652021746,0.25775001012120297,0.25919856314988304,-0.02083246298549255,0.015418053706127394,0.06329184657949345,0.07034317122701365,0.27638889905452285,0.27733527914744494
CUST_0382,Customer,0.0898510497018691,0.07914649723071202,0.1348145039925275,-0.11758179091936338,-0.06578614867344029,0.06719474918023023,-0.02086857534048305,-0.02501778616310869,0.08570493975232554,0.0899322360854587,-0.08784046545951496,0.08891606356973093,0.08135562332233402,0.08257361715363348,0.17421412964602176,0.17389910239985332
CUST_0383,Customer,0.05575320894577454,0.0463221258968546,0.10429486825381998,-0.08551827057483291,-0.23606546233071302,0.22122506099600758,-0.12830536960044625,-0.1480377385927722,-0.07330682822920566,-0.05881966209231584,0.20697639915979407,-0.2054165034098485,0.06287358272900351,0.06320091786203723,0.24239904216852323,0.24174876839447043
CUST_0384,Customer,-0.16192011781728363,-0.16005896264878097,0.003040878438954109,-0.008867613590541324,-0.22358861076682648,0.2400044522534825,0.1595250736423384,0.12772966972514818,-0.2520567432273353,-0.2548628250941779,-0.0591429312233761,0.06384253394460579,-0.034073164426290936,-0.037521302380210876,0.1732078561218309,0.1741866066672734
CUST_0385,Customer,-0.01838919653827338,-0.016299033517647634,-0.029077206891742348,0.03148459712849274,0.029161666241010343,-0.038548830918448004,-0.06861759055205902,-0.07212613613154598,0.0009745861586863155,-0.0006687401188045318,-0.011369792056648457,0.008838184657502324,-0.090335073691121,-0.0891018291920849,0.07065126262552059,0.0725325882348474
CUST_0386,Customer,0.02421787380304147,0.024484118841466,-0.043393928655743964,0.047685605319514886,-0.12674036649474985,0.12856266998578164,-0.02293698526699782,-0.030110813701189884,0.03900229140272925,0.040505231276805734,0.050099354432337005,-0.05388146942244741,-0.010148000653599935,-0.003591932608251168,0.11278288326832785,0.11415106325576327
CUST_0387,Customer,0.012620401228518702,0.03085091143691653,-0.18743563706361455,0.20787991289917404,-0.23243123557082626,0.21691074738696586,-0.009654480846804541,-0.024010781147238106,-0.1341933887133543,-0.1291211601113759,0.09610672320859844,-0.09164161478666685,-0.01670028567896467,-0.02421938794738018,0.18781537154241734,0.1864943734447099
CUST_0388,Customer,0.05113806894148714,0.04484059580764434,-0.03842057051152942,0.04306359426641886,0.0018893855651879606,-0.016827695012477176,-0.00511991215163847,-0.0008573055109108122,0.009177784298052018,0.0018268598795017719,0.01647262154023135,-0.011888669822848596,0.010463054613565836,0.01665549121333305,0.0612120884618562,0.06532069535938473
CUST_0389,Customer,0.02533004735391194,0.026222853870607434,0.0025795786707452396,-0.009525056300475806,0.15152981660108,-0.12961533608923623,0.14568530855355355,0.1606368501207517,-0.04816564933287113,-0.04629976539066188,0.02571099652216896,-0.0286108511742585,0.10630445735655299,0.10933391672233482,0.25248312004719853,0.2526917133417682
CUST_0390,Customer,-0.12060797556021266,-0.11859724217481735,0.039758930566472395,-0.05320499909690548,0.11435467093087838,-0.11402291000750457,-0.007146691296405512,-0.0001000445843720397,-0.08943386313578959,-0.08332048183001915,0.10002365518423881,-0.0991247204040559,0.09915490021228587,0.09537865966691779,0.1629653105089658,0.16268499218808735
CUST_0391,Customer,0.03155936262542596,0.027690472837633758,0.10286946283502973,-0.09554514533610978,-0.04376715557999498,0.050731444477419674,0.07232081478137965,0.07145967414758603,0.11207062830893269,0.11570259994948164,0.0014690953077548731,-0.004295251694451422,-0.024632530728719508,-0.022134048419587615,0.05351409257789675,0.053834188767576674
CUST_0392,Customer,-0.06863692471926969,-0.06090453272196773,-0.09145282113857978,0.09046625710093059,0.006193871111523899,-0.005769789610753445,0.08554808270957426,0.08775769541851512,-0.05655574935155215,-0.06215610728179437,0.028467613678784965,-0.023866401517931988,0.014129739822701078,0.0031962346411337304,0.135201373481963,0.13705855317899085
CUST_0393,Customer,0.000865161200579059,0.00064722158444938,0.0013032751604913021,0.002063170416615907,-0.0016918977936505463,0.002512150089465977,-0.0024007540699552393,-6.460176440720873e-05,-0.005900038659172492,0.008016486283594429,-0.001435771347575732,-0.0012623291124738987,-0.00257991144022928,-0.0018341507861622183,0.0024108063007645284,0.005862943173314127
CUST_0394,Customer,0.02435066242154478,0.005203226709983555,0.20521382482507788,-0.19806076639075315,-0.036006423547177126,0.03493684139780783,-0.16430527259772854,-0.16350883774545236,0.05740581503024022,0.05791972396482548,-0.21301173462352765,0.2133820715483425,0.20857582713248093,0.19835853829441039,0.1305495340095484,0.13224629652007786
CUST_0395,Customer,-0.0436614233439238,-0.02344135394383242,-0.16538555031853067,0.15786947327590722,0.16886419072298187,-0.17842157166271974,-0.04060867948480745,-0.0216650037647334,0.058469198751452824,0.06406223628109065,0.06391261727791263,-0.06914267751355563,0.09604564939089973,0.0981223311020574,0.1150552817266376,0.11495984123095171
CUST_0396,Customer,-0.019119875151180334,-0.013018336073975066,-0.0510130707344992,0.05803610515657238,-0.02209525881756661,0.019428773916421754,0.01201213908244775,0.0049205136877387996,0.053751479197737435,0.05498935816990573,0.00930731746305633,-0.011775132394582707,0.01115882214276885,0.012711064973425409,0.09326811292946746,0.09507486154908615
CUST_0397,Customer,-0.22603064526111427,-0.22482444363715226,0.0005742887242140658,-0.015534592486037632,-0.3641370651851037,0.3788885300630433,0.10165105637309571,0.06147172168813477,-0.4957399386439395,-0.506153114837823,-0.3354657070854919,0.3454907960649029,-0.2130470596211782,-0.2253333198321288,0.444324240046055,0.4415554794690947
CUST_0398,Customer,0.03630470510743456,0.0740669593212612,-0.3658178047399886,0.367669834314615,0.005560534824102062,-0.010178766719929525,0.10965036720451943,0.10926244345565526,-0.4242908367879114,-0.41804389846952783,-0.10937650959902358,0.11874070738852323,0.007337360139257419,-0.008845627765960037,0.3986120853173841,0.3994856753834334
CUST_0399,Customer,0.1177568306914925,0.1015227474787813,0.2336988023197503,-0.21122029118346908,-0.10098320796642139,0.10717257429086328,-0.022567517517995166,-0.038598904392762375,-0.07632713631497298,-0.06823004108742935,0.10554344255782405,-0.1026090085323609,0.027446633359376256,0.023699983906828943,0.21537262499261448,0.2162048907474351
CUST_0400,Customer,0.0012032364228128452,-0.007387818390865656,0.10875015387244026,-0.10570727800013037,-0.0595759594666182,0.05366198091063426,-0.1527510391247588,-0.1532929779240146,0.027691906039685493,0.033203828265690676,-0.2968330826808581,0.29531120548794754,0.20781678722800295,0.20640192032500052,0.10092993580459232,0.10111252323525634
CUST_0401,Customer,-0.06788636268755004,-0.07494350360751498,0.07266557690763813,-0.09144259182775047,0.07985208195134494,-0.0509075648472441,0.18370016163908878,0.1894412885523166,-0.036714543614225,-0.04056167285862523,-0.01510360490202069,0.013290901005735505,0.009530967441885321,0.014015664258159493,0.05549488050890171,0.056980885037122134
CUST_0402,Customer,0.03233803934056205,0.016218045120113357,0.21189973719976427,-0.23061778061048105,0.11231169366716257,-0.09834231923204068,-0.0648234199602282,-0.062310378060460414,-0.23231463725272317,-0.2294442666950478,0.13958227047541896,-0.1379906010300796,0.015531300983520131,0.009664451651120558,0.172994866380631,0.17346644180910387
CUST_0403,Customer,0.0195233493792184,0.029062356043076543,-0.06741484843404483,0.06303890196304307,0.06702079355787274,-0.06862827737239598,0.016950148064484395,0.021365157209488988,0.06427781586283081,0.059518164125071694,0.018900190791426873,-0.01946768554454146,-0.007164722997472715,-0.006398336740990465,0.07249899791038995,0.07285758848766412
CUST_0404,Customer,0.025338481314766414,0.009803813893367585,0.18478741665693071,-0.19352115522648353,0.23963466170869466,-0.2190966277430129,0.14757341332754556,0.1691232069935041,-0.12115000644438041,-0.09852159579530086,0.18795279978649637,-0.1911542446526892,0.08395109429563334,0.08375407224666902,0.2536349568179897,0.2553243811697634
CUST_0405,Customer,0.2083010081690949,0.20228086538996506,0.05776617064209581,-0.055939187566421515,0.1561981596228757,-0.15638279288082066,-0.0907164210347195,-0.0746943948027171,-0.04802202621368588,-0.04284654931238518,0.18740118547048562,-0.1909638170591806,0.054053417881893544,0.055416017688798745,0.19464777087587676,0.1953559423030483
CUST_0406,Customer,-0.0077631706557743305,-0.010264178507536425,0.050074337405779025,-0.06290630694456234,0.09972202498436823,-0.09524680476982002,0.016613195857640255,0.021769693337303726,0.007701026786986083,0.012348855310239373,0.20647675092778006,-0.2065171711264026,0.05573875149588624,0.05560222726134919,0.1839752534010966,0.18265457167784319
CUST_0407,Customer,0.12185857756072198,0.11567304947291948,-0.024975294723691296,0.03480696905239491,0.009391416144394767,-0.019029270741009945,0.028526198373511554,0.03190632243690036,-0.00012648284724599588,-0.01028829568654069,-0.007460999817731014,0.012954789701950282,-0.0030255387992282395,0.0018768191405300553,0.05298852681422161,0.05696575051663448
CUST_0408,Customer,-0.038053541520470635,-0.04188033411516306,-0.06622234748577027,0.0731110291342434,-0.178064853353747,0.16345002297376932,0.010269523551158163,-0.0025065092904961467,-0.09860505226868314,-0.10618239266954328,0.03673253008179484,-0.028067915244189664,-0.022039479751854208,-0.019769911425959942,0.10086876493588046,0.1045294211417396
CUST_0409,Customer,-0.014830010777562717,-0.05033163312010489,0.4396767446838637,-0.45643024523303516,0.07542159104909443,-0.0656252959821118,-0.1970027139445,-0.19685560640880553,-0.15704646817999024,-0.1433919713786185,0.28401826161117893,-0.2853129292012055,0.07943141289409626,0.07353228400653349,0.2153994624832091,0.2159112858355302
CUST_0410,Customer,-0.02437765740827838,-0.02563727043348721,0.033209049295752066,-0.03126976644923269,0.012016741536443908,-0.009778924614565495,0.006979881108908678,0.0007529533688856608,0.03916818650438021,0.03956046092696782,-0.00038809726079954245,-0.0018798301250582759,0.01867837509535051,0.02034432035762381,0.027103352441664938,0.029254194632663585
CUST_0411,Customer,-0.10171148110294492,-0.08719194582875076,-0.1689632498472614,0.15045813316712225,-0.0234224980036805,0.029203801066448976,0.03076076971769033,0.02921596710403722,0.1858781697284265,0.18258821542479373,0.09604952797592034,-0.10017368799290606,0.05988147355501568,0.06909203699264246,0.14135209812114216,0.14232948290476247
CUST_0412,Customer,0.18268016978649018,0.18457723910514845,-0.012377214068900452,0.019633788795468118,0.22168286701843593,-0.2347080449192003,-0.17045184123049217,-0.14469054211104496,0.11211861533104286,0.10494649657969946,-0.17675157432935637,0.16822404215996892,-0.20665910222763134,-0.20548143327354065,0.26533452798950835,0.2639893833805999
CUST_0413,Customer,0.14207169490583993,0.1430393629151383,-0.0020832679801861993,0.02475487495671082,0.010859373348891099,-0.012810692496250721,0.009157152703552251,0.005559378219094166,0.14295997992275813,0.14519051768346186,0.024830058899438495,-0.028632707034198776,0.03269316949380067,0.03717337221264516,0.18088487190546582,0.1822944682355319
CUST_0414,Customer,-0.14063636678902022,-0.15547933606547568,0.14075946139700535,-0.1432753809568254,-0.0341109369568786,0.007536614460145596,-0.5518313583480727,-0.5385246841051472,0.18556774366110906,0.20337767253784314,-0.9276195484404565,0.91877301389685,0.7879316799894316,0.786593495422811,0.4058437216638705,0.40420284478173446
CUST_0415,Customer,0.063580373869019,0.05047483153651553,0.17224699035709526,-0.1908649582151298,0.1373668537695778,-0.1260896577639878,-0.09609600555427915,-0.09136038842954804,-0.26687469556741317,-0.2646146699035766,0.1169311460592986,-0.11500144326411156,0.03159156521612915,0.02454219660893637,0.1639060893532896,0.16450400059624762
CUST_0416,Customer,0.19564201459209815,0.1988473866407034,-0.17885804273594572,0.2046045948691198,-0.23794381864264894,0.20689744959665615,-0.08834859878760953,-0.10142611969250404,0.26986339967854045,0.25211828341183956,0.11549165272693891,-0.11308444378743293,-0.3563379072993071,-0.34405293301020146,0.47871332765998414,0.47957103880191415
CUST_0417,Customer,0.3971152004921714,0.39817538587121504,-0.014059533250937005,0.063293494945609,-0.19295104366479787,0.1684878665665572,-0.18438177958752225,-0.19443462131620864,-0.08274778923679595,-0.06939958252097993,0.24248016063773764,-0.23747339779498086,0.059530844625925096,0.060210871299747476,0.24965190511925386,0.24895903097401703
CUST_0418,Customer,-0.0033879411239572488,-0.003589971867447166,0.0019846275549851807,-0.0023261474300087025,0.0015969707453895431,-0.0013171654250182636,0.0015331842387441396,0.001551658709531549,-0.0018442791477324193,-0.0019778026024513695,-0.0011334946206461752,0.001152719262759394,-0.00408310327402244,-0.0041660273933957865,0.00436920586597977,0.004276561662155419
CUST_0419,Customer,0.031417421842277096,0.03084758329078404,-0.0037635427175464137,0.011677871563738562,-0.025954046279222844,0.02511101813919745,-0.015184828614725357,-0.01499351086444223,-0.03476328414626938,-0.020496080729723018,0.013147407134750579,-0.014088921021703787,-0.0022657941941251593,-0.002165461147704288,0.025247084555842424,0.028557911763926577
CUST_0420,Customer,-0.11321102487833566,-0.09701466097869839,-0.1980097345536478,0.19118171929565414,-0.2562816019045327,0.25236845099883615,0.05126619775542793,0.02645361394290001,0.1634790102678197,0.1520957210879334,0.15584689847795394,-0.15158858548197904,-0.02607992758288267,-0.02870389086855944,0.22614736292834342,0.22753620725990892
CUST_0421,Customer,0.23509542915998266,0.23729566279525804,-0.06116777975301193,0.09168793858146931,-0.2324627775061771,0.2199654754710995,-0.08272640787731805,-0.10041572434683538,0.0010959710266797548,0.005860006572922443,0.18999550003953766,-0.18451104208697625,0.022255893882809047,0.024009663283429926,0.19415905174740503,0.19282837321523152
CUST_0422,Customer,-0.3752940001450685,-0.3659689034786787,-0.09399630228777377,0.05826720047479425,0.2905228482822322,-0.2757579434903502,0.14004552374799153,0.1682513681606559,0.0016893418202786417,0.00363867686800884,-0.062491018248341336,0.05921619138660991,0.25077276374236807,0.24379287070543762,0.22700910446051367,0.227759867494692
CUST_0423,Customer,0.05671353127756204,0.0441062053855453,0.13629877059328865,-0.1428015544379698,0.03695466529411292,-0.01511086450669979,-0.04432071920515705,-0.04020277555842415,-0.35636237327287057,-0.36748261862150666,-0.8677384007267305,0.8784396035391171,0.456304255722268,0.432586306959418,0.3906077229124942,0.3902316592407313
CUST_0424,Customer,-0.03774010114870664,-0.03279309595257658,-0.030363795182557194,0.02942587670787559,-0.0813890450666995,0.0775229708430154,0.008961388527107936,0.0023250012904845892,0.003759521367035094,0.0058709945186563505,0.013807219715103215,-0.013818894333794643,-0.01414013618574981,-0.013185395132357504,0.09483746691402302,0.09512239683701795
CUST_0425,Customer,0.24953597179373455,0.2670514823430538,-0.1482654464654941,0.1637935316251247,0.15855581616345293,-0.16650804585113047,0.00979869956045707,0.03166202904735193,0.1247042867493799,0.1269953009904321,0.050891447849091415,-0.05656485693392929,0.0315153506748598,0.03532031063061036,0.2132524555921558,0.2128009546259055
CUST_0426,Customer,0.09243097392199064,0.10840234170360197,-0.1082735239814459,0.10990034664583068,0.001931207706593521,0.002609604828787817,0.0746744212743723,0.07104733138756694,-0.12633088574453044,-0.1333956028894851,-0.043573054518232346,0.0489069445790771,-0.01214425901695252,-0.017609023272000382,0.11760564503670452,0.11726783725593486
CUST_0427,Customer,0.06022967558843384,0.05715102901832976,-0.004018798242363581,0.00533415321527256,-0.04282189929878184,0.048464455894185125,-0.021724708371843104,-0.024573267735567873,-0.05790047578781974,-0.05978627090953418,0.02283186263862463,-0.021901968065513214,-0.0028208051814080904,5.39018634060814e-05,0.047592799308806596,0.04922528929004031
CUST_0428,Customer,0.03835702655966208,0.03834236194086362,0.006105019903065813,-0.003436507647642512,0.007408821303838188,-0.005644003153739607,0.013593113956091142,0.014582804489866158,0.01408312153689709,0.013381835136499565,-0.008275733224002156,0.007957773964518359,-0.014364339012820387,-0.014297586847516513,0.02578990747058632,0.025550628694843206
CUST_0429,Customer,0.0011656090187127253,-0.0014039011916173166,0.057927914120747465,-0.05558014027291079,-0.027219918519151506,0.0246271439163072,-0.09343939174780203,-0.09448342679086881,0.036066427205363745,0.036072389135994885,-0.18823731230531154,0.1879461263330234,0.12857146654706997,0.1274694030606337,0.052794943694312896,0.05315344680586427
CUST_0430,Customer,-0.06762865176038481,-0.09556465183862947,0.3748096696162371,-0.40853786674906867,0.24780704794002448,-0.259357199727544,-0.3379472177674185,-0.3423612953825973,-0.21065412340289516,-0.19673153355565084,0.5376426590457227,-0.5343711514407574,0.08774245577255244,0.07711001505251841,0.30482556578795267,0.30530921476438777
CUST_0431,Customer,0.22942697279360513,0.24639058237353978,-0.17081024881434734,0.17954955244623974,0.06637243977314032,-0.061826400485272125,0.06871929319407985,0.0802660176251803,0.02204480477398664,0.01707866888060459,-0.2185532657859447,0.21783540394872744,0.11776807346488555,0.11633113195278735,0.3495602530543827,0.34695216919577404
CUST_0432,Customer,-0.2767226963170868,-0.25600151835023893,-0.22505362730589729,0.19534851289920213,0.20192707484817077,-0.21729741053270477,-0.09908982439908251,-0.09031674060037866,0.18015490469066828,0.18011768507221848,-0.013364049640574626,0.007230785268055191,0.17320905670897213,0.17832108055580703,0.22706892524539732,0.22837398032116973
CUST_0433,Customer,-0.03728790350214442,-0.02523518018225667,-0.08280051903584296,0.07628616668592451,-0.06324220111004163,0.07132062241590578,0.08627352655649347,0.07794286773837768,0.28194515794887703,0.27601995269416435,-0.07713540399192557,0.07810573339221101,0.17226163861335736,0.1780535462382083,0.3543724256575069,0.352979323924211
CUST_0434,Customer,-0.2145557230551939,-0.21621105970365362,0.02330449980615229,-0.030284159948297414,-0.2771088505974997,0.2704200843718424,-0.20706959888131277,-0.22633301235322223,-0.13907057107700044,-0.13167473880277744,-0.6322602555969487,0.6335376614042266,0.419056564274653,0.4136598735879333,0.41197781786394927,0.40992616155131634
CUST_0435,Customer,-0.0045281518284948615,-0.023800306770915956,0.2234114238347238,-0.2162996954254836,-0.09321713645291498,0.0862596609008488,-0.18918234217934105,-0.1978325642375836,-0.1112665320928403,-0.08320155139188534,0.1366013967997082,-0.13863950087605428,0.10010015137530254,0.09585098268636003,0.33138594823043155,0.33298215177496676
CUST_0436,Customer,-0.10024514459267737,-0.1095134846916279,0.028669660106785663,-0.040750769958305975,0.11120302271522804,-0.12583180145013598,-0.19682464753128295,-0.18831061814803918,0.05919821475593105,0.045184369820545606,-0.15864326296532444,0.15325327745211406,-0.42902402363478714,-0.42828303063476014,0.11837217746991467,0.1171016519982575
CUST_0437,Customer,-0.0033879411239572488,-0.003589971867447166,0.0019846275549851807,-0.0023261474300087025,0.0015969707453895431,-0.0013171654250182636,0.0015331842387441396,0.001551658709531549,-0.0018442791477324193,-0.0019778026024513695,-0.0011334946206461752,0.001152719262759394,-0.00408310327402244,-0.0041660273933957865,0.00436920586597977,0.004276561662155419
CUST_0438,Customer,0.046152633449742256,0.05436502277869768,0.02152901201007664,-0.012031191278228789,-0.17843165070657824,0.1941951238584483,0.2494325085124179,0.23767183907583236,0.5344169289381662,0.5321037480087608,0.11282202848351071,-0.11912352229314935,-0.09185771232667231,-0.0788666840958395,0.3581355407895942,0.3568643950276066
CUST_0439,Customer,-0.09066603127226909,-0.09349203895023145,-0.00463540432016525,-0.0052865099629467545,0.022689180495734287,-0.03324802897321728,-0.19322393757854656,-0.18821273883103834,0.12713619483072933,0.1278899261493581,-0.3543192917798085,0.35158624646831343,0.2792583425582915,0.2809582132691454,0.17357417061835625,0.1728024164399433
CUST_0440,Customer,0.12980320701327466,0.15216896269693814,-0.17320596179869233,0.1689600854062968,0.09204274199559352,-0.07333847458145054,0.2228165734566245,0.22288116746208458,-0.49289031935481176,-0.5066065042297374,-0.2251988486466302,0.23876500451710114,-0.028541975171662518,-0.044545136586025984,0.2759683778512924,0.2743436393207365
CUST_0441,Customer,-0.005562262011220537,0.005706205965444439,-0.08764251618547442,0.0849086394921268,-0.0594412778732786,0.05688466816519082,0.02567968831284402,0.021179483373648934,0.08644380792553173,0.08648380389124895,0.045256172329496164,-0.045625194895165026,0.004617406795024666,0.006870560068484965,0.06053354046246356,0.060820234840776366
CUST_0442,Customer,0.0133566401245602,0.020132001947401584,-0.08413546506432604,0.08855225900166684,-0.07878648865318223,0.06903700469120069,-0.10623699803694077,-0.11023134475117202,-0.18765754073323015,-0.187334778483144,-0.3289800189145179,0.33411554404610205,0.18316950971287654,0.1749257492019297,0.2287015604968573,0.22721255769700818
CUST_0443,Customer,-0.19100708686809326,-0.20668817368824963,0.15181347482084218,-0.177790178935751,0.1641833357356361,-0.12347015797814968,0.366025969594026,0.3730947969868874,-0.13059684707388672,-0.1430436422009876,-0.0965278876924453,0.10071344131823147,-0.2177045841024774,-0.21809788511202802,0.2882838103478407,0.2859801122691236
CUST_0444,Customer,-0.26811776446374097,-0.24181402874132582,-0.39532591749948204,0.37750923267205605,-0.12183573390084745,0.09060291308942142,-0.21164143545875058,-0.22780945803488675,-0.4841663110815257,-0.5087103477525509,-0.2595372855932573,0.267815213393404,-0.6334904442447478,-0.6489753063206314,0.6751510822016149,0.6693595134211346
CUST_0445,Customer,0.2550374595501348,0.24787900853482642,0.023299883691525164,0.005782116210937658,-0.11979933023718883,0.1153993004026113,0.10500846059841555,0.10022570381046943,0.23184797476812144,0.21888932378654358,0.05426800560170903,-0.05091514938411915,-0.13657212615570932,-0.1271925630867839,0.2860957339006471,0.2883461857908453
CUST_0446,Customer,0.19713615623910447,0.19605013523246134,0.1583812457215678,-0.15495271617149226,0.07291270516805658,-0.025432447891637597,0.40949404723608035,0.4113503733948248,-0.135517462036646,-0.14195156374459894,-0.09235146462981823,0.09717721894706106,-0.05896474787181296,-0.06276532061362201,0.3533772219733108,0.35147277042576436
CUST_0447,Customer,0.0038560948884426576,-0.001002494981539743,0.0558698195210541,-0.05250915152294872,-0.031210012676534837,0.02997203250985725,-0.05842849120581213,-0.05921941654126512,0.01297852424436266,0.015893645323400186,-0.09555613326912288,0.09489094843247912,0.07903520222273082,0.077881410638941,0.09254969834773596,0.09201582736819955
CUST_0448,Customer,-0.050334753611232914,-0.06149361103606386,0.2177983785580222,-0.2401139369897962,0.1357949985544737,-0.13967578909162842,-0.17854157079296798,-0.1778552370384861,-0.09193249764321092,-0.08308490627204461,0.3041920105032234,-0.30239163624885196,0.04070261189598071,0.03483020690475573,0.1626695945412476,0.16234181257578809
CUST_0449,Customer,0.1251424957315858,0.12850825036115493,-0.0766286774449736,0.09872588057734216,-0.053500614572371596,0.03775988199830165,-0.07275149634133336,-0.0704468584173218,0.01718477874267935,0.019331232964218036,0.11602349765422798,-0.11447296577595935,0.04119784492603737,0.034522276682524326,0.1440611634208016,0.14598009492454342
CUST_0450,Customer,-0.19631837418020984,-0.1900267974217586,-0.02386117940436859,0.00046872422961170227,0.10149489072035187,-0.11493075559345271,-0.16770718317901956,-0.1615739360698624,-0.04020533382952068,-0.014623681798550068,0.3050128956473987,-0.30809208299137886,0.12663901271261363,0.12227480975669794,0.324041525886817,0.325460513326938
CUST_0451,Customer,0.2178076121611664,0.22189277193263218,0.0023762645220369335,0.018678022470409564,-0.08350660222742835,0.08355505219884006,-0.002303365881414446,-0.009759214242337546,0.007369435323053254,0.0065012919193972755,0.06211545672348867,-0.05908695114374654,-0.005171998383858027,-0.006280040014640664,0.19324309483152166,0.19252542561545402
CUST_0452,Customer,-0.011760067043790122,-0.0050768922809247075,-0.106052682955881,0.11360584929564632,0.007423962037305767,-0.019208433740349286,-0.06068123520233186,-0.057008736315773904,-0.06508966896022325,-0.06576800071585014,0.06456966746615607,-0.05995526994030093,0.06702639390069103,0.057248365433969294,0.11590284905409105,0.11779118318757065
CUST_0453,Customer,-0.2545144767418772,-0.22799349975181418,-0.3145925528670897,0.30538545032780234,0.01588203025182103,-0.03343841162770987,-0.09804369332546842,-0.08732184907621283,0.5310695794490977,0.5360587955387424,0.03007551037639183,-0.039135152131541964,0.3404700387940401,0.34553472128696056,0.4859977231011918,0.4855041889123526
CUST_0454,Customer,0.13547915109584657,0.12614440373096128,-0.018002781503881404,0.047543162022813126,-0.2903565452277563,0.2784132243308743,-0.004621822583475738,-0.022491533960242203,0.08064825322113411,0.0745975538216712,-0.17695104781502963,0.18086547515290052,0.07726358088286135,0.08597005468081495,0.32716242564856113,0.3297495530641621
CUST_0455,Customer,-0.03502003610307276,-0.04061572493094793,0.07918149942407883,-0.08369883088246052,0.025840366459204008,-0.014214643630314631,0.08369126493387828,0.08509208930159444,-0.04039775186573887,-0.03967896114478079,-0.014396231953228433,0.015003814861354742,0.020420192128614675,0.018999741144067387,0.06926943173149153,0.06878547926279446
CUST_0456,Customer,0.005941121001371917,0.005267002589083763,0.038363020452816365,-0.032838626845713675,-0.0226960963772133,0.020438832404405707,-0.024881488700029757,-0.02823460121128188,-0.010686826124463403,-0.009879699046187719,0.01791105001864342,-0.01557544831743589,0.03223826225472231,0.030924186930262502,0.093132805932424,0.09328544080295785
CUST_0457,Customer,-0.030415280009050503,-0.03618134137418019,0.08477051767639358,-0.09456786582756614,0.029141404743106652,-0.035168866620974196,-0.12650235341383925,-0.12482688602294865,0.048845626926845256,0.051955347959736276,-0.11574236884571748,0.11460987868705497,0.12920018648270348,0.1285582841883041,0.12275452720439306,0.12297445519849516
CUST_0458,Customer,0.06272165599063836,0.05610521388351948,0.08301888718429569,-0.07149681817338824,-0.03639488624380865,0.041713754664526224,0.002274065245799332,0.0034361360732516138,0.08979561107038413,0.08545428202005978,-0.09136799022153667,0.09142865114733933,0.03906043207485542,0.031249025034774208,0.0755503359432243,0.07752301869633546
CUST_0459,Customer,-0.15111024796890807,-0.15536912371764322,0.07554556820771909,-0.06965230254166022,-0.13099309780065926,0.13879390527488591,0.05724933191560481,0.05019541446592523,0.20296103372520147,0.22388131146381224,0.05968665131365804,-0.06778745081520311,0.03204461492354357,0.039150018894269493,0.25528432251390853,0.25706822964974807
CUST_0460,Customer,-0.08602704723593962,-0.08391002351765073,0.04993206684006989,-0.062325985884147686,0.057109623028350646,-0.03405452684106033,0.24470775902282044,0.2454315429868934,0.03721221607693217,0.03055190583110606,-0.005389981753772109,0.006990816963429112,-0.03405863206225628,-0.033706666510660344,0.14389257414166914,0.14373145706862905
CUST_0461,Customer,-0.13652330089093995,-0.1333701841760506,0.01996022553563581,-0.019130201472162968,-0.2896864285709295,0.2929941383536555,0.02990986490606162,0.0019675398117426873,-0.04760364352454425,-0.04499418510634492,0.03932628980385648,-0.03738363584488707,-0.033562151480846146,-0.03233093517884199,0.10563685997727475,0.10579207272344057
CUST_0462,Customer,0.07030493853177591,0.06444840500670627,0.10556985798953508,-0.11942302417092612,0.12239411112835315,-0.11952767284481625,-0.07873687831625108,-0.08003851225842956,-0.4825812764216482,-0.48170022991206407,0.07247606021485895,-0.06136161114821137,0.016312146724205164,-0.0009090404755728474,0.23203537672905714,0.22997675842546103
CUST_0463,Customer,0.02125675110572173,0.024034356098688574,-0.02518785434577462,0.0272730162025587,0.01051240965933014,-0.007676641391544552,0.01954170306402163,0.021619846756084086,-0.08809068177942082,-0.07618139459691022,-0.037221709012371554,0.03661846707827529,-0.005878022820796823,-0.007835956253833784,0.032629429115877344,0.035805693288816505
CUST_0464,Customer,0.4055809286010992,0.3794600276715744,0.28824910543482296,-0.25231413565666777,0.008999599912060256,-0.023752691909955877,-0.2698694067397794,-0.2649209781868069,-0.024316071040925005,-0.005083084681086772,0.2751383216972206,-0.27668499379158434,0.1462398408435303,0.14338593811430494,0.34775349628290014,0.3452976832236374
CUST_0465,Customer,0.07161102266086342,0.08514390150087885,-0.13980916186407638,0.14722291761074216,0.07662103727753104,-0.07548555690452671,0.11535409658863834,0.12864294593720696,-0.030012840986662678,-0.028060138422595006,0.05063482905138786,-0.05242737986245111,0.013119191258432032,0.010979388368991438,0.2057391255237653,0.20416169343194104
CUST_0466,Customer,0.13369609947949032,0.1389734410405919,-0.01706304498349266,0.026470689213159728,0.06355686670373356,-0.05515788099754165,0.11435026339092683,0.11723913457307403,-0.17223590082588436,-0.17341445096538993,0.010481754390440272,-0.005549893594179888,-0.010590608674846774,-0.018204762725541505,0.23065907406048863,0.22897268146107694
CUST_0467,Customer,-0.3067136663211847,-0.3613218385390015,0.6306256353749129,-0.6623026861178263,-0.08008268393875283,0.07447605646350816,-0.38477569850746823,-0.41062886248755776,-0.37517953123130215,-0.35318150333562304,0.6055112630043161,-0.5986932787333102,0.11492601144462986,0.09248831290844768,0.3516628317063042,0.35174944950059844
CUST_0468,Customer,-0.09068397207891161,-0.09752462624912434,-0.007442093781949366,0.008404409127742015,-0.15624888622619232,0.15777358222022303,0.15752154925085507,0.14403792038266947,0.4531876544824323,0.4412467288129989,0.1082972528797187,-0.10554835964746186,0.04773498533327071,0.06329035529797353,0.357621586353837,0.35977406081629976
CUST_0469,Customer,-0.10572818577746748,-0.12230262046122867,0.1805578722932644,-0.20220391402728902,0.024079832333593204,-0.006991806702245991,-0.0001977052625316481,-0.003030223978232296,-0.12146547847874595,-0.11804348545959613,0.13621828196188712,-0.1370899433681072,0.030835460436047055,0.03144689226442745,0.10985463480403206,0.11098581896918666
CUST_0470,Customer,-0.10683662763145839,-0.1031200896623207,-0.05934511684483792,0.051630516657918166,0.14705558038539243,-0.1625647172868875,-0.18052580885230665,-0.1678593036389774,-0.1004440519175723,-0.08695569448798586,0.007224296359878071,-0.010237219594144227,-0.1027128796025685,-0.10782143690632856,0.2946601851686143,0.2958696228207213
CUST_0471,Customer,-0.09565271327231167,-0.0920761123242323,-0.014169850076533754,0.014872713903406418,-0.16541739732555,0.1620014449765722,-0.02878567539733959,-0.04528654666969084,-0.09440904498823174,-0.09775958191492423,-0.05068784198124136,0.05255621902545778,-0.11119232557186498,-0.11459330775476957,0.19473740127169636,0.1941296897911764
CUST_0472,Customer,0.075659421475719,0.07145000091778765,0.030109967629213197,-0.018865139176883452,-0.0409300306812007,0.040981909338970196,-0.010786092730078509,-0.014649826166531113,-0.005908691740514105,-0.0053256913603905495,0.014136828885471662,-0.011388249555192733,0.0024916453322613753,0.002281892664764703,0.09555614333137895,0.09491073430255001
CUST_0473,Customer,-0.051675388527301316,-0.0744150410545449,0.326880333617159,-0.3261668364967232,-0.04406838011843267,0.05867387667966435,0.013872010158973666,0.009213705856678158,-0.06733918454684396,-0.056769004041519834,0.02474122676110279,-0.02401870330063432,0.0800208390093396,0.07249939180971024,0.31095490195722447,0.30880472693935984
CUST_0474,Customer,0.01038076297209621,0.00991446484582494,-0.11275991141089632,0.10656912878040369,0.044908936295711986,-0.06256587918721192,0.009913711832563862,0.014372501267577931,0.0798096680625331,0.0662611487316933,0.03184287660485116,-0.026484828308344973,-0.019423854492901703,-0.011558906083772498,0.1248514681161144,0.12894757708836527
CUST_0475,Customer,-0.024142959699626876,-0.023613962224643237,-0.026400923503180823,0.023222134643180806,0.04402985855520817,-0.04126183375411263,0.027207325752528436,0.027837070587811902,0.018989247353775558,0.009264647788100912,-0.014966041610109797,0.01986137196881599,0.02287007996519291,0.013611821933265203,0.1468253836615115,0.14865446784695188
CUST_0476,Customer,0.06833423701768848,0.061888470445245626,0.11015430621544658,-0.10647613819189039,0.07517109503168437,-0.08684475502157261,-0.15489295547054258,-0.15175427008081593,-0.10985187268389718,-0.09153633101943674,0.3175614575999204,-0.31580191680088293,0.20421292722426784,0.20255353753776098,0.47381174378717955,0.47157706672301897
CUST_0477,Customer,-0.03834864953030769,-0.04237581088712708,0.06929665174243528,-0.07098713711714313,0.017754574564163073,-0.01645626114220004,0.0049981491054700376,0.006436055255357843,0.08273330380449632,0.08603158055632988,-0.006079446867308348,0.004170977990577032,0.032360707696329406,0.034308463415758994,0.05219304307089277,0.05266393970403953
CUST_0478,Customer,0.051434327237334744,0.052042881622640175,-0.0165451965665689,0.022890633597545115,0.03789864911885549,-0.038289570590049705,0.0011397658722022382,0.008207623949086687,0.01951190557049005,0.014964546651186735,0.014366328383655227,-0.013844520670203683,0.018168093128892938,0.009629319699419282,0.02908998738702477,0.03136286375245928
CUST_0479,Customer,0.19313181045005218,0.19351396719379335,0.026447912047602083,-0.004656903299805434,0.007886649721533162,-0.0005164564751225894,0.0751661574062315,0.07901881806364328,0.040321327527452926,0.05230698924829282,-0.015477036094050971,0.013307213813383073,-0.024090646311295424,-0.023220039138528947,0.09906345410621746,0.10188589012413687
CUST_0480,Customer,-0.028695029872382403,-0.012792683733593168,-0.1891285772571139,0.17101350106942095,-0.057537112963089276,0.06302990907916875,0.04874831093205323,0.04162257639281639,0.1720221951467506,0.16250701876248513,0.0968597315696635,-0.09834138718055761,-0.009226607885714026,-0.0003071508090060603,0.12853409371182067,0.12987455656519908
CUST_0481,Customer,0.02403822149354792,0.010601845034075321,0.15947949306810213,-0.16683139038287872,0.13402451608505683,-0.12695259417271995,-0.008607594811634946,-0.0007145332076046753,-0.12179261493738971,-0.11610472994321665,0.14370475451095255,-0.14219782752504279,0.037772466770329756,0.03384530138919438,0.13355187993454068,0.13245750515448834
CUST_0482,Customer,-0.15044531034657985,-0.1354346019227067,-0.14666510558743767,0.13413870622603652,0.1114787713057628,-0.1202665113011873,-0.04262839586073754,-0.038922536053576165,0.04657081582010588,0.048868811790299505,0.03770880536102692,-0.04236417593861229,0.07208573391307761,0.07431099193408298,0.0814915114150021,0.08330796146261532
CUST_0483,Customer,-0.07404400180633351,-0.07877022612231185,0.07299318448334617,-0.06568073549825337,-0.2288953395094582,0.23785070868938007,0.0622445037772093,0.04333629148058162,-0.10103489309530798,-0.0852790715485386,-0.0164170192014485,0.016623169249191622,-0.01575963561910975,-0.01744480777065587,0.15522426082072488,0.15766668174646725
CUST_0484,Customer,0.008493404415951868,-0.013718977369432893,0.2523706811171405,-0.28198890221846157,0.16316921758696684,-0.16242498222193058,-0.2564100588523231,-0.25518888090354763,-0.3491990873735708,-0.34586378964619796,0.2697887850797009,-0.26544816208818733,-0.047584926830227026,-0.058004336533706,0.2816944575885391,0.28132124782372897
CUST_0485,Customer,0.08616058637548794,0.07119718130141717,0.06243508833432336,-0.05152642634796908,0.02106877407166719,-0.04813421225038676,-0.33778860175460407,-0.3318119717874299,0.10805910199739817,0.10985912048607992,-0.0622157705092982,0.05226758239097332,-0.5324545627886097,-0.5288849231988169,0.276610569874537,0.27779191969836975
CUST_0486,Customer,-0.0007672097193161634,0.0009583589473633394,0.0030110007173513448,5.7723540275891296e-05,-0.0002443138098901014,0.0007424276885595148,0.0021059352456557004,-0.004553341742305213,-0.0026334788134294317,-0.0025778199675441627,0.0010604069431184157,-0.002740873146013964,0.001814417570706286,0.0025051092412949815,0.0029416510769820305,0.005204639786982928
CUST_0487,Customer,0.000865161200579059,0.00064722158444938,0.0013032751604913021,0.002063170416615907,-0.0016918977936505463,0.002512150089465977,-0.0024007540699552393,-6.460176440720873e-05,-0.005900038659172492,0.008016486283594429,-0.001435771347575732,-0.0012623291124738987,-0.00257991144022928,-0.0018341507861622183,0.0024108063007645284,0.005862943173314127
CUST_0488,Customer,-0.009238691190276408,-0.016567122019646496,0.10377463832083851,-0.12037772160691065,0.17958837247736417,-0.15677677870910417,0.1580790448758799,0.16608306762972572,-0.24050993794397915,-0.2476690245970642,-0.0811681731412563,0.08561369687671416,-0.09730015712243448,-0.10442884716745311,0.20032005152572877,0.1985319584459884
CUST_0489,Customer,0.07052035724041107,0.06342770126759338,0.20636735935665157,-0.19183195923424123,-0.08165918489171159,0.10118931145151988,0.15168975182356434,0.14639871788955863,0.21263665526367256,0.21472231767866387,0.015936848099473124,-0.019195157495401762,-0.060639100736352244,-0.05611571550226913,0.10483814204105486,0.10481092184094074
CUST_0490,Customer,0.04934197085368036,0.050767599490080535,-0.043864949614790226,0.058687991101823565,-0.06054245538711917,0.0547415221494534,-0.055547365308691504,-0.056216039313042115,0.05464888604275011,0.06610430115593181,-0.1295315281957383,0.12513150488491087,-0.057544478998629356,-0.05530245998232051,0.19060051534641897,0.19294980791125102
CUST_0491,Customer,-0.0022930269105563925,-0.014097956654551942,0.09713919449457226,-0.1095995208059653,0.28662905967754587,-0.3020820777351013,-0.2503258883619933,-0.2255173921123419,0.08954334901218615,0.08758974557085278,0.04761738476546835,-0.05681173859583141,-0.25099091810878643,-0.2513766756991631,0.29567510948404124,0.29316478349943115
CUST_0492,Customer,0.10015991264318008,0.09795876900121613,0.020097614852502676,-0.010347383037503233,0.033933841766587716,-0.03302325942459583,-0.018668045384776275,-0.012668674519551877,0.06614677851216971,0.05593930912331331,-0.0527479771491021,0.05215081045379227,-0.1371301540897449,-0.14562994571150012,0.0918086122244366,0.09357677014990962
CUST_0493,Customer,-0.06594631484601646,-0.07049775058887624,0.0387470552378164,-0.04764182224064701,0.06710753307378245,-0.06069277574482593,0.04291607639952321,0.04741090990206198,-0.0037755372618864186,-0.00807951159569509,-0.047370516615505585,0.04634427816628078,-0.10521163280952008,-0.1048834051036305,0.060853370972278324,0.06022066708652562
CUST_0494,Customer,-0.16126963199463396,-0.17566113023822205,0.08633489327385106,-0.11285028788912965,0.10160156094210604,-0.06697344294757175,0.4273323582540962,0.4328956538887912,0.05940156155260669,0.045104625808433725,0.0038561056758693413,0.0021242506343919013,0.038125018340338955,0.048273693330461755,0.19259112157184105,0.1954586877295247
CUST_0495,Customer,-0.05196795473727727,-0.05349213358370432,0.004382596971662025,0.003740296716152335,-0.18570194941934584,0.18740352743932887,0.022862608063162617,0.007353035029170563,-0.03969221595341689,-0.043728756654466495,0.023667248814993488,-0.02006199680196305,-0.0058123127114746865,-0.014481488880904439,0.08131803514421021,0.08332497913777115
CUST_0496,Customer,-0.30898411979301665,-0.2706477005644614,-0.40333886136835245,0.3663221224029891,0.2707985108985204,-0.29127729097658017,-0.0785244131657392,-0.05381967988510488,0.190879239151758,0.19468005147115972,0.13306666978582427,-0.14055375510073698,0.15559836297108431,0.16008543659651,0.3008816773590288,0.2990699697199405
CUST_0497,Customer,0.04288753902470016,0.03339370710823408,0.12570196247700677,-0.12252267767256943,-0.07942040389051705,0.0752723315065991,-0.20305205651036196,-0.20570595029790062,-0.11581434534011714,-0.1118803618849018,-0.5552934415942623,0.5575750089224384,0.34291236435310996,0.33512815302609833,0.23427312472541084,0.23352693992231094
CUST_0498,Customer,0.03251301625431064,0.03635859983829883,-0.059798492978807814,0.06760446806528983,-0.019612378090117736,0.011431918264647411,-0.1114931914385435,-0.10330117498116641,0.15970538418660174,0.17260084310941998,0.20432031585953672,-0.21382603027103436,0.1129016655848455,0.12260030930991249,0.25340994367659514,0.25357599439916506
CUST_0499,Customer,0.3206411689442888,0.32610063266246675,-0.0638720909481971,0.08656918574491183,0.02715452370002546,-0.022242016786179434,0.023691680991049274,0.03065689125832116,-0.025905135211231268,-0.027942382079984618,0.034130175631717725,-0.03516917032524541,0.01805170212628107,0.0196542460104275,0.1759896414116804,0.1767513569314292
CUST_0500,Customer,-0.027970107805184757,-0.02360248431833355,-0.004359161766342345,0.006027431601140541,-0.01949495908902287,0.01882629261451347,0.00551046092465108,0.0027821708368565585,0.01839976097144071,0.01725394827612426,0.0033771290735979897,-0.0025068110515977775,0.009445141691030853,0.007976548305407182,0.049794922972050105,0.05015042887320016
